ID,Time,Year,Tweet URL,Tweet Text
@realDonaldTrump,2026-04-14 06:09,2026,https://truthsocial.com/@realDonaldTrump/posts/116402983435251784,"Bruce Blakeman, the highly respected and very popular Nassau County Executive, who is running for Governor, is surging in the New York State Polls. He is one of the best politicians in the U.S. Watch him work his magic!!! President DJT Bruce Blakeman, the highly respected and very popular Nassau County Executive, who is running for Governor, is surging in the New York State Polls. He is one of the best politicians in the U.S. Watch him work his magic!!! President DJT"
@realDonaldTrump,2026-04-14 05:51,2026,https://truthsocial.com/@realDonaldTrump/posts/116402914290291580,"Alan, one of the greats, should do it! President DJThttps://justthenews.com/politics-policy/all-things-trump/alan-dershowitz-trump-could-move-expunge-2019-impeachment-after Alan, one of the greats, should do it! President DJThttps://justthenews.com/politics-policy/all-things-trump/alan-dershowitz-trump-could-move-expunge-2019-impeachment-after"
@realDonaldTrump,2026-04-13 21:23,2026,https://truthsocial.com/@realDonaldTrump/posts/116400914571664797,Alan Dershowitz: Trump could move to expunge 2019 impeachment after release of bombshell evidence: https://justthenews.com/politics-policy/all-things-trump/alan-dershowitz-trump-could-move-expunge-2019-impeachment-after Alan Dershowitz: Trump could move to expunge 2019 impeachment after release of bombshell evidence: https://justthenews.com/politics-policy/all-things-trump/alan-dershowitz-trump-could-move-expunge-2019-impeachment-after
@realDonaldTrump,2026-04-13 20:59,2026,https://truthsocial.com/@realDonaldTrump/posts/116400821187586701,Wow!!! Wow!!!
@realDonaldTrump,2026-04-13 17:04,2026,https://truthsocial.com/@realDonaldTrump/posts/116399897710782846,null
@realDonaldTrump,2026-04-13 15:11,2026,https://truthsocial.com/@realDonaldTrump/posts/116399450887993236,"Stavros Anthony has been a fantastic Lieutenant Governor for the Great People of Nevada!A Highly Respected Police Officer, Civic Leader, and Las Vegas City Council Member, and now, as a distinguished Lieutenant Governor, working with outstanding Governor Joe Lombardo, Stavros has proven he has the Courage and Wisdom to deliver strong results for the incredible people of his wonderful State and Nation. He is working hard to Grow the Economy, Cut Taxes and Regulations, Promote NO TAX ON TIPS, Advance MADE IN THE U.S.A., Unleash American Energy DOMINANCE, Champion School Choice, Keep our Border SECURE, Stop Migrant Crime, Ensure LAW AND ORDER, and Protect our always under siege Second Amendment.Stavros Anthony has my Complete and Total Endorsement for Re-Election — HE WILL NEVER LET YOU DOWN! Stavros Anthony has been a fantastic Lieutenant Governor for the Great People of Nevada! A Highly Respected Police Officer, Civic Leader, and Las Vegas City Council Member, and now, as a distinguished Lieutenant Governor, working with outstanding Governor Joe Lombardo, Stavros has proven he has the Courage and Wisdom to deliver strong results for the incredible people of his wonderful State and Nation. He is working hard to Grow the Economy, Cut Taxes and Regulations, Promote NO TAX ON TIPS, Advance MADE IN THE U.S.A., Unleash American Energy DOMINANCE, Champion School Choice, Keep our Border SECURE, Stop Migrant Crime, Ensure LAW AND ORDER, and Protect our always under siege Second Amendment. Stavros Anthony has my Complete and Total Endorsement for Re-Election — HE WILL NEVER LET YOU DOWN!"
@realDonaldTrump,2026-04-13 14:54,2026,https://truthsocial.com/@realDonaldTrump/posts/116399385880639539,"For those people that still read The Failing New York Times and, despite the fact that Iran has been totally OBLITERATED, Militarily, and otherwise, you would think that Iran is actually winning or, at the very least, doing quite well — But that’s not true, and The New York Times knows that it’s FAKE NEWS! When does this Corrupt Media Outlet apologize for their LIES and horrible actions against me, my supporters, and our Country itself! HAVE THEY NO SHAME? HAVE THEY NO SENSE OF DECENCY? President DONALD J. TRUMP For those people that still read The Failing New York Times and, despite the fact that Iran has been totally OBLITERATED, Militarily, and otherwise, you would think that Iran is actually winning or, at the very least, doing quite well — But that’s not true, and The New York Times knows that it’s FAKE NEWS! When does this Corrupt Media Outlet apologize for their LIES and horrible actions against me, my supporters, and our Country itself! HAVE THEY NO SHAME? HAVE THEY NO SENSE OF DECENCY? President DONALD J. TRUMP"
@realDonaldTrump,2026-04-13 02:10,2026,https://truthsocial.com/@realDonaldTrump/posts/116396382206568435,Trump brilliantly calls Iran’s bluff — with his own Strait of Hormuz blockade: https://nypost.com/2026/04/12/opinion/trump-brilliantly-calls-irans-bluff-with-his-own-strait-of-hormuz-blockade/ Trump brilliantly calls Iran’s bluff — with his own Strait of Hormuz blockade: https://nypost.com/2026/04/12/opinion/trump-brilliantly-calls-irans-bluff-with-his-own-strait-of-hormuz-blockade/
@realDonaldTrump,2026-04-13 00:36,2026,https://truthsocial.com/@realDonaldTrump/posts/116396012068955371,The Trump card the president holds if Iran won’t bend: a naval blockade: https://justthenews.com/government/security/trump-card-president-holds-if-iran-wont-bend-naval-blockade The Trump card the president holds if Iran won’t bend: a naval blockade: https://justthenews.com/government/security/trump-card-president-holds-if-iran-wont-bend-naval-blockade
@realDonaldTrump,2026-04-12 20:32,2026,https://truthsocial.com/@realDonaldTrump/posts/116395052461858611,null
@realDonaldTrump,2026-04-12 19:49,2026,https://truthsocial.com/@realDonaldTrump/posts/116394883403228203,DHS investigating claim about Swalwell nanny filed by conspiracy theorist: https://www.theguardian.com/us-news/2026/apr/12/dhs-investigates-eric-swalwell-brazilian-nanny DHS investigating claim about Swalwell nanny filed by conspiracy theorist: https://www.theguardian.com/us-news/2026/apr/12/dhs-investigates-eric-swalwell-brazilian-nanny
@realDonaldTrump,2026-04-12 17:09,2026,https://truthsocial.com/@realDonaldTrump/posts/116394253351977606,Congratulations to Paulo Costa on a Great UFC Fight last night in Miami. He will absolutely be a future Champion. It was great talking to him outside the ring after his Big Victory last night in Miami! President DONALD J. TRUMP Congratulations to Paulo Costa on a Great UFC Fight last night in Miami. He will absolutely be a future Champion. It was great talking to him outside the ring after his Big Victory last night in Miami! President DONALD J. TRUMP
@realDonaldTrump,2026-04-12 09:30,2026,https://truthsocial.com/@realDonaldTrump/posts/116392449978703637,"Iran promised to open the Strait of Hormuz, and they knowingly failed to do so. This caused anxiety, dislocation, and pain to many people and Countries throughout the World. They say they put mines in the water, even though all of their Navy, and most of their “mine droppers,” have been completely blown up. They may have done so, but what ship owner would want to take the chance? There is great dishonor and permanent harm to the reputation of Iran, and what’s left of their “Leaders,” but we are beyond all of that. As they promised, they better begin the process of getting this INTERNATIONAL WATERWAY OPEN AND FAST! Every Law in the book is being violated by them. I have been fully debriefed by Vice President JD Vance, Special Envoy Steve Witkoff, and Jared Kushner, on the meeting that took place in Islamabad through the kind and very competent leadership of Field Marshal Asim Munir, and Prime Minister Shehbaz Sharif, of Pakistan. They are very extraordinary men, and continuously thank me for saving 30 to 50 million lives in what would have been a horrendous War with India. I always appreciate hearing that — The amount of Humanity spoken of is incomprehensible. The meeting with Iran began early in the morning, and lasted throughout the night — Close to 20 hours. I could go into great detail, and talk about much that has been gotten but, there is only one thing that matters — IRAN IS UNWILLING TO GIVE UP ITS NUCLEAR AMBITIONS! In many ways, the points that were agreed to are better than us continuing our Military Operations to conclusion, but all of those points don’t matter compared to allowing Nuclear Power to be in the hands of such volatile, difficult, unpredictable people. My three Representatives, as all of this time went by, became, not surprisingly, very friendly and respectful of Iran’s Representatives, Mohammad-Bagher Ghalibaf, Abbas Araghchi, and Ali Bagheri, but that doesn’t matter because they were very unyielding as to the single most important issue and, as I have always said, right from the beginning, and many years ago, IRAN WILL NEVER HAVE A NUCLEAR WEAPON! Iran promised to open the Strait of Hormuz, and they knowingly failed to do so. This caused anxiety, dislocation, and pain to many people and Countries throughout the World. They say they put mines in the water, even though all of their Navy, and most of their “mine droppers,” have been completely blown up. They may have done so, but what ship owner would want to take the chance? There is great dishonor and permanent harm to the reputation of Iran, and what’s left of their “Leaders,” but we are beyond all of that. As they promised, they better begin the process of getting this INTERNATIONAL WATERWAY OPEN AND FAST! Every Law in the book is being violated by them. I have been fully debriefed by Vice President JD Vance, Special Envoy Steve Witkoff, and Jared Kushner, on the meeting that took place in Islamabad through the kind and very competent leadership of Field Marshal Asim Munir, and Prime Minister Shehbaz Sharif, of Pakistan. They are very extraordinary men, and continuously thank me for saving 30 to 50 million lives in what would have been a horrendous War with India. I always appreciate hearing that — The amount of Humanity spoken of is incomprehensible. The meeting with Iran began early in the morning, and lasted throughout the night — Close to 20 hours. I could go into great detail, and talk about much that has been gotten but, there is only one thing that matters — IRAN IS UNWILLING TO GIVE UP ITS NUCLEAR AMBITIONS! In many ways, the points that were agreed to are better than us continuing our Military Operations to conclusion, but all of those points don’t matter compared to allowing Nuclear Power to be in the hands of such volatile, difficult, unpredictable people. My three Representatives, as all of this time went by, became, not surprisingly, very friendly and respectful of Iran’s Representatives, Mohammad-Bagher Ghalibaf, Abbas Araghchi, and Ali Bagheri, but that doesn’t matter because they were very unyielding as to the single most important issue and, as I have always said, right from the beginning, and many years ago, IRAN WILL NEVER HAVE A NUCLEAR WEAPON!"
@realDonaldTrump,2026-04-11 22:52,2026,https://truthsocial.com/@realDonaldTrump/posts/116389941415211064,null
@realDonaldTrump,2026-04-11 22:49,2026,https://truthsocial.com/@realDonaldTrump/posts/116389926695146999,null
@realDonaldTrump,2026-04-11 22:16,2026,https://truthsocial.com/@realDonaldTrump/posts/116389798405349626,The Trump card the president holds if Iran won’t bend: a naval blockade: https://justthenews.com/government/security/trump-card-president-holds-if-iran-wont-bend-naval-blockade The Trump card the president holds if Iran won’t bend: a naval blockade: https://justthenews.com/government/security/trump-card-president-holds-if-iran-wont-bend-naval-blockade
@realDonaldTrump,2026-04-11 17:36,2026,https://truthsocial.com/@realDonaldTrump/posts/116388699619594013,null
@realDonaldTrump,2026-04-11 15:01,2026,https://truthsocial.com/@realDonaldTrump/posts/116388088422208563,"From Newt Gingrich: “Seth Keshel, the best student of voter registration in the country just reported that ‘First time in history GOP leads registration - now R +2k. 107k right of the 2024 election when Trump won by 3.2% What this means is transplants are overwhelmingly R.’” From Newt Gingrich: “Seth Keshel, the best student of voter registration in the country just reported that ‘First time in history GOP leads registration - now R +2k. 107k right of the 2024 election when Trump won by 3.2% What this means is transplants are overwhelmingly R.’”"
@realDonaldTrump,2026-04-11 12:30,2026,https://truthsocial.com/@realDonaldTrump/posts/116387494976973956,null
@realDonaldTrump,2026-04-11 06:46,2026,https://truthsocial.com/@realDonaldTrump/posts/116386141086849907,"Heading to Virginia for meetings at Trump National. I can’t believe what this new Governor, Spanberger, has done to the Commonwealth — So sad! She is adding so many Taxes, a Food and Beverage Tax, Digital Services Tax, Utilities Tax, and more. It has lost its Energy, Vitality, and Strength. People are leaving that would never have even thought of doing so! New companies that signed to come into the Commonwealth under Governor Youngkin are now looking for ways to get out — Break their Deal. It all happened so fast! This went from a thriving and powerful place, one envied by all, to a Commonwealth run by a person who has no concept of Low Taxes and Economic Strength. People that voted for Spanberger are saying to themselves, “Why did I do that, what have I done?” We have a similar situation in New York and, most of all, in California, where Rich, Job Producing people and companies are being forced to FLEE at levels never seen before. The Tax Base in California is literally disappearing, as some of the richest people and companies in the World have no choice but to leave. They want to put on a Wealth Tax, which gives them absolutely no alternative — As President of the United States, I am embarrassed to watch the Destruction of once Great and Thriving States! These politicians are all sinking in the Polls, but that doesn’t help because they will create Trillions of Dollars worth of Destruction — Incalculable amounts. Remember, once people and companies leave, they are never coming back! President DONALD J. TRUMP Heading to Virginia for meetings at Trump National. I can’t believe what this new Governor, Spanberger, has done to the Commonwealth — So sad! She is adding so many Taxes, a Food and Beverage Tax, Digital Services Tax, Utilities Tax, and more. It has lost its Energy, Vitality, and Strength. People are leaving that would never have even thought of doing so! New companies that signed to come into the Commonwealth under Governor Youngkin are now looking for ways to get out — Break their Deal. It all happened so fast! This went from a thriving and powerful place, one envied by all, to a Commonwealth run by a person who has no concept of Low Taxes and Economic Strength. People that voted for Spanberger are saying to themselves, “Why did I do that, what have I done?” We have a similar situation in New York and, most of all, in California, where Rich, Job Producing people and companies are being forced to FLEE at levels never seen before. The Tax Base in California is literally disappearing, as some of the richest people and companies in the World have no choice but to leave. They want to put on a Wealth Tax, which gives them absolutely no alternative — As President of the United States, I am embarrassed to watch the Destruction of once Great and Thriving States! These politicians are all sinking in the Polls, but that doesn’t help because they will create Trillions of Dollars worth of Destruction — Incalculable amounts. Remember, once people and companies leave, they are never coming back! President DONALD J. TRUMP"
@realDonaldTrump,2026-04-11 07:07,2026,https://truthsocial.com/@realDonaldTrump/posts/116386222716690641,"I am watching fertilizer prices CLOSELY during our FIGHT FOR FREEDOM in Iran. The United States will not accept PRICE GOUGING from the fertilizer monopoly! American Farmers, we have your back! President DONALD J. TRUMP I am watching fertilizer prices CLOSELY during our FIGHT FOR FREEDOM in Iran. The United States will not accept PRICE GOUGING from the fertilizer monopoly! American Farmers, we have your back! President DONALD J. TRUMP"
@realDonaldTrump,2026-04-11 06:22,2026,https://truthsocial.com/@realDonaldTrump/posts/116386046419532399,null
@realDonaldTrump,2026-04-11 05:30,2026,https://truthsocial.com/@realDonaldTrump/posts/116385843841281126,"Massive numbers of completely empty oil tankers, some of the largest anywhere in the World, are heading, right now, to the United States to load up with the best and “sweetest” oil (and gas!) anywhere in the World. We have more oil than the next two largest oil economies combined - and higher quality. We are waiting for you. Quick turnaround! President DJT Massive numbers of completely empty oil tankers, some of the largest anywhere in the World, are heading, right now, to the United States to load up with the best and “sweetest” oil (and gas!) anywhere in the World. We have more oil than the next two largest oil economies combined - and higher quality. We are waiting for you. Quick turnaround! President DJT"
@realDonaldTrump,2026-04-10 22:01,2026,https://truthsocial.com/@realDonaldTrump/posts/116384077225474834,GREAT!!! GREAT!!!
@realDonaldTrump,2026-04-10 19:00,2026,https://truthsocial.com/@realDonaldTrump/posts/116383366460984028,"Congratulations to the Great and Very Talented Crew of Artemis II. The entire trip was spectacular, the landing was perfect and, as President of the United States, I could not be more proud! I look forward to seeing you all at the White House soon. We’ll be doing it again and then, next step, Mars! President DONALD J. TRUMP Congratulations to the Great and Very Talented Crew of Artemis II. The entire trip was spectacular, the landing was perfect and, as President of the United States, I could not be more proud! I look forward to seeing you all at the White House soon. We’ll be doing it again and then, next step, Mars! President DONALD J. TRUMP"
@realDonaldTrump,2026-04-10 16:07,2026,https://truthsocial.com/@realDonaldTrump/posts/116382683954564544,"I am pleased to announce that TODAY my Administration officially filed the presentation and plans to the highly respected Commission of Fine Arts for what will be the GREATEST and MOST BEAUTIFUL Triumphal Arch, anywhere in the World. This will be a wonderful addition to the Washington D.C. area for all Americans to enjoy for many decades to come! President DONALD J. TRUMP I am pleased to announce that TODAY my Administration officially filed the presentation and plans to the highly respected Commission of Fine Arts for what will be the GREATEST and MOST BEAUTIFUL Triumphal Arch, anywhere in the World. This will be a wonderful addition to the Washington D.C. area for all Americans to enjoy for many decades to come! President DONALD J. TRUMP"
@realDonaldTrump,2026-04-10 14:17,2026,https://truthsocial.com/@realDonaldTrump/posts/116382254441825770,"James Blair, my Deputy Chief of Staff, is one of the brightest political minds in the Country who has done tremendous work to prepare Republicans to DEFY LONGSTANDING HISTORY AND WIN the Midterms, just as he helped me do in 2024, BY A LANDSLIDE. James never wavered from the fight because he is a Political WARRIOR! Now, James will be taking a short leave of absence to lead the charge from the outside against the Radical Left, Country Destroying Democrats. He will do a fantastic job, and then, after the Election, return again to the White House, so we can finish the job and, KEEP AMERICA GREAT! President DONALD J. TRUMP James Blair, my Deputy Chief of Staff, is one of the brightest political minds in the Country who has done tremendous work to prepare Republicans to DEFY LONGSTANDING HISTORY AND WIN the Midterms, just as he helped me do in 2024, BY A LANDSLIDE. James never wavered from the fight because he is a Political WARRIOR! Now, James will be taking a short leave of absence to lead the charge from the outside against the Radical Left, Country Destroying Democrats. He will do a fantastic job, and then, after the Election, return again to the White House, so we can finish the job and, KEEP AMERICA GREAT! President DONALD J. TRUMP"
@realDonaldTrump,2026-04-10 13:44,2026,https://truthsocial.com/@realDonaldTrump/posts/116382124929663354,"Mike Hilgers has been a fantastic Attorney General of Nebraska, a place I love and WON BIG, six times, including Primaries, in 2016, 2020, and 2024! A Highly Respected Entrepreneur, Civic Leader, and Speaker of the Nebraska Legislature, prior to becoming a distinguished Attorney General, Mike has dedicated his life to serving his Community. A true MAGA Warrior, Mike knows the Wisdom and Courage it takes to ensure LAW AND ORDER, advocate for our Heroes in Law Enforcement, and strongly support our Military and Veterans. Mike is also relentlessly focused on helping us to Grow the Economy, Promote our Amazing Farmers and Ranchers, Safeguard our Elections, Stop Migrant Crime, Keep Men out of Women’s Sports, and Defend our always under siege Second Amendment. Mike Hilgers has my Complete and Total Endorsement for Re-Election – HE WILL NEVER LET YOU DOWN! Mike Hilgers has been a fantastic Attorney General of Nebraska, a place I love and WON BIG, six times, including Primaries, in 2016, 2020, and 2024! A Highly Respected Entrepreneur, Civic Leader, and Speaker of the Nebraska Legislature, prior to becoming a distinguished Attorney General, Mike has dedicated his life to serving his Community. A true MAGA Warrior, Mike knows the Wisdom and Courage it takes to ensure LAW AND ORDER, advocate for our Heroes in Law Enforcement, and strongly support our Military and Veterans. Mike is also relentlessly focused on helping us to Grow the Economy, Promote our Amazing Farmers and Ranchers, Safeguard our Elections, Stop Migrant Crime, Keep Men out of Women’s Sports, and Defend our always under siege Second Amendment. Mike Hilgers has my Complete and Total Endorsement for Re-Election – HE WILL NEVER LET YOU DOWN!"
@realDonaldTrump,2026-04-10 13:39,2026,https://truthsocial.com/@realDonaldTrump/posts/116382105271047123,"Congressman Rudy Yakym is a Fantastic Advocate for Indiana’s 2nd Congressional District! As a Member of the POWERFUL House Ways & Means Committee, Rudy knows the America First Policies required to Create GREAT Jobs, Cut Taxes and Regulations, Unleash American Energy DOMINANCE, Promote MADE IN THE U.S.A., and Champion our Nation’s Golden Age. He is also fighting tirelessly to Keep our Border SECURE, Stop Migrant Crime, Support our Brave Military/Veterans, Advance Election Integrity, and Defend our always under siege Second Amendment. Rudy Yakym has my Complete and Total Endorsement for Re-Election — HE WILL NEVER LET YOU DOWN! Congressman Rudy Yakym is a Fantastic Advocate for Indiana’s 2nd Congressional District! As a Member of the POWERFUL House Ways & Means Committee, Rudy knows the America First Policies required to Create GREAT Jobs, Cut Taxes and Regulations, Unleash American Energy DOMINANCE, Promote MADE IN THE U.S.A., and Champion our Nation’s Golden Age. He is also fighting tirelessly to Keep our Border SECURE, Stop Migrant Crime, Support our Brave Military/Veterans, Advance Election Integrity, and Defend our always under siege Second Amendment. Rudy Yakym has my Complete and Total Endorsement for Re-Election — HE WILL NEVER LET YOU DOWN!"
@realDonaldTrump,2026-04-10 08:32,2026,https://truthsocial.com/@realDonaldTrump/posts/116380894672815869,Palantir Technologies (PLTR) has proven to have great war fighting capabilities and equipment. Just ask our enemies!!! President DJT Palantir Technologies (PLTR) has proven to have great war fighting capabilities and equipment. Just ask our enemies!!! President DJT
@realDonaldTrump,2026-04-10 07:31,2026,https://truthsocial.com/@realDonaldTrump/posts/116380657463593385,WORLD’S MOST POWERFUL RESET!!! President DJT WORLD’S MOST POWERFUL RESET!!! President DJT
@realDonaldTrump,2026-04-09 23:15,2026,https://truthsocial.com/@realDonaldTrump/posts/116378705268992787,"Trump upends China’s lucrative sanctioned oil import scheme after Iran, Venezuela interventions: https://justthenews.com/government/diplomacy/trump-upends-chinas-lucrative-sanctioned-oil-import-scheme-after-iran Trump upends China’s lucrative sanctioned oil import scheme after Iran, Venezuela interventions: https://justthenews.com/government/diplomacy/trump-upends-chinas-lucrative-sanctioned-oil-import-scheme-after-iran"
@realDonaldTrump,2026-04-09 17:49,2026,https://truthsocial.com/@realDonaldTrump/posts/116377422440266990,"An Illegal Alien Criminal from Haiti, who was released into our Country by the WORST President in History, Crooked Joe Biden, and the Radical Democrats in Congress, just beat an innocent woman to death with a hammer at a gas station in Florida. The video of her brutal slaying is one of the most vicious things you will ever see. This animal was allowed to stay here because the Biden Administration granted him, and all Haitians, “Temporary Protective Status,” a massively abused and fraudulent program which my Administration is working to terminate, but Deranged Liberal District Court Judges are standing in our way. This one killing should be enough for these Radical Judges to STOP impeding my Administration’s Immigration Policies, and allow us to END THIS SCAM ONCE AND FOR ALL. To my fellow Republicans, and frankly all Common Sense Americans, NEVER FORGET that Joe Biden and the Democrat Party turned the United States of America into a dumping ground, allowing Tens of MILLIONS of Criminals, Lunatics, and the Mentally Insane from all over the World to pour into our Country, totally unvetted and unchecked through our wide Open Borders. As I’ve said all along, if you import the Third World, you become the Third World, and that is what happened over the four years of Democrat Control. We are rapidly trying to reverse this decline through Deportations, but if the Democrats are ever given another chance at power, they will immediately REOPEN the Border, and allow America to once again be a Safe Haven for Criminals. Please say a prayer for this innocent woman’s family. We will ensure quick and severe JUSTICE is served in this case! I don’t recommend you watch this tape, because it is so terrible, but felt I had an obligation to put it up so that people can see what Democrats are protecting, and wanting to come into our Country, even now, after all we’ve been through. Again, viewer discretion advised — Not for children! President DONALD J. TRUMP An Illegal Alien Criminal from Haiti, who was released into our Country by the WORST President in History, Crooked Joe Biden, and the Radical Democrats in Congress, just beat an innocent woman to death with a hammer at a gas station in Florida. The video of her brutal slaying is one of the most vicious things you will ever see. This animal was allowed to stay here because the Biden Administration granted him, and all Haitians, “Temporary Protective Status,” a massively abused and fraudulent program which my Administration is working to terminate, but Deranged Liberal District Court Judges are standing in our way. This one killing should be enough for these Radical Judges to STOP impeding my Administration’s Immigration Policies, and allow us to END THIS SCAM ONCE AND FOR ALL. To my fellow Republicans, and frankly all Common Sense Americans, NEVER FORGET that Joe Biden and the Democrat Party turned the United States of America into a dumping ground, allowing Tens of MILLIONS of Criminals, Lunatics, and the Mentally Insane from all over the World to pour into our Country, totally unvetted and unchecked through our wide Open Borders. As I’ve said all along, if you import the Third World, you become the Third World, and that is what happened over the four years of Democrat Control. We are rapidly trying to reverse this decline through Deportations, but if the Democrats are ever given another chance at power, they will immediately REOPEN the Border, and allow America to once again be a Safe Haven for Criminals. Please say a prayer for this innocent woman’s family. We will ensure quick and severe JUSTICE is served in this case! I don’t recommend you watch this tape, because it is so terrible, but felt I had an obligation to put it up so that people can see what Democrats are protecting, and wanting to come into our Country, even now, after all we’ve been through. Again, viewer discretion advised — Not for children! President DONALD J. TRUMP"
@realDonaldTrump,2026-04-09 17:34,2026,https://truthsocial.com/@realDonaldTrump/posts/116377366086619888,"My friend, Congresswoman Elise Stefanik, of New York, has written a new book, ""POISONED IVIES: The Inside Account of the Academic and Moral Rot at America’s Elite Universities."" There is nobody more qualified to speak on this important subject than Elise, who totally exposed the Crooked Former Presidents of Harvard, UPenn, and MIT, in a Congressional Hearing that was seen and heard around the World. Elise is strong, smart, and tough. Order her book today: https://www.amazon.com/dp/1668087537/ref=cm_sw_r_as_gl_api_gl_i_F1HP3EQ4PA3662DXX9QF?linkCode=ml1&tag=elisestefanik-20&linkId=5c58a09e0bbc53374caf5377b4c777d3 My friend, Congresswoman Elise Stefanik, of New York, has written a new book, ""POISONED IVIES: The Inside Account of the Academic and Moral Rot at America’s Elite Universities."" There is nobody more qualified to speak on this important subject than Elise, who totally exposed the Crooked Former Presidents of Harvard, UPenn, and MIT, in a Congressional Hearing that was seen and heard around the World. Elise is strong, smart, and tough. Order her book today: https://www.amazon.com/dp/1668087537/ref=cm_sw_r_as_gl_api_gl_i_F1HP3EQ4PA3662DXX9QF?linkCode=ml1&tag=elisestefanik-20&linkId=5c58a09e0bbc53374caf5377b4c777d3"
@realDonaldTrump,2026-04-09 16:29,2026,https://truthsocial.com/@realDonaldTrump/posts/116377109535639790,"Iran is doing a very poor job, dishonorable some would say, of allowing Oil to go through the Strait of Hormuz. That is not the agreement we have! President DONALD J. TRUMP Iran is doing a very poor job, dishonorable some would say, of allowing Oil to go through the Strait of Hormuz. That is not the agreement we have! President DONALD J. TRUMP"
@realDonaldTrump,2026-04-09 15:43,2026,https://truthsocial.com/@realDonaldTrump/posts/116376930602843706,"President Donald J. Trump and Secretary of the Interior, Doug Burgum, are proud to be fixing the once beautiful Reflecting Pool between The Washington Monument and The Lincoln Memorial. We were told it was going to take YEARS to do this job, and it will take a fraction of that time, at a fraction of the cost — and it will be much more beautiful than the day it was built! President DONALD J. TRUMP President Donald J. Trump and Secretary of the Interior, Doug Burgum, are proud to be fixing the once beautiful Reflecting Pool between The Washington Monument and The Lincoln Memorial. We were told it was going to take YEARS to do this job, and it will take a fraction of that time, at a fraction of the cost — and it will be much more beautiful than the day it was built! President DONALD J. TRUMP"
@realDonaldTrump,2026-04-09 15:28,2026,https://truthsocial.com/@realDonaldTrump/posts/116376868752554780,"The Wall Street Journal, one of the worst and most inaccurate “Editorial Boards” in the World, stated that I “declared premature victory in Iran.” Actually, it is a Victory, and there’s nothing “premature” about it! Because of me, IRAN WILL NEVER HAVE A NUCLEAR WEAPON and, very quickly, you’ll see Oil start flowing, with or without the help of Iran and, to me, it makes no difference, either way. The Wall Street Journal will, as usual, live to eat their words. They are always quick to criticize, but never to admit when they’re wrong, which is most of the time! President DONALD J. TRUMP The Wall Street Journal, one of the worst and most inaccurate “Editorial Boards” in the World, stated that I “declared premature victory in Iran.” Actually, it is a Victory, and there’s nothing “premature” about it! Because of me, IRAN WILL NEVER HAVE A NUCLEAR WEAPON and, very quickly, you’ll see Oil start flowing, with or without the help of Iran and, to me, it makes no difference, either way. The Wall Street Journal will, as usual, live to eat their words. They are always quick to criticize, but never to admit when they’re wrong, which is most of the time! President DONALD J. TRUMP"
@realDonaldTrump,2026-04-09 15:08,2026,https://truthsocial.com/@realDonaldTrump/posts/116376791555549648,"There are reports that Iran is charging fees to tankers going through the Hormuz Strait — They better not be and, if they are, they better stop now! President DONALD J. TRUMP There are reports that Iran is charging fees to tankers going through the Hormuz Strait — They better not be and, if they are, they better stop now! President DONALD J. TRUMP"
@realDonaldTrump,2026-04-09 14:28,2026,https://truthsocial.com/@realDonaldTrump/posts/116376634773749603,"I know why Tucker Carlson, Megyn Kelly, Candace Owens, and Alex Jones have all been fighting me for years, especially by the fact that they think it is wonderful for Iran, the Number One State Sponsor of Terror, to have a Nuclear Weapon — Because they have one thing in common, Low IQs. They’re stupid people, they know it, their families know it, and everyone else knows it, too! Look at their past, look at their record. They don’t have what it takes, and they never did! They’ve all been thrown off Television, lost their Shows, and aren’t even invited on TV because nobody cares about them, they’re NUT JOBS, TROUBLEMAKERS, and will say anything necessary for some “free” and cheap publicity. Now they think they get some “clicks” because they have Third Rate Podcasts, but nobody’s talking about them, and their views are the opposite of MAGA — Or I wouldn’t have won the Presidential Election in a LANDSLIDE. MAGA agrees with me, and just gave CNN a 100% Approval Rating of “TRUMP,” not Hand Flailing Fools like Tucker Carlson, who couldn’t even finish College, he was a broken man when he got fired from Fox, and he’s never been the same — Perhaps he should see a good psychiatrist! Or Megyn Kelly, who nastily asked me the now famous, “Only Rosie O’Donnell,” question, or “Crazy” Candace Owens, who accuses the Highly Respected First Lady of France of being a man, when she is not, and will hopefully win lots of money in the ongoing lawsuit. Actually, to me, the First Lady of France is a far more beautiful woman than Candace, in fact, it’s not even close! Or Bankrupt Alex Jones, who says some of the dumbest things, and lost his entire fortune, as he should have, for his horrendous attack on the families of the Sandy Hook shooting victims, ridiculously claiming it was a hoax. These so-called “pundits” are LOSERS, and they always will be! Now Fake News CNN, The Failing New York Times, and all of the other Radical Left “News” Organizations, are “hailing” them, and giving them “positive” press for the first time in their lives. They’re not “MAGA,” they’re losers, just trying to latch on to MAGA. As President, I could get them on my side anytime I want to, but when they call, I don’t return their calls because I’m too busy on World and Country Affairs and, after a few times, they go “nasty,” just like Marjorie “Traitor” Brown, but I no longer care about that stuff, I only care about doing right for our Country. MAGA is about WINNING and STRENGTH in not allowing Iran to have Nuclear Weapons. MAGA is about MAKING AMERICA GREAT AGAIN, and these people have no idea how to do that, BUT I DO, because THE UNITED STATES IS NOW THE “HOTTEST” COUNTRY ANYWHERE IN THE WORLD! President DONALD J. TRUMP I know why Tucker Carlson, Megyn Kelly, Candace Owens, and Alex Jones have all been fighting me for years, especially by the fact that they think it is wonderful for Iran, the Number One State Sponsor of Terror, to have a Nuclear Weapon — Because they have one thing in common, Low IQs. They’re stupid people, they know it, their families know it, and everyone else knows it, too! Look at their past, look at their record. They don’t have what it takes, and they never did! They’ve all been thrown off Television, lost their Shows, and aren’t even invited on TV because nobody cares about them, they’re NUT JOBS, TROUBLEMAKERS, and will say anything necessary for some “free” and cheap publicity. Now they think they get some “clicks” because they have Third Rate Podcasts, but nobody’s talking about them, and their views are the opposite of MAGA — Or I wouldn’t have won the Presidential Election in a LANDSLIDE. MAGA agrees with me, and just gave CNN a 100% Approval Rating of “TRUMP,” not Hand Flailing Fools like Tucker Carlson, who couldn’t even finish College, he was a broken man when he got fired from Fox, and he’s never been the same — Perhaps he should see a good psychiatrist! Or Megyn Kelly, who nastily asked me the now famous, “Only Rosie O’Donnell,” question, or “Crazy” Candace Owens, who accuses the Highly Respected First Lady of France of being a man, when she is not, and will hopefully win lots of money in the ongoing lawsuit. Actually, to me, the First Lady of France is a far more beautiful woman than Candace, in fact, it’s not even close! Or Bankrupt Alex Jones, who says some of the dumbest things, and lost his entire fortune, as he should have, for his horrendous attack on the families of the Sandy Hook shooting victims, ridiculously claiming it was a hoax. These so-called “pundits” are LOSERS, and they always will be! Now Fake News CNN, The Failing New York Times, and all of the other Radical Left “News” Organizations, are “hailing” them, and giving them “positive” press for the first time in their lives. They’re not “MAGA,” they’re losers, just trying to latch on to MAGA. As President, I could get them on my side anytime I want to, but when they call, I don’t return their calls because I’m too busy on World and Country Affairs and, after a few times, they go “nasty,” just like Marjorie “Traitor” Brown, but I no longer care about that stuff, I only care about doing right for our Country. MAGA is about WINNING and STRENGTH in not allowing Iran to have Nuclear Weapons. MAGA is about MAKING AMERICA GREAT AGAIN, and these people have no idea how to do that, BUT I DO, because THE UNITED STATES IS NOW THE “HOTTEST” COUNTRY ANYWHERE IN THE WORLD! President DONALD J. TRUMP"
@realDonaldTrump,2026-04-08 20:56,2026,https://truthsocial.com/@realDonaldTrump/posts/116372497116210545,The Failing New York Times and Fake News CNN each reported a totally FAKE TEN POINT PLAN on the Iran negotiations which was meant to discredit the people involved in the peace process. All ten points were a made up HOAX - EVIL LOSERS!!! MAKE AMERICA GREAT AGAIN The Failing New York Times and Fake News CNN each reported a totally FAKE TEN POINT PLAN on the Iran negotiations which was meant to discredit the people involved in the peace process. All ten points were a made up HOAX - EVIL LOSERS!!! MAKE AMERICA GREAT AGAIN
@realDonaldTrump,2026-04-08 17:31,2026,https://truthsocial.com/@realDonaldTrump/posts/116371693008302124,"NATO WASN’T THERE WHEN WE NEEDED THEM, AND THEY WON’T BE THERE IF WE NEED THEM AGAIN. REMEMBER GREENLAND, THAT BIG, POORLY RUN, PIECE OF ICE!!! President DJT NATO WASN’T THERE WHEN WE NEEDED THEM, AND THEY WON’T BE THERE IF WE NEED THEM AGAIN. REMEMBER GREENLAND, THAT BIG, POORLY RUN, PIECE OF ICE!!! President DJT"
@realDonaldTrump,2026-04-08 05:30,2026,https://truthsocial.com/@realDonaldTrump/posts/116368854361048135,"A Country supplying Military Weapons to Iran will be immediately tariffed, on any and all goods sold to the United States of America, 50%, effective immediately. There will be no exclusions or exemptions! President DJT A Country supplying Military Weapons to Iran will be immediately tariffed, on any and all goods sold to the United States of America, 50%, effective immediately. There will be no exclusions or exemptions! President DJT"
@realDonaldTrump,2026-04-08 05:22,2026,https://truthsocial.com/@realDonaldTrump/posts/116368825638596650,"The United States will work closely with Iran, which we have determined has gone through what will be a very productive Regime Change! There will be no enrichment of Uranium, and the United States will, working with Iran, dig up and remove all of the deeply buried (B-2 Bombers) Nuclear “Dust.” It is now, and has been, under very exacting Satellite Surveillance (Space Force!). Nothing has been touched from the date of attack. We are, and will be, talking Tariff and Sanctions relief with Iran. Many of the 15 points have already been been agreed to. Thank you for your attention to this matter. President DONALD J. TRUMP The United States will work closely with Iran, which we have determined has gone through what will be a very productive Regime Change! There will be no enrichment of Uranium, and the United States will, working with Iran, dig up and remove all of the deeply buried (B-2 Bombers) Nuclear “Dust.” It is now, and has been, under very exacting Satellite Surveillance (Space Force!). Nothing has been touched from the date of attack. We are, and will be, talking Tariff and Sanctions relief with Iran. Many of the 15 points have already been been agreed to. Thank you for your attention to this matter. President DONALD J. TRUMP"
@realDonaldTrump,2026-04-07 21:41,2026,https://truthsocial.com/@realDonaldTrump/posts/116367011501074973,https://truthsocial.com/@epaleezeldin/116293314492137728 https://truthsocial.com/@epaleezeldin/116293314492137728
@realDonaldTrump,2026-04-07 21:39,2026,https://truthsocial.com/@realDonaldTrump/posts/116367005523554168,"No one can believe that Fake News CNN put out a knowingly false and dangerous statement pretending it came from the upper levels of the Iranian Government. It didn’t! It was totally made up and posted, as a headline, for purpose of, perhaps, inflaming a very delicate situation. It was a new, trouble making site from Nigeria, and CNN just got caught cheating - A very dangerous thing to do! No one can believe that Fake News CNN put out a knowingly false and dangerous statement pretending it came from the upper levels of the Iranian Government. It didn’t! It was totally made up and posted, as a headline, for purpose of, perhaps, inflaming a very delicate situation. It was a new, trouble making site from Nigeria, and CNN just got caught cheating - A very dangerous thing to do!"
@realDonaldTrump,2026-04-07 16:32,2026,https://truthsocial.com/@realDonaldTrump/posts/116365796713313030,"Based on conversations with Prime Minister Shehbaz Sharif and Field Marshal Asim Munir, of Pakistan, and wherein they requested that I hold off the destructive force being sent tonight to Iran, and subject to the Islamic Republic of Iran agreeing to the COMPLETE, IMMEDIATE, and SAFE OPENING of the Strait of Hormuz, I agree to suspend the bombing and attack of Iran for a period of two weeks. This will be a double sided CEASEFIRE! The reason for doing so is that we have already met and exceeded all Military objectives, and are very far along with a definitive Agreement concerning Longterm PEACE with Iran, and PEACE in the Middle East. We received a 10 point proposal from Iran, and believe it is a workable basis on which to negotiate. Almost all of the various points of past contention have been agreed to between the United States and Iran, but a two week period will allow the Agreement to be finalized and consummated. On behalf of the United States of America, as President, and also representing the Countries of the Middle East, it is an Honor to have this Longterm problem close to resolution. Thank you for your attention to this matter! President DONALD J. TRUMP Based on conversations with Prime Minister Shehbaz Sharif and Field Marshal Asim Munir, of Pakistan, and wherein they requested that I hold off the destructive force being sent tonight to Iran, and subject to the Islamic Republic of Iran agreeing to the COMPLETE, IMMEDIATE, and SAFE OPENING of the Strait of Hormuz, I agree to suspend the bombing and attack of Iran for a period of two weeks. This will be a double sided CEASEFIRE! The reason for doing so is that we have already met and exceeded all Military objectives, and are very far along with a definitive Agreement concerning Longterm PEACE with Iran, and PEACE in the Middle East. We received a 10 point proposal from Iran, and believe it is a workable basis on which to negotiate. Almost all of the various points of past contention have been agreed to between the United States and Iran, but a two week period will allow the Agreement to be finalized and consummated. On behalf of the United States of America, as President, and also representing the Countries of the Middle East, it is an Honor to have this Longterm problem close to resolution. Thank you for your attention to this matter! President DONALD J. TRUMP"
@realDonaldTrump,2026-04-07 14:27,2026,https://truthsocial.com/@realDonaldTrump/posts/116365303932078350,"It is my Great Honor to endorse Dr. Brian Schmutzler, a MAGA Warrior and REAL Republican running for Indiana's 11th State Senate District, against RINO incumbent Linda Rogers! A Proven Leader, Brian serves his Community as a Highly Respected Anesthesiologist and Medical Director. In the State Senate, he will fight tirelessly to Protect ""Hoosier"" Values, Grow our Economy, Cut Taxes and Regulations, Promote MADE IN THE U.S.A., Champion American Energy DOMINANCE, Stop Migrant Crime, Strengthen our Military/Veterans, Advance Election Integrity, Promote School Choice, and Defend our always under siege Second Amendment. Dr. Brian Schmutzler has my Complete and Total Endorsement to be the next State Senator from Indiana's 11th Senate District. Unlike incumbent Linda Rogers, a “RINO” LOSER who has failed the wonderful people of Indiana so badly, DR. BRIAN SCHMUTZLER IS A WINNER WHO WILL NEVER LET YOU DOWN! It is my Great Honor to endorse Dr. Brian Schmutzler, a MAGA Warrior and REAL Republican running for Indiana's 11th State Senate District, against RINO incumbent Linda Rogers! A Proven Leader, Brian serves his Community as a Highly Respected Anesthesiologist and Medical Director. In the State Senate, he will fight tirelessly to Protect ""Hoosier"" Values, Grow our Economy, Cut Taxes and Regulations, Promote MADE IN THE U.S.A., Champion American Energy DOMINANCE, Stop Migrant Crime, Strengthen our Military/Veterans, Advance Election Integrity, Promote School Choice, and Defend our always under siege Second Amendment. Dr. Brian Schmutzler has my Complete and Total Endorsement to be the next State Senator from Indiana's 11th Senate District. Unlike incumbent Linda Rogers, a “RINO” LOSER who has failed the wonderful people of Indiana so badly, DR. BRIAN SCHMUTZLER IS A WINNER WHO WILL NEVER LET YOU DOWN!"
@realDonaldTrump,2026-04-07 14:23,2026,https://truthsocial.com/@realDonaldTrump/posts/116365290884513075,"State Senator Jim Tomes is an America First Patriot who is doing an incredible job representing Indiana’s 49th State Senate District! A Brave U.S. Army Vietnam Veteran, and Chairman of the Indiana Senate Committee on Veterans Affairs and the Military, Jim knows the Wisdom and Courage required to Defend our Country, Support our Military/Veterans, and Ensure PEACE THROUGH STRENGTH. In the State Senate, he is fighting tirelessly to Protect “Hoosier” Values, Stop Migrant Crime, Grow our Economy, Cut Taxes and Regulations, Unleash American Energy DOMINANCE, Promote MADE IN THE U.S.A., Safeguard our Elections, and Defend our always under siege Second Amendment. Jim Tomes has my Complete and Total Endorsement for Re-Election — HE WILL NEVER LET YOU DOWN! State Senator Jim Tomes is an America First Patriot who is doing an incredible job representing Indiana’s 49th State Senate District! A Brave U.S. Army Vietnam Veteran, and Chairman of the Indiana Senate Committee on Veterans Affairs and the Military, Jim knows the Wisdom and Courage required to Defend our Country, Support our Military/Veterans, and Ensure PEACE THROUGH STRENGTH. In the State Senate, he is fighting tirelessly to Protect “Hoosier” Values, Stop Migrant Crime, Grow our Economy, Cut Taxes and Regulations, Unleash American Energy DOMINANCE, Promote MADE IN THE U.S.A., Safeguard our Elections, and Defend our always under siege Second Amendment. Jim Tomes has my Complete and Total Endorsement for Re-Election — HE WILL NEVER LET YOU DOWN!"
@realDonaldTrump,2026-04-07 14:23,2026,https://truthsocial.com/@realDonaldTrump/posts/116365290259205790,"State Senator Daryl Schmidt is doing a tremendous job representing the Great People of Indiana’s 48th State Senate District! A Fifth Generation Family Farmer, Daryl is a strong and effective Voice for Indiana Agriculture, and our amazing Farmers and Ranchers. In the State Senate, he is fighting tirelessly to Protect “Hoosier” Values, Grow our Economy, Cut Taxes and Regulations, Promote MADE IN THE U.S.A. and American Energy DOMINANCE, Safeguard our Elections, Stop Migrant Crime, Strengthen our Military/Veterans, and Defend our always under siege Second Amendment. Daryl Schmidt has my Complete and Total Endorsement for Re-Election — HE WILL NEVER LET YOU DOWN! State Senator Daryl Schmidt is doing a tremendous job representing the Great People of Indiana’s 48th State Senate District! A Fifth Generation Family Farmer, Daryl is a strong and effective Voice for Indiana Agriculture, and our amazing Farmers and Ranchers. In the State Senate, he is fighting tirelessly to Protect “Hoosier” Values, Grow our Economy, Cut Taxes and Regulations, Promote MADE IN THE U.S.A. and American Energy DOMINANCE, Safeguard our Elections, Stop Migrant Crime, Strengthen our Military/Veterans, and Defend our always under siege Second Amendment. Daryl Schmidt has my Complete and Total Endorsement for Re-Election — HE WILL NEVER LET YOU DOWN!"
@realDonaldTrump,2026-04-07 14:23,2026,https://truthsocial.com/@realDonaldTrump/posts/116365287802499897,"State Senator Jeff Raatz is an America First Patriot doing a fantastic job representing Indiana’s 27th State Senate District! A Brave U.S. Army Veteran, Jeff knows the Wisdom and Courage that is required to Defend our Country, Support our Military/Veterans, and Ensure PEACE THROUGH STRENGTH. In the State Senate, Jeff is working hard to Protect “Hoosier” Values, Stop Migrant Crime, Grow our Economy, Cut Taxes, Promote MADE IN THE U.S.A., Champion Small Businesses and American Ingenuity, Ensure U.S. Energy DOMINANCE, Safeguard our Elections, and Defend our always under siege Second Amendment. Jeff Raatz has my Complete and Total Endorsement for Re-Election — HE WILL NEVER LET YOU DOWN! State Senator Jeff Raatz is an America First Patriot doing a fantastic job representing Indiana’s 27th State Senate District! A Brave U.S. Army Veteran, Jeff knows the Wisdom and Courage that is required to Defend our Country, Support our Military/Veterans, and Ensure PEACE THROUGH STRENGTH. In the State Senate, Jeff is working hard to Protect “Hoosier” Values, Stop Migrant Crime, Grow our Economy, Cut Taxes, Promote MADE IN THE U.S.A., Champion Small Businesses and American Ingenuity, Ensure U.S. Energy DOMINANCE, Safeguard our Elections, and Defend our always under siege Second Amendment. Jeff Raatz has my Complete and Total Endorsement for Re-Election — HE WILL NEVER LET YOU DOWN!"
@realDonaldTrump,2026-04-07 14:22,2026,https://truthsocial.com/@realDonaldTrump/posts/116365287253994322,"State Senator Scott Alexander is doing a terrific job representing the wonderful people of Indiana’s 26th State Senate District! A Successful Entrepreneur and Civic Leader, before his service in the State Senate, Scott is a Proven Leader who has dedicated his life to serving his Community. In the State Senate, he is working hard to Protect “Hoosier” Values, Grow the Economy, Cut Taxes and Regulations, Promote MADE IN THE U.S.A., Champion American Energy DOMINANCE, Stop Migrant Crime, Ensure LAW AND ORDER, Strengthen our Military/Veterans, Advance Election Integrity, and Defend our always under siege Second Amendment. Scott Alexander has my Complete and Total Endorsement for Re-Election — HE WILL NEVER LET YOU DOWN! State Senator Scott Alexander is doing a terrific job representing the wonderful people of Indiana’s 26th State Senate District! A Successful Entrepreneur and Civic Leader, before his service in the State Senate, Scott is a Proven Leader who has dedicated his life to serving his Community. In the State Senate, he is working hard to Protect “Hoosier” Values, Grow the Economy, Cut Taxes and Regulations, Promote MADE IN THE U.S.A., Champion American Energy DOMINANCE, Stop Migrant Crime, Ensure LAW AND ORDER, Strengthen our Military/Veterans, Advance Election Integrity, and Defend our always under siege Second Amendment. Scott Alexander has my Complete and Total Endorsement for Re-Election — HE WILL NEVER LET YOU DOWN!"
@realDonaldTrump,2026-04-07 14:22,2026,https://truthsocial.com/@realDonaldTrump/posts/116365285441680816,"State Senator Liz Brown is a MAGA Warrior who is doing an incredible job representing Indiana’s 15th State Senate District! A successful Attorney, and Fort Wayne City Council Member, prior to becoming a Highly Respected State Senator, Liz has dedicated her life to serving her Community. In the State Senate, she is working tirelessly to Protect ""Hoosier"" Values, Grow our Economy, Cut Taxes and Regulations, Champion American Energy DOMINANCE, Promote MADE IN THE U.S.A., Stop Migrant Crime, Strengthen our Military/Veterans, Safeguard our Elections, and Defend our always under siege Second Amendment. Liz Brown has my Complete and Total Endorsement for Re-Election — SHE WILL NEVER LET YOU DOWN! State Senator Liz Brown is a MAGA Warrior who is doing an incredible job representing Indiana’s 15th State Senate District! A successful Attorney, and Fort Wayne City Council Member, prior to becoming a Highly Respected State Senator, Liz has dedicated her life to serving her Community. In the State Senate, she is working tirelessly to Protect ""Hoosier"" Values, Grow our Economy, Cut Taxes and Regulations, Champion American Energy DOMINANCE, Promote MADE IN THE U.S.A., Stop Migrant Crime, Strengthen our Military/Veterans, Safeguard our Elections, and Defend our always under siege Second Amendment. Liz Brown has my Complete and Total Endorsement for Re-Election — SHE WILL NEVER LET YOU DOWN!"
@realDonaldTrump,2026-04-07 14:22,2026,https://truthsocial.com/@realDonaldTrump/posts/116365284827791048,"State Senator Tyler Johnson is an America First Patriot who is doing a fantastic job representing Indiana’s 14th State Senate District! A Proven Leader, Tyler serves his Community as a Highly Respected Emergency Room Physician, in addition to being a highly effective State Senator. In the State Senate, he is working tirelessly to Protect ""Hoosier"" Values, Grow our Economy, Cut Taxes and Regulations, Promote MADE IN THE U.S.A., Champion American Energy DOMINANCE, Stop Migrant Crime, Strengthen our Military/Veterans, Advance Election Integrity, Promote School Choice, and Defend our always under siege Second Amendment. Dr. Tyler Johnson has my Complete and Total Endorsement for Re-Election — HE WILL NEVER LET YOU DOWN! State Senator Tyler Johnson is an America First Patriot who is doing a fantastic job representing Indiana’s 14th State Senate District! A Proven Leader, Tyler serves his Community as a Highly Respected Emergency Room Physician, in addition to being a highly effective State Senator. In the State Senate, he is working tirelessly to Protect ""Hoosier"" Values, Grow our Economy, Cut Taxes and Regulations, Promote MADE IN THE U.S.A., Champion American Energy DOMINANCE, Stop Migrant Crime, Strengthen our Military/Veterans, Advance Election Integrity, Promote School Choice, and Defend our always under siege Second Amendment. Dr. Tyler Johnson has my Complete and Total Endorsement for Re-Election — HE WILL NEVER LET YOU DOWN!"
@realDonaldTrump,2026-04-07 14:19,2026,https://truthsocial.com/@realDonaldTrump/posts/116365275300009543,"Vigo County Commissioner Brenda Wilson, a Proven America First Patriot, is running against “No Goode” Greg Goode (BAD FOR THE U.S.A.!) in the Republican Primary for Indiana’s 38th Senate District, which I won by 28 points! “No Goode” is an incompetent and ineffective RINO incumbent who, for whatever reason, voted against Redistricting in Indiana, which has made him a hero to Hakeem Jeffries, Ilhan Omar, and every other Radical Left Member of the U.S. House of Representatives. “No Goode” and his RINO friends made Indiana, a State I have tremendous love for, the only State in the Country that essentially said they don’t care about what happens to the United States Congress, and therefore to America’s future. We could have easily picked up two seats in Indiana, but No Goode, an America Last politician, threw in with the Democrats, thereby putting our Country in a very dangerous position, and risking the reversal of so much of the incredible progress we have made over the last year for our Country and our people. Brenda Wilson, on the other hand, is a Successful Family Farmer, and Highly Respected Vigo County Commissioner, who will be a strong and effective Voice for our amazing Farmers and Indiana Agriculture. As your next State Senator, Brenda will fight tirelessly to Protect ""Hoosier"" Values, Champion Small Businesses, Promote MADE IN THE U.S.A., Grow our Economy, Cut Taxes and Regulations, Advance American Energy DOMINANCE, Keep our Border SECURE, Support our incredible Military, Veterans, and Law Enforcement, Advance Election Integrity, and Protect our always under siege Second Amendment. Brenda Wilson has my Complete and Total Endorsement, and, unlike “No Goode” — BRENDA WILL NOT LET YOU DOWN! Vigo County Commissioner Brenda Wilson, a Proven America First Patriot, is running against “No Goode” Greg Goode (BAD FOR THE U.S.A.!) in the Republican Primary for Indiana’s 38th Senate District, which I won by 28 points! “No Goode” is an incompetent and ineffective RINO incumbent who, for whatever reason, voted against Redistricting in Indiana, which has made him a hero to Hakeem Jeffries, Ilhan Omar, and every other Radical Left Member of the U.S. House of Representatives. “No Goode” and his RINO friends made Indiana, a State I have tremendous love for, the only State in the Country that essentially said they don’t care about what happens to the United States Congress, and therefore to America’s future. We could have easily picked up two seats in Indiana, but No Goode, an America Last politician, threw in with the Democrats, thereby putting our Country in a very dangerous position, and risking the reversal of so much of the incredible progress we have made over the last year for our Country and our people. Brenda Wilson, on the other hand, is a Successful Family Farmer, and Highly Respected Vigo County Commissioner, who will be a strong and effective Voice for our amazing Farmers and Indiana Agriculture. As your next State Senator, Brenda will fight tirelessly to Protect ""Hoosier"" Values, Champion Small Businesses, Promote MADE IN THE U.S.A., Grow our Economy, Cut Taxes and Regulations, Advance American Energy DOMINANCE, Keep our Border SECURE, Support our incredible Military, Veterans, and Law Enforcement, Advance Election Integrity, and Protect our always under siege Second Amendment. Brenda Wilson has my Complete and Total Endorsement, and, unlike “No Goode” — BRENDA WILL NOT LET YOU DOWN!"
@realDonaldTrump,2026-04-07 14:19,2026,https://truthsocial.com/@realDonaldTrump/posts/116365272431087703,"It is my Great Honor to endorse America First Patriot Tracey Powell, a fantastic Candidate for Indiana's 21st State Senate District (which I won by 24 points!). Tracey is running against a pathetic RINO incumbent named Jim Buck, who, for whatever reason, voted against Redistricting in Indiana, which puts the United States Congress in jeopardy. Buck and his RINO friends made Indiana, a State I love and have been very good to, the only State in the Country that essentially said they don’t care if Democrats steal Republican House seats to take over the United States Congress. We could have easily picked up two seats in Indiana, helping Democrat seat theft in Blue States, but instead, Buck, an America Last politician, would rather give away our Majority in the House of Representatives, thereby putting our Country in a very dangerous position that could cost us some of the magnificent gains that we have made over the last year, since I assumed the Office of President. Tracey Powell, on the other hand, is a successful Businessman, Chiropractor, Farmer, and Highly Respected Tipton County Commissioner, who has dedicated his life to serving his Community. As your next State Senator, Tracey will fight tirelessly to Protect ""Hoosier"" Values, Grow the Economy, Cut Taxes and Regulations, Promote MADE IN THE U.S.A., Champion our Amazing Farmers and Agriculture, Unleash American Energy DOMINANCE, Keep our Border SECURE, Ensure LAW AND ORDER, Support our Military, Veterans, and Law Enforcement, Advance Election Integrity, Defend our always under siege Second Amendment. Tracey Powell has my Complete and Total Endorsement to be the next State Senator from Indiana's 21st Senate District. Unlike incumbent Jim Buck, a “RINO” who failed the wonderful people of Indiana so badly, TRACEY POWELL IS A WINNER WHO WILL NOT LET YOU DOWN! It is my Great Honor to endorse America First Patriot Tracey Powell, a fantastic Candidate for Indiana's 21st State Senate District (which I won by 24 points!). Tracey is running against a pathetic RINO incumbent named Jim Buck, who, for whatever reason, voted against Redistricting in Indiana, which puts the United States Congress in jeopardy. Buck and his RINO friends made Indiana, a State I love and have been very good to, the only State in the Country that essentially said they don’t care if Democrats steal Republican House seats to take over the United States Congress. We could have easily picked up two seats in Indiana, helping Democrat seat theft in Blue States, but instead, Buck, an America Last politician, would rather give away our Majority in the House of Representatives, thereby putting our Country in a very dangerous position that could cost us some of the magnificent gains that we have made over the last year, since I assumed the Office of President. Tracey Powell, on the other hand, is a successful Businessman, Chiropractor, Farmer, and Highly Respected Tipton County Commissioner, who has dedicated his life to serving his Community. As your next State Senator, Tracey will fight tirelessly to Protect ""Hoosier"" Values, Grow the Economy, Cut Taxes and Regulations, Promote MADE IN THE U.S.A., Champion our Amazing Farmers and Agriculture, Unleash American Energy DOMINANCE, Keep our Border SECURE, Ensure LAW AND ORDER, Support our Military, Veterans, and Law Enforcement, Advance Election Integrity, Defend our always under siege Second Amendment. Tracey Powell has my Complete and Total Endorsement to be the next State Senator from Indiana's 21st Senate District. Unlike incumbent Jim Buck, a “RINO” who failed the wonderful people of Indiana so badly, TRACEY POWELL IS A WINNER WHO WILL NOT LET YOU DOWN!"
@realDonaldTrump,2026-04-07 14:14,2026,https://truthsocial.com/@realDonaldTrump/posts/116365255045080935,"State Representative Martin Carbaugh is a Tremendous Advocate for the Fantastic People of Indiana’s 81st State House District! A very successful Financial Advisor, Martin is a Proven Leader who is doing a fantastic job advancing our AMERICA FIRST Agenda. He is working tirelessly to Protect “Hoosier” Values, Grow the Economy, Cut Taxes and Regulations, Promote MADE IN THE U.S.A., Unleash American Energy DOMINANCE, Stop Migrant Crime, Strengthen our Brave Military/Veterans, Ensure LAW AND ORDER, Safeguard our Elections, and Defend our always under siege Second Amendment. Martin Carbaugh has my Complete and Total Endorsement for Re-Election — HE WILL NEVER LET YOU DOWN! State Representative Martin Carbaugh is a Tremendous Advocate for the Fantastic People of Indiana’s 81st State House District! A very successful Financial Advisor, Martin is a Proven Leader who is doing a fantastic job advancing our AMERICA FIRST Agenda. He is working tirelessly to Protect “Hoosier” Values, Grow the Economy, Cut Taxes and Regulations, Promote MADE IN THE U.S.A., Unleash American Energy DOMINANCE, Stop Migrant Crime, Strengthen our Brave Military/Veterans, Ensure LAW AND ORDER, Safeguard our Elections, and Defend our always under siege Second Amendment. Martin Carbaugh has my Complete and Total Endorsement for Re-Election — HE WILL NEVER LET YOU DOWN!"
@realDonaldTrump,2026-04-07 14:14,2026,https://truthsocial.com/@realDonaldTrump/posts/116365254318832383,"State Representative Ben Smaltz is a Highly Effective Champion for the Wonderful People of Indiana’s 52nd State House District! A Respected Businessman and DeKalb County Council Member, prior to becoming a distinguished State Representative, Ben has dedicated his life to serving his Community. In the State House, he is fighting tirelessly to Protect ""Hoosier"" Values, Grow our Economy, Cut Taxes and Regulations, Champion American Energy DOMINANCE, Promote MADE IN THE U.S.A., Stop Migrant Crime, Strengthen our Military/Veterans, Ensure LAW AND ORDER, Safeguard our Elections, and Defend our always under siege Second Amendment. Ben Smaltz has my Complete and Total Endorsement for Re-Election — HE WILL NEVER LET YOU DOWN! State Representative Ben Smaltz is a Highly Effective Champion for the Wonderful People of Indiana’s 52nd State House District! A Respected Businessman and DeKalb County Council Member, prior to becoming a distinguished State Representative, Ben has dedicated his life to serving his Community. In the State House, he is fighting tirelessly to Protect ""Hoosier"" Values, Grow our Economy, Cut Taxes and Regulations, Champion American Energy DOMINANCE, Promote MADE IN THE U.S.A., Stop Migrant Crime, Strengthen our Military/Veterans, Ensure LAW AND ORDER, Safeguard our Elections, and Defend our always under siege Second Amendment. Ben Smaltz has my Complete and Total Endorsement for Re-Election — HE WILL NEVER LET YOU DOWN!"
@realDonaldTrump,2026-04-07 14:14,2026,https://truthsocial.com/@realDonaldTrump/posts/116365253757288920,"State Representative Tony Isa is an America First Patriot who is doing a fantastic job representing Indiana’s 51st State House District! A Successful Entrepreneur and Owner of “Scoops Ice Cream” in Angola, in addition to being a highly effective State Representative, Tony has dedicated his life to serving his Community. In the State House, he is working tirelessly to Protect ""Hoosier"" Values, Grow our Economy, Cut Taxes and Regulations, Promote MADE IN THE U.S.A., Champion American Energy DOMINANCE, Stop Migrant Crime, Strengthen our Military/Veterans, Advance Election Integrity, Promote School Choice, and Defend our always under siege Second Amendment. Tony Isa has my Complete and Total Endorsement for Re-Election — HE WILL NEVER LET YOU DOWN! State Representative Tony Isa is an America First Patriot who is doing a fantastic job representing Indiana’s 51st State House District! A Successful Entrepreneur and Owner of “Scoops Ice Cream” in Angola, in addition to being a highly effective State Representative, Tony has dedicated his life to serving his Community. In the State House, he is working tirelessly to Protect ""Hoosier"" Values, Grow our Economy, Cut Taxes and Regulations, Promote MADE IN THE U.S.A., Champion American Energy DOMINANCE, Stop Migrant Crime, Strengthen our Military/Veterans, Advance Election Integrity, Promote School Choice, and Defend our always under siege Second Amendment. Tony Isa has my Complete and Total Endorsement for Re-Election — HE WILL NEVER LET YOU DOWN!"
@realDonaldTrump,2026-04-07 14:14,2026,https://truthsocial.com/@realDonaldTrump/posts/116365252855784200,"State Representative Bob Heaton is doing a terrific job representing the wonderful people of Indiana’s 46th State House District! A Successful Businessman and College Basketball Player, before his service in the State House, Bob is a Proven Leader who has dedicated his life to serving his Community. In the State House, he is working hard to Protect “Hoosier” Values, Grow the Economy, Cut Taxes and Regulations, Promote MADE IN THE U.S.A., Champion American Energy DOMINANCE, Stop Migrant Crime, Ensure LAW AND ORDER, Strengthen our Military/Veterans, Advance Election Integrity, and Defend our always under siege Second Amendment. Bob Heaton has my Complete and Total Endorsement for Re-Election — HE WILL NEVER LET YOU DOWN! State Representative Bob Heaton is doing a terrific job representing the wonderful people of Indiana’s 46th State House District! A Successful Businessman and College Basketball Player, before his service in the State House, Bob is a Proven Leader who has dedicated his life to serving his Community. In the State House, he is working hard to Protect “Hoosier” Values, Grow the Economy, Cut Taxes and Regulations, Promote MADE IN THE U.S.A., Champion American Energy DOMINANCE, Stop Migrant Crime, Ensure LAW AND ORDER, Strengthen our Military/Veterans, Advance Election Integrity, and Defend our always under siege Second Amendment. Bob Heaton has my Complete and Total Endorsement for Re-Election — HE WILL NEVER LET YOU DOWN!"
@realDonaldTrump,2026-04-07 14:13,2026,https://truthsocial.com/@realDonaldTrump/posts/116365250563239892,"State Representative Jeff Thompson is doing a tremendous job representing the Great People of Indiana’s 28th State House District! A former Educator and Farmer, Jeff is a strong and effective Voice for Indiana Agriculture, and our amazing Farmers and Ranchers. In the State House, he is fighting tirelessly to Protect “Hoosier” Values, Grow our Economy, Cut Taxes and Regulations, Promote MADE IN THE U.S.A. and American Energy DOMINANCE, Safeguard our Elections, Stop Migrant Crime, Strengthen our Military/Veterans, and Defend our always under siege Second Amendment. Jeff Thompson has my Complete and Total Endorsement for Re-Election — HE WILL NEVER LET YOU DOWN! State Representative Jeff Thompson is doing a tremendous job representing the Great People of Indiana’s 28th State House District! A former Educator and Farmer, Jeff is a strong and effective Voice for Indiana Agriculture, and our amazing Farmers and Ranchers. In the State House, he is fighting tirelessly to Protect “Hoosier” Values, Grow our Economy, Cut Taxes and Regulations, Promote MADE IN THE U.S.A. and American Energy DOMINANCE, Safeguard our Elections, Stop Migrant Crime, Strengthen our Military/Veterans, and Defend our always under siege Second Amendment. Jeff Thompson has my Complete and Total Endorsement for Re-Election — HE WILL NEVER LET YOU DOWN!"
@realDonaldTrump,2026-04-07 14:13,2026,https://truthsocial.com/@realDonaldTrump/posts/116365249949047159,"State Representative Craig Snow is a MAGA Warrior who is doing a tremendous job representing Indiana’s 22nd State House District! A successful Businessman, Craig knows the AMERICA FIRST Policies necessary to Create GREAT Jobs, Promote MADE IN THE U.S.A., Unleash Innovation, and Advance American Energy DOMINANCE. In the State House, he is fighting tirelessly to Protect “Hoosier” Values, Grow our Economy, Cut Taxes and Regulations, Stop Migrant Crime, Support our Brave Military/Veterans, Safeguard our Elections, and Defend our always under siege Second Amendment. Craig Snow has my Complete and Total Endorsement for Re-Election — HE WILL NEVER LET YOU DOWN! State Representative Craig Snow is a MAGA Warrior who is doing a tremendous job representing Indiana’s 22nd State House District! A successful Businessman, Craig knows the AMERICA FIRST Policies necessary to Create GREAT Jobs, Promote MADE IN THE U.S.A., Unleash Innovation, and Advance American Energy DOMINANCE. In the State House, he is fighting tirelessly to Protect “Hoosier” Values, Grow our Economy, Cut Taxes and Regulations, Stop Migrant Crime, Support our Brave Military/Veterans, Safeguard our Elections, and Defend our always under siege Second Amendment. Craig Snow has my Complete and Total Endorsement for Re-Election — HE WILL NEVER LET YOU DOWN!"
@realDonaldTrump,2026-04-07 05:58,2026,https://truthsocial.com/@realDonaldTrump/posts/116363305441095470,Two more major pharmaceutical companies to launch products through TrumpRx: https://justthenews.com/politics-policy/health/two-more-major-pharmaceutical-companies-launch-products-through-trumprx Two more major pharmaceutical companies to launch products through TrumpRx: https://justthenews.com/politics-policy/health/two-more-major-pharmaceutical-companies-launch-products-through-trumprx
@realDonaldTrump,2026-04-06 21:42,2026,https://truthsocial.com/@realDonaldTrump/posts/116361355179910169,null
@realDonaldTrump,2026-04-06 19:13,2026,https://truthsocial.com/@realDonaldTrump/posts/116360767027115214,"There is a very important Special Election tomorrow, Tuesday, April 7th, in Georgia’s 14th Congressional District! I am asking all Republicans, America First Patriots, and MAGA Warriors, to please GET OUT AND VOTE for a fantastic Candidate, Clay Fuller, who has my Complete and Total Endorsement! GA-14: Polls are open from 7:00 A.M to 7:00 P.M. IF YOU ARE IN LINE BY 7 P.M., STAY IN LINE, AND THEY MUST LET YOU VOTE! Election Day is TOMORROW, April 7th. GET OUT AND VOTE, VOTE, VOTE FOR CLAY FULLER — HE WILL NEVER LET YOU DOWN! Find your Voting Location at: https://swampthevoteusa.com/georgia/ There is a very important Special Election tomorrow, Tuesday, April 7th, in Georgia’s 14th Congressional District! I am asking all Republicans, America First Patriots, and MAGA Warriors, to please GET OUT AND VOTE for a fantastic Candidate, Clay Fuller, who has my Complete and Total Endorsement! GA-14: Polls are open from 7:00 A.M to 7:00 P.M. IF YOU ARE IN LINE BY 7 P.M., STAY IN LINE, AND THEY MUST LET YOU VOTE! Election Day is TOMORROW, April 7th. GET OUT AND VOTE, VOTE, VOTE FOR CLAY FULLER — HE WILL NEVER LET YOU DOWN! Find your Voting Location at: https://swampthevoteusa.com/georgia/"
@realDonaldTrump,2026-04-06 18:15,2026,https://truthsocial.com/@realDonaldTrump/posts/116360539055600472,null
@realDonaldTrump,2026-04-06 13:53,2026,https://truthsocial.com/@realDonaldTrump/posts/116359510914035127,"Fewer experts see climate change as global security threat, survey finds: https://www.semafor.com/article/02/12/2026/fewer-experts-see-climate-change-as-global-security-threat-survey-finds Fewer experts see climate change as global security threat, survey finds: https://www.semafor.com/article/02/12/2026/fewer-experts-see-climate-change-as-global-security-threat-survey-finds"
@realDonaldTrump,2026-04-06 13:53,2026,https://truthsocial.com/@realDonaldTrump/posts/116359508809224648,Trump Allies Near ‘Total Victory’ in Wiping Out U.S. Climate Regulation: https://www.nytimes.com/2026/02/09/climate/endangerment-finding.html Trump Allies Near ‘Total Victory’ in Wiping Out U.S. Climate Regulation: https://www.nytimes.com/2026/02/09/climate/endangerment-finding.html
@realDonaldTrump,2026-04-06 13:01,2026,https://truthsocial.com/@realDonaldTrump/posts/116359306171720018,"Paris, 126 years ago! Paris, 126 years ago!"
@realDonaldTrump,2026-04-05 23:21,2026,https://truthsocial.com/@realDonaldTrump/posts/116356081038721731,"I have known and respected Steve Hilton, who is running for Governor of California, for many years. He is a truly fine man, one who has watched as this once great State has gone to Hell. Gavin Newscum and the Democrats have done an absolutely horrendous job. People are fleeing, crime is increasing, and Taxes are the highest of any State in the Country, maybe the World. Steve can turn it around, before it is too late, and, as President, I will help him to do so! With Federal help, and a Great Governor, like Steve Hilton, California can be better than ever before! Steve Hilton has my COMPLETE & TOTAL ENDORSEMENT. He will be a GREAT Governor and, importantly, WILL NEVER LET YOU DOWN!!! President DONALD J. TRUMP I have known and respected Steve Hilton, who is running for Governor of California, for many years. He is a truly fine man, one who has watched as this once great State has gone to Hell. Gavin Newscum and the Democrats have done an absolutely horrendous job. People are fleeing, crime is increasing, and Taxes are the highest of any State in the Country, maybe the World. Steve can turn it around, before it is too late, and, as President, I will help him to do so! With Federal help, and a Great Governor, like Steve Hilton, California can be better than ever before! Steve Hilton has my COMPLETE & TOTAL ENDORSEMENT. He will be a GREAT Governor and, importantly, WILL NEVER LET YOU DOWN!!! President DONALD J. TRUMP"
@realDonaldTrump,2026-04-05 22:57,2026,https://truthsocial.com/@realDonaldTrump/posts/116355984273646320,"It’s too bad that the Supreme Court can’t watch and study the Mark Levin Show tonight on the Birthright Citizenship Scam. If they saw it they would never allow that money making HOAX to continue. THEY SHOULD USE THEIR POWERS OF COMMON SENSE FOR THE GOOD OF OUR COUNTRY. They failed miserably on Tariffs, needlessly costing the USA Hundreds of Billions of Dollars in potential rebates for the benefit haters and scammers. Why??? Don’t do it again! The Country can only withstand so many bad decisions from a Court that just doesn’t seem to care. It’s too bad that the Supreme Court can’t watch and study the Mark Levin Show tonight on the Birthright Citizenship Scam. If they saw it they would never allow that money making HOAX to continue. THEY SHOULD USE THEIR POWERS OF COMMON SENSE FOR THE GOOD OF OUR COUNTRY. They failed miserably on Tariffs, needlessly costing the USA Hundreds of Billions of Dollars in potential rebates for the benefit haters and scammers. Why??? Don’t do it again! The Country can only withstand so many bad decisions from a Court that just doesn’t seem to care."
@realDonaldTrump,2026-04-05 15:49,2026,https://truthsocial.com/@realDonaldTrump/posts/116354302288186401,null
@realDonaldTrump,2026-04-05 15:47,2026,https://truthsocial.com/@realDonaldTrump/posts/116354293598453774,null
@realDonaldTrump,2026-04-05 15:11,2026,https://truthsocial.com/@realDonaldTrump/posts/116354152932812276,Vanessa is AMAZING! Vanessa is AMAZING!
@realDonaldTrump,2026-04-05 06:03,2026,https://truthsocial.com/@realDonaldTrump/posts/116351998782539414,"Tuesday will be Power Plant Day, and Bridge Day, all wrapped up in one, in Iran. There will be nothing like it!!! Open the Fuckin’ Strait, you crazy bastards, or you’ll be living in Hell - JUST WATCH! Praise be to Allah. President DONALD J. TRUMP Tuesday will be Power Plant Day, and Bridge Day, all wrapped up in one, in Iran. There will be nothing like it!!! Open the Fuckin’ Strait, you crazy bastards, or you’ll be living in Hell - JUST WATCH! Praise be to Allah. President DONALD J. TRUMP"
@realDonaldTrump,2026-04-05 05:52,2026,https://truthsocial.com/@realDonaldTrump/posts/116351956955900185,"We have rescued the seriously wounded, and really brave, F-15 Crew Member/Officer, from deep inside the mountains of Iran. The Iranian Military was looking hard, in big numbers, and getting close. He is a highly respected Colonel. This type of raid is seldom attempted because of the danger to “man and equipment.” It just doesn’t happen! The second raid came after the first one, where we rescued the pilot in broad daylight, also unusual, spending seven hours over Iran. An AMAZING show of bravery and talent by all! I will be having a News Conference, with the Military, at the Oval Office, on Monday, at 1:00 P.M. God Bless our great MILITARY WARRIORS! President DONALD J. TRUMP We have rescued the seriously wounded, and really brave, F-15 Crew Member/Officer, from deep inside the mountains of Iran. The Iranian Military was looking hard, in big numbers, and getting close. He is a highly respected Colonel. This type of raid is seldom attempted because of the danger to “man and equipment.” It just doesn’t happen! The second raid came after the first one, where we rescued the pilot in broad daylight, also unusual, spending seven hours over Iran. An AMAZING show of bravery and talent by all! I will be having a News Conference, with the Military, at the Oval Office, on Monday, at 1:00 P.M. God Bless our great MILITARY WARRIORS! President DONALD J. TRUMP"
@realDonaldTrump,2026-04-04 13:56,2026,https://truthsocial.com/@realDonaldTrump/posts/116348197506760486,null
@realDonaldTrump,2026-04-04 13:00,2026,https://truthsocial.com/@realDonaldTrump/posts/116347978035210577,"“If you import The Third World, you become The Third World!” — AND THAT’S NOT GOING TO HAPPEN TO THE UNITED STATES OF AMERICA AS LONG AS I AM PRESIDENT. President DONALD J. TRUMP “If you import The Third World, you become The Third World!” — AND THAT’S NOT GOING TO HAPPEN TO THE UNITED STATES OF AMERICA AS LONG AS I AM PRESIDENT. President DONALD J. TRUMP"
@realDonaldTrump,2026-04-04 08:05,2026,https://truthsocial.com/@realDonaldTrump/posts/116346816254869135,Remember when I gave Iran ten days to MAKE A DEAL or OPEN UP THE HORMUZ STRAIT. Time is running out - 48 hours before all Hell will reign down on them. Glory be to GOD! President DONALD J. TRUMP Remember when I gave Iran ten days to MAKE A DEAL or OPEN UP THE HORMUZ STRAIT. Time is running out - 48 hours before all Hell will reign down on them. Glory be to GOD! President DONALD J. TRUMP
@realDonaldTrump,2026-04-04 07:32,2026,https://truthsocial.com/@realDonaldTrump/posts/116346686438015338,"Not only were the jobs numbers GREAT yesterday, 178,000 new jobs, but the TRADE DEFICIT was down 55%, the biggest drop in history. THANK YOU MR. TARIFF! All of this and, simultaneously, getting rid of a Nuclear Iran. MAGA!!! Not only were the jobs numbers GREAT yesterday, 178,000 new jobs, but the TRADE DEFICIT was down 55%, the biggest drop in history. THANK YOU MR. TARIFF! All of this and, simultaneously, getting rid of a Nuclear Iran. MAGA!!!"
@realDonaldTrump,2026-04-03 21:21,2026,https://truthsocial.com/@realDonaldTrump/posts/116344282496536118,Believers and people of faith find safe harbor in Trump's White House this Easter: https://justthenews.com/government/white-house/he-risen-faith-finds-safe-harbor-trump-white-house Believers and people of faith find safe harbor in Trump's White House this Easter: https://justthenews.com/government/white-house/he-risen-faith-finds-safe-harbor-trump-white-house
@realDonaldTrump,2026-04-03 21:03,2026,https://truthsocial.com/@realDonaldTrump/posts/116344212584161103,"178,000 new jobs in March. Unemployment DOWN. Great numbers by all accounts, even the Fake News. MAGA! 178,000 new jobs in March. Unemployment DOWN. Great numbers by all accounts, even the Fake News. MAGA!"
@realDonaldTrump,2026-04-03 15:53,2026,https://truthsocial.com/@realDonaldTrump/posts/116342994589318293,"A very happy and blessed Good Friday to all, especially to the 186,000 Americans who gained Private Sector jobs in the month of March alone! My Economic Policies have created an enormously powerful engine of Economic Growth, and nothing can slow it down. Factory Construction Jobs are soaring as a result of the rapid Onshoring and surging Investment that TARIFFS have generated, all while the Trade Deficit has shrunk by 52% in a year! President DONALD J. TRUMP A very happy and blessed Good Friday to all, especially to the 186,000 Americans who gained Private Sector jobs in the month of March alone! My Economic Policies have created an enormously powerful engine of Economic Growth, and nothing can slow it down. Factory Construction Jobs are soaring as a result of the rapid Onshoring and surging Investment that TARIFFS have generated, all while the Trade Deficit has shrunk by 52% in a year! President DONALD J. TRUMP"
@realDonaldTrump,2026-04-03 13:20,2026,https://truthsocial.com/@realDonaldTrump/posts/116342393448469434,"KEEP THE OIL, ANYONE? KEEP THE OIL, ANYONE?"
@realDonaldTrump,2026-04-03 06:05,2026,https://truthsocial.com/@realDonaldTrump/posts/116340682613576162,"Vice President JD Vance is now in charge of “FRAUD” in the United States. It is massive and pervasive, and the job he will be doing, in conjunction with many great people within the Trump Administration, will be a major factor in how great the future of our Country will be. We will call him the “FRAUD CZAR,” and his focus will be “EVERYWHERE,” but primarily in those Blue States where CROOKED DEMOCRAT POLITICIANS, like those in California, Illinois, Minnesota (Somalia beware!), Maine, New York, and many others, have had a “free for all” in the unprecedented theft of Taxpayer Money. The numbers are so large that, if successful, we would literally be able to balance our American Budget. Raids have already started in L.A. Good Luck JD! Vice President JD Vance is now in charge of “FRAUD” in the United States. It is massive and pervasive, and the job he will be doing, in conjunction with many great people within the Trump Administration, will be a major factor in how great the future of our Country will be. We will call him the “FRAUD CZAR,” and his focus will be “EVERYWHERE,” but primarily in those Blue States where CROOKED DEMOCRAT POLITICIANS, like those in California, Illinois, Minnesota (Somalia beware!), Maine, New York, and many others, have had a “free for all” in the unprecedented theft of Taxpayer Money. The numbers are so large that, if successful, we would literally be able to balance our American Budget. Raids have already started in L.A. Good Luck JD!"
@realDonaldTrump,2026-04-02 20:41,2026,https://truthsocial.com/@realDonaldTrump/posts/116338464010194156,"Our Military, the greatest and most powerful (by far!) anywhere in the World, hasn’t even started destroying what’s left in Iran. Bridges next, then Electric Power Plants! New Regime leadership knows what has to be done, and has to be done, FAST! President DONALD J.TRUMP Our Military, the greatest and most powerful (by far!) anywhere in the World, hasn’t even started destroying what’s left in Iran. Bridges next, then Electric Power Plants! New Regime leadership knows what has to be done, and has to be done, FAST! President DONALD J.TRUMP"
@realDonaldTrump,2026-04-02 16:29,2026,https://truthsocial.com/@realDonaldTrump/posts/116337473284766361,null
@realDonaldTrump,2026-04-02 11:43,2026,https://truthsocial.com/@realDonaldTrump/posts/116336350249896927,"Davy Crockett, obviously a distant relative of Jasmine Crockett, and a very High IQ Frontiersman, would be proud of the legacy that he began long ago, and especially Jasmine’s Great Success as a Politician from the Great State of Texas! President DONALD J. TRUMP Davy Crockett, obviously a distant relative of Jasmine Crockett, and a very High IQ Frontiersman, would be proud of the legacy that he began long ago, and especially Jasmine’s Great Success as a Politician from the Great State of Texas! President DONALD J. TRUMP"
@realDonaldTrump,2026-04-02 10:37,2026,https://truthsocial.com/@realDonaldTrump/posts/116336091138489301,"The biggest bridge in Iran comes tumbling down, never to be used again — Much more to follow! IT IS TIME FOR IRAN TO MAKE A DEAL BEFORE IT IS TOO LATE, AND THERE IS NOTHING LEFT OF WHAT STILL COULD BECOME A GREAT COUNTRY! President DONALD J. TRUMP The biggest bridge in Iran comes tumbling down, never to be used again — Much more to follow! IT IS TIME FOR IRAN TO MAKE A DEAL BEFORE IT IS TOO LATE, AND THERE IS NOTHING LEFT OF WHAT STILL COULD BECOME A GREAT COUNTRY! President DONALD J. TRUMP"
@realDonaldTrump,2026-04-02 10:15,2026,https://truthsocial.com/@realDonaldTrump/posts/116336001721515418,null
@realDonaldTrump,2026-04-02 05:58,2026,https://truthsocial.com/@realDonaldTrump/posts/116334990675013056,"Bad, and very boring singer, Bruce Springsteen, who looks like a dried up prune who has suffered greatly from the work of a really bad plastic surgeon, has long had a horrible and incurable case of Trump Derangement Syndrome, sometimes referred to as TDS. The guy is a total loser who spews hate against a President who won a Landslide Election, including the popular vote, all Seven Swing States, and 86% of the Counties across America. Under Sleepy Joe and the Dems, our Country was DEAD, and now we have the “hottest” Country, by far, anywhere in the World. MAGA SHOULD BOYCOTT HIS OVERPRICED CONCERTS, WHICH SUCK. SAVE YOUR HARD EARNED MONEY. AMERICA IS BACK!!! President DJT Bad, and very boring singer, Bruce Springsteen, who looks like a dried up prune who has suffered greatly from the work of a really bad plastic surgeon, has long had a horrible and incurable case of Trump Derangement Syndrome, sometimes referred to as TDS. The guy is a total loser who spews hate against a President who won a Landslide Election, including the popular vote, all Seven Swing States, and 86% of the Counties across America. Under Sleepy Joe and the Dems, our Country was DEAD, and now we have the “hottest” Country, by far, anywhere in the World. MAGA SHOULD BOYCOTT HIS OVERPRICED CONCERTS, WHICH SUCK. SAVE YOUR HARD EARNED MONEY. AMERICA IS BACK!!! President DJT"
@realDonaldTrump,2026-04-02 05:35,2026,https://truthsocial.com/@realDonaldTrump/posts/116334902567890770,Victor Davis Hanson Reveals He Was Approached by Chinese Operative Fang Fang But Didn’t Fall for it Like ‘Idiot’ Eric Swalwell: https://www.thegatewaypundit.com/2026/04/victor-davis-hanson-reveals-he-was-approached-chinese/ Victor Davis Hanson Reveals He Was Approached by Chinese Operative Fang Fang But Didn’t Fall for it Like ‘Idiot’ Eric Swalwell: https://www.thegatewaypundit.com/2026/04/victor-davis-hanson-reveals-he-was-approached-chinese/
@realDonaldTrump,2026-04-01 20:55,2026,https://truthsocial.com/@realDonaldTrump/posts/116332857814797772,Douglas Murray: Deranged Tucker Carlson backstabs Trump: https://nypost.com/2026/03/19/opinion/deranged-tucker-carlson-backstabs-trump/ Douglas Murray: Deranged Tucker Carlson backstabs Trump: https://nypost.com/2026/03/19/opinion/deranged-tucker-carlson-backstabs-trump/
@realDonaldTrump,2026-04-01 20:55,2026,https://truthsocial.com/@realDonaldTrump/posts/116332855637584819,Democratic pollster: Benefit of defanging Iran far outweighs cost of war: https://nypost.com/2026/04/01/opinion/democratic-pollster-benefit-of-defanging-iran-far-outweighs-cost-of-war/ Democratic pollster: Benefit of defanging Iran far outweighs cost of war: https://nypost.com/2026/04/01/opinion/democratic-pollster-benefit-of-defanging-iran-far-outweighs-cost-of-war/
@realDonaldTrump,2026-04-01 17:14,2026,https://truthsocial.com/@realDonaldTrump/posts/116331986972530622,"I am pleased to nominate Arthur “Rob” Jones to serve on the United States District Court for the Southern District of Texas. Before becoming Executive Assistant U.S. Attorney for the Southern District of Texas, Rob was a longtime Assistant U.S. Attorney in Laredo. He understands a Strong Border is a matter of National Security, and has powerfully prosecuted Criminal Illegal Immigrants, and fought tirelessly to stop the flow of Illicit Drugs into our Country. I am confident Rob will continue to put America First in his new role. Congratulations Rob! I am pleased to nominate Arthur “Rob” Jones to serve on the United States District Court for the Southern District of Texas. Before becoming Executive Assistant U.S. Attorney for the Southern District of Texas, Rob was a longtime Assistant U.S. Attorney in Laredo. He understands a Strong Border is a matter of National Security, and has powerfully prosecuted Criminal Illegal Immigrants, and fought tirelessly to stop the flow of Illicit Drugs into our Country. I am confident Rob will continue to put America First in his new role. Congratulations Rob!"
@realDonaldTrump,2026-04-01 17:13,2026,https://truthsocial.com/@realDonaldTrump/posts/116331984748685770,"I am pleased to nominate John Marck to serve on the United States District Court for the Southern District of Texas. As Acting U.S. Attorney for the Southern District of Texas, John has worked tirelessly to help us deport Criminal Illegal Immigrants, and stop the trafficking of Lethal Drugs ravaging our Communities. Throughout his distinguished career, John has demonstrated that he has the Wisdom and Courage necessary to enforce the Rule of Law, and protect the Great People of our Country. I know he will continue to deliver strong results in his new role. Congratulations John! I am pleased to nominate John Marck to serve on the United States District Court for the Southern District of Texas. As Acting U.S. Attorney for the Southern District of Texas, John has worked tirelessly to help us deport Criminal Illegal Immigrants, and stop the trafficking of Lethal Drugs ravaging our Communities. Throughout his distinguished career, John has demonstrated that he has the Wisdom and Courage necessary to enforce the Rule of Law, and protect the Great People of our Country. I know he will continue to deliver strong results in his new role. Congratulations John!"
@realDonaldTrump,2026-04-01 16:35,2026,https://truthsocial.com/@realDonaldTrump/posts/116331834399674522,null
@realDonaldTrump,2026-04-01 10:20,2026,https://truthsocial.com/@realDonaldTrump/posts/116330362125395500,We are the only Country in the World STUPID enough to allow “Birthright” Citizenship! President DONALD J. TRUMP We are the only Country in the World STUPID enough to allow “Birthright” Citizenship! President DONALD J. TRUMP
@realDonaldTrump,2026-04-01 07:04,2026,https://truthsocial.com/@realDonaldTrump/posts/116329590740337581,"Wow! Congratulations to Nissan, and Christian Meunier, Americas Chairman, on the tremendous success they are having in the U.S. They have moved most of their production to our great Country, largely because of Tariffs, and the results are AMAZING!!! Wow! Congratulations to Nissan, and Christian Meunier, Americas Chairman, on the tremendous success they are having in the U.S. They have moved most of their production to our great Country, largely because of Tariffs, and the results are AMAZING!!!"
@realDonaldTrump,2026-04-01 06:44,2026,https://truthsocial.com/@realDonaldTrump/posts/116329512466946656,"Iran’s New Regime President, much less Radicalized and far more intelligent than his predecessors, has just asked the United States of America for a CEASEFIRE! We will consider when Hormuz Strait is open, free, and clear. Until then, we are blasting Iran into oblivion or, as they say, back to the Stone Ages!!! President DJT Iran’s New Regime President, much less Radicalized and far more intelligent than his predecessors, has just asked the United States of America for a CEASEFIRE! We will consider when Hormuz Strait is open, free, and clear. Until then, we are blasting Iran into oblivion or, as they say, back to the Stone Ages!!! President DJT"
@realDonaldTrump,2026-03-31 14:57,2026,https://truthsocial.com/@realDonaldTrump/posts/116325785902961629,"Birthright Citizenship has to do with the babies of slaves, not Chinese Billionaires who have 56 kids, all of whom “become” American Citizens. One of the many Great Scams of our time! President DONALD J. TRUMP Birthright Citizenship has to do with the babies of slaves, not Chinese Billionaires who have 56 kids, all of whom “become” American Citizens. One of the many Great Scams of our time! President DONALD J. TRUMP"
@realDonaldTrump,2026-03-31 14:29,2026,https://truthsocial.com/@realDonaldTrump/posts/116325677707554016,"I have just met with various Political Representatives of the tragedy that took place in California concerning the burning of thousands of once beautiful homes. It was brought to my attention that the Insurance Companies, in particular, State Farm, have been absolutely horrible to people that have been paying them large Premiums for years, only to find that when tragedy struck, these horrendous Companies were not there to help! I have asked the Administrator of the U.S. Environmental Protection Agency, Lee Zeldin, to give me a list of the Companies who acted swiftly, courageously, and bravely in order to make their clients happy and, even more importantly, in order to fulfill their Legal obligations. Likewise, I have asked to see those Companies that were particularly bad. The names of some surprise me, but in the World in which we live, nothing really surprises me! State Farm, and others, should get their act together, and treat people fairly. The Government is looking into this matter as we speak! President DONALD J. TRUMP I have just met with various Political Representatives of the tragedy that took place in California concerning the burning of thousands of once beautiful homes. It was brought to my attention that the Insurance Companies, in particular, State Farm, have been absolutely horrible to people that have been paying them large Premiums for years, only to find that when tragedy struck, these horrendous Companies were not there to help! I have asked the Administrator of the U.S. Environmental Protection Agency, Lee Zeldin, to give me a list of the Companies who acted swiftly, courageously, and bravely in order to make their clients happy and, even more importantly, in order to fulfill their Legal obligations. Likewise, I have asked to see those Companies that were particularly bad. The names of some surprise me, but in the World in which we live, nothing really surprises me! State Farm, and others, should get their act together, and treat people fairly. The Government is looking into this matter as we speak! President DONALD J. TRUMP"
@realDonaldTrump,2026-03-31 09:45,2026,https://truthsocial.com/@realDonaldTrump/posts/116324560241476454,null
@realDonaldTrump,2026-03-31 08:53,2026,https://truthsocial.com/@realDonaldTrump/posts/116324355320743651,null
@realDonaldTrump,2026-03-31 08:53,2026,https://truthsocial.com/@realDonaldTrump/posts/116324354520678722,null
@realDonaldTrump,2026-03-31 07:15,2026,https://truthsocial.com/@realDonaldTrump/posts/116323969849989366,Netanyahu to Newsmax: Trump Has Shown 'Tremendous Leadership': https://www.newsmax.com/newsmax-tv/benjamin-netanyahu-israel-donald-trump/2026/03/30/id/1251249/ Netanyahu to Newsmax: Trump Has Shown 'Tremendous Leadership': https://www.newsmax.com/newsmax-tv/benjamin-netanyahu-israel-donald-trump/2026/03/30/id/1251249/
@realDonaldTrump,2026-03-31 05:19,2026,https://truthsocial.com/@realDonaldTrump/posts/116323516183718262,"The Country of France wouldn’t let planes headed to Israel, loaded up with military supplies, fly over French territory. France has been VERY UNHELPFUL with respect to the “Butcher of Iran,” who has been successfully eliminated! The U.S.A. will REMEMBER!!! President DJT The Country of France wouldn’t let planes headed to Israel, loaded up with military supplies, fly over French territory. France has been VERY UNHELPFUL with respect to the “Butcher of Iran,” who has been successfully eliminated! The U.S.A. will REMEMBER!!! President DJT"
@realDonaldTrump,2026-03-30 12:06,2026,https://truthsocial.com/@realDonaldTrump/posts/116319451196898238,null
@realDonaldTrump,2026-03-30 04:47,2026,https://truthsocial.com/@realDonaldTrump/posts/116317726153845042,"Birthright Citizenship is not about rich people from China, and the rest of the World, who want their children, and hundreds of thousands more, FOR PAY, to ridiculously become citizens of the United States of America. It is about the BABIES OF SLAVES! We are the only Country in the World that dignifies this subject with even discussion. Look at the dates of this long ago legislation - THE EXACT END OF THE CIVIL WAR! The World is getting rich selling citizenships to our Country, while at the same time laughing at how STUPID our U.S. Court System has become (TARIFFS!). “Dumb Judges and Justices will not a great Country make!” Birthright Citizenship is not about rich people from China, and the rest of the World, who want their children, and hundreds of thousands more, FOR PAY, to ridiculously become citizens of the United States of America. It is about the BABIES OF SLAVES! We are the only Country in the World that dignifies this subject with even discussion. Look at the dates of this long ago legislation - THE EXACT END OF THE CIVIL WAR! The World is getting rich selling citizenships to our Country, while at the same time laughing at how STUPID our U.S. Court System has become (TARIFFS!). “Dumb Judges and Justices will not a great Country make!”"
@realDonaldTrump,2026-03-29 20:29,2026,https://truthsocial.com/@realDonaldTrump/posts/116315768155415029,"Big day in Iran. Many long sought after targets have been taken out and destroyed by our GREAT MILITARY, the finest and most lethal in the World. God bless you all! President DJT Big day in Iran. Many long sought after targets have been taken out and destroyed by our GREAT MILITARY, the finest and most lethal in the World. God bless you all! President DJT"
@realDonaldTrump,2026-03-29 19:32,2026,https://truthsocial.com/@realDonaldTrump/posts/116315542558262664,null
@realDonaldTrump,2026-03-29 19:29,2026,https://truthsocial.com/@realDonaldTrump/posts/116315533234465639,JUST IN: Federal Housing Regulator Bill Pulte Criminally Refers Embattled New York Attorney General Letitia James for Homeowner Insurance Fraud: https://www.thegatewaypundit.com/2026/03/housing-regulator-pulte-criminally-refers-embattled-new-york/ JUST IN: Federal Housing Regulator Bill Pulte Criminally Refers Embattled New York Attorney General Letitia James for Homeowner Insurance Fraud: https://www.thegatewaypundit.com/2026/03/housing-regulator-pulte-criminally-refers-embattled-new-york/
@realDonaldTrump,2026-03-29 19:27,2026,https://truthsocial.com/@realDonaldTrump/posts/116315523560021437,Trump admin makes new criminal referrals to DOJ targeting New York AG Letitia James: https://www.foxnews.com/politics/trump-admin-makes-new-criminal-referrals-doj-targeting-new-york-ag-letitia-james Trump admin makes new criminal referrals to DOJ targeting New York AG Letitia James: https://www.foxnews.com/politics/trump-admin-makes-new-criminal-referrals-doj-targeting-new-york-ag-letitia-james
@realDonaldTrump,2026-03-29 07:41,2026,https://truthsocial.com/@realDonaldTrump/posts/116312749951796210,null
@realDonaldTrump,2026-03-29 03:25,2026,https://truthsocial.com/@realDonaldTrump/posts/116311740500942252,null
@realDonaldTrump,2026-03-29 03:24,2026,https://truthsocial.com/@realDonaldTrump/posts/116311737918445144,null
@realDonaldTrump,2026-03-29 03:20,2026,https://truthsocial.com/@realDonaldTrump/posts/116311721737212300,null
@realDonaldTrump,2026-03-28 16:37,2026,https://truthsocial.com/@realDonaldTrump/posts/116309194049631675,"TrumpRX website sees steady growth in prescription offerings, proving MAHA doubters wrong: https://justthenews.com/government/white-house/trumprx-website-sees-steady-growth-prescription-offerings-proving-maha TrumpRX website sees steady growth in prescription offerings, proving MAHA doubters wrong: https://justthenews.com/government/white-house/trumprx-website-sees-steady-growth-prescription-offerings-proving-maha"
@realDonaldTrump,2026-03-28 15:46,2026,https://truthsocial.com/@realDonaldTrump/posts/116308992209421747,"Watch Mark Levin interview of Brilliant Marc Thiessen tonight at 8:00 P.M., on FoxNews. Will discuss the importance of hitting Iran, HARD!!! President DJT Watch Mark Levin interview of Brilliant Marc Thiessen tonight at 8:00 P.M., on FoxNews. Will discuss the importance of hitting Iran, HARD!!! President DJT"
@realDonaldTrump,2026-03-27 17:21,2026,https://truthsocial.com/@realDonaldTrump/posts/116303704274241748,NY AG Letitia James referred again for criminal prosecution for alleged homeowner insurance fraud: https://justthenews.com/government/courts-law/545ny-ag-letitia-james-referred-again-criminal-prosecution-homeowner NY AG Letitia James referred again for criminal prosecution for alleged homeowner insurance fraud: https://justthenews.com/government/courts-law/545ny-ag-letitia-james-referred-again-criminal-prosecution-homeowner
@realDonaldTrump,2026-03-27 13:21,2026,https://truthsocial.com/@realDonaldTrump/posts/116302759431805190,"The Republicans should TERMINATE THE FILIBUSTER, and VOTE! Haven’t they had enough of this nonsense from the Radical Left Lunatics that are looking to destroy our Country? MAKE AMERICA GREAT AGAIN! President DONALD J. TRUMP The Republicans should TERMINATE THE FILIBUSTER, and VOTE! Haven’t they had enough of this nonsense from the Radical Left Lunatics that are looking to destroy our Country? MAKE AMERICA GREAT AGAIN! President DONALD J. TRUMP"
@realDonaldTrump,2026-03-27 12:16,2026,https://truthsocial.com/@realDonaldTrump/posts/116302505060458396,Going to make a big speech on economics in Miami. Our Military Operation in Iran is going GREAT! President DJT Going to make a big speech on economics in Miami. Our Military Operation in Iran is going GREAT! President DJT
@realDonaldTrump,2026-03-26 05:22,2026,https://truthsocial.com/@realDonaldTrump/posts/116295216341236902,"Chuck Schumer, a desperate, crippled politician, who has lost control of the Radical Left Democrats, will make a deal now because he thinks that if he doesn’t, Republicans will TERMINATE THE FILIBUSTER, something which they should do whether he makes a deal or not!!! Chuck Schumer, a desperate, crippled politician, who has lost control of the Radical Left Democrats, will make a deal now because he thinks that if he doesn’t, Republicans will TERMINATE THE FILIBUSTER, something which they should do whether he makes a deal or not!!!"
@realDonaldTrump,2026-03-26 04:59,2026,https://truthsocial.com/@realDonaldTrump/posts/116295123363005809,TERMINATE THE FILIBUSTER! TERMINATE THE FILIBUSTER!
@realDonaldTrump,2026-03-26 04:43,2026,https://truthsocial.com/@realDonaldTrump/posts/116295061962439836,"I’ve Seen Enough: The Senate Is Broken, And It’s Time To Change The Rules: https://www.dailywire.com/news/ive-seen-enough-the-senate-is-broken-and-its-time-to-change-the-rules I’ve Seen Enough: The Senate Is Broken, And It’s Time To Change The Rules: https://www.dailywire.com/news/ive-seen-enough-the-senate-is-broken-and-its-time-to-change-the-rules"
@realDonaldTrump,2026-03-26 04:43,2026,https://truthsocial.com/@realDonaldTrump/posts/116295060276845350,U.S. intercepted Ukraine government messages discussing plot to route money to Biden re-election: https://justthenews.com/government/security/nsa-intercepted-ukraine-government-messages-discussing-effort-route-money-2024 U.S. intercepted Ukraine government messages discussing plot to route money to Biden re-election: https://justthenews.com/government/security/nsa-intercepted-ukraine-government-messages-discussing-effort-route-money-2024
@realDonaldTrump,2026-03-25 08:08,2026,https://truthsocial.com/@realDonaldTrump/posts/116290206738569856,"Trump and Pirro deserve credit for big cuts to Washington, DC crime: https://www.washingtonexaminer.com/opinion/beltway-confidential/4498245/trump-and-pirro-deserve-credit-for-big-cuts-to-washington-dc-crime/ Trump and Pirro deserve credit for big cuts to Washington, DC crime: https://www.washingtonexaminer.com/opinion/beltway-confidential/4498245/trump-and-pirro-deserve-credit-for-big-cuts-to-washington-dc-crime/"
@realDonaldTrump,2026-03-25 09:24,2026,https://truthsocial.com/@realDonaldTrump/posts/116290505546059162,"The Democrats don’t want to make any deal unless Amnesty and Citizenship is given to millions of Criminals who have entered our Country illegally, many of whom have been convicted of serious crimes. PROTECT AMERICA! President DJT The Democrats don’t want to make any deal unless Amnesty and Citizenship is given to millions of Criminals who have entered our Country illegally, many of whom have been convicted of serious crimes. PROTECT AMERICA! President DJT"
@realDonaldTrump,2026-03-25 09:30,2026,https://truthsocial.com/@realDonaldTrump/posts/116290528260288417,"The Radical Left, Country Hating Democrats are trying to create inner chaos to take away from the great military achievement we are having in Iran. They hate seeing us WIN so completely and decisively, but the American public sees what is going on. AMERICA FIRST! President DJT The Radical Left, Country Hating Democrats are trying to create inner chaos to take away from the great military achievement we are having in Iran. They hate seeing us WIN so completely and decisively, but the American public sees what is going on. AMERICA FIRST! President DJT"
@realDonaldTrump,2026-03-25 10:53,2026,https://truthsocial.com/@realDonaldTrump/posts/116290852675177057,"We are asking for expedited Judicial Review because they are robbing our Country blind, “Centers” that don’t exist are being paid tremendous amounts of money, and yet we have Court Orders not letting us proceed. They are being protected by our unbelievably Corrupt and OUT OF CONTROL Court System! Billions of Dollars are being “handed over” to CROOKS, and the Courts won’t let us do anything about it. Again, EXPEDITE! President DONALD J. TRUMP We are asking for expedited Judicial Review because they are robbing our Country blind, “Centers” that don’t exist are being paid tremendous amounts of money, and yet we have Court Orders not letting us proceed. They are being protected by our unbelievably Corrupt and OUT OF CONTROL Court System! Billions of Dollars are being “handed over” to CROOKS, and the Courts won’t let us do anything about it. Again, EXPEDITE! President DONALD J. TRUMP"
@realDonaldTrump,2026-03-25 10:51,2026,https://truthsocial.com/@realDonaldTrump/posts/116290846597255331,"Speaker of the House Mike Johnson and Senate Majority Leader John Thune have been working to pass a clean extension of FISA Section 702, a Law that was passed many years ago by Congress to collect Intelligence on Foreigners and Noncitizens. When used properly, FISA is an effective tool to keep Americans safe. For these reasons, I have called for a clean 18-month extension, HOWEVER, the Critical and Common Sense Reforms that were made in the last Reauthorization of FISA must remain intact to protect the American People from abuses. Nobody understands this better than me, as I was a victim of the worst and most illegal abuse of FISA in our Nation’s History, by Radical Left Lunatics who lied to the FISA Court to spy on my 2016 Presidential Campaign in their attempt to RIG the Election in favor of Crooked Hillary Clinton. That is why, since the first day of my already Historic Second Term, my Administration has worked tirelessly to ensure these Reforms are being aggressively executed at every level of the Executive Branch to keep Americans safe, while protecting their sacred Civil Liberties guaranteed by our Great Constitution. With the ongoing successful Military activities against the Terrorist Iranian Regime, it is more important than ever that we remain vigilant, PROTECT our Homeland, Troops, and Diplomats stationed abroad, and maintain our ability to quickly stop bad actors seeking to cause harm to our People and our Country. The fact is, whether you like FISA or not, it is extremely important to our Military. I have spoken to many Generals about this, and they consider it vital. Not one said, even tacitly, that they can do without it — especially right now with our brilliant Military Operation in Iran. Thank you for your attention to this very important matter! President DONALD J. TRUMP Speaker of the House Mike Johnson and Senate Majority Leader John Thune have been working to pass a clean extension of FISA Section 702, a Law that was passed many years ago by Congress to collect Intelligence on Foreigners and Noncitizens. When used properly, FISA is an effective tool to keep Americans safe. For these reasons, I have called for a clean 18-month extension, HOWEVER, the Critical and Common Sense Reforms that were made in the last Reauthorization of FISA must remain intact to protect the American People from abuses. Nobody understands this better than me, as I was a victim of the worst and most illegal abuse of FISA in our Nation’s History, by Radical Left Lunatics who lied to the FISA Court to spy on my 2016 Presidential Campaign in their attempt to RIG the Election in favor of Crooked Hillary Clinton. That is why, since the first day of my already Historic Second Term, my Administration has worked tirelessly to ensure these Reforms are being aggressively executed at every level of the Executive Branch to keep Americans safe, while protecting their sacred Civil Liberties guaranteed by our Great Constitution. With the ongoing successful Military activities against the Terrorist Iranian Regime, it is more important than ever that we remain vigilant, PROTECT our Homeland, Troops, and Diplomats stationed abroad, and maintain our ability to quickly stop bad actors seeking to cause harm to our People and our Country. The fact is, whether you like FISA or not, it is extremely important to our Military. I have spoken to many Generals about this, and they consider it vital. Not one said, even tacitly, that they can do without it — especially right now with our brilliant Military Operation in Iran. Thank you for your attention to this very important matter! President DONALD J. TRUMP"
@realDonaldTrump,2026-03-25 09:14,2026,https://truthsocial.com/@realDonaldTrump/posts/116290465114134220,"Blame the Democrats for the Airport’s mess. They want our Country to do badly. They want our Country to fail. They broke the already signed Bill because they want to take care of Criminals who enter our Country illegally, rather than American citizens. Thank you to our great ICE Patriots for helping. It makes a big difference. I may call up the National Guard for more help. President DJT. Blame the Democrats for the Airport’s mess. They want our Country to do badly. They want our Country to fail. They broke the already signed Bill because they want to take care of Criminals who enter our Country illegally, rather than American citizens. Thank you to our great ICE Patriots for helping. It makes a big difference. I may call up the National Guard for more help. President DJT."
@realDonaldTrump,2026-03-24 21:45,2026,https://truthsocial.com/@realDonaldTrump/posts/116287754799935332,"Iran’s flex of long-range ballistic missiles vindicates Trump, may change European calculus: https://justthenews.com/government/security/irans-flex-long-range-ballistic-missiles-vindicates-trump-threat-perception Iran’s flex of long-range ballistic missiles vindicates Trump, may change European calculus: https://justthenews.com/government/security/irans-flex-long-range-ballistic-missiles-vindicates-trump-threat-perception"
@realDonaldTrump,2026-03-24 21:44,2026,https://truthsocial.com/@realDonaldTrump/posts/116287752129128324,"Trump admin looks to streamline permitting, lower costs to help make home ownership more attainable: https://justthenews.com/politics-policy/regulation/trump-administration-looks-streamline-home-permitting-and-bring-down Trump admin looks to streamline permitting, lower costs to help make home ownership more attainable: https://justthenews.com/politics-policy/regulation/trump-administration-looks-streamline-home-permitting-and-bring-down"
@realDonaldTrump,2026-03-24 21:26,2026,https://truthsocial.com/@realDonaldTrump/posts/116287679930753202,null
@realDonaldTrump,2026-03-24 17:19,2026,https://truthsocial.com/@realDonaldTrump/posts/116286710096907230,"Highly Respected Prime Minister of Hungary, Viktor Orbán, is a truly strong and powerful Leader, with a proven track record of delivering phenomenal results. He fights tirelessly for, and loves, his Great Country and People, just like I do for the United States of America. Viktor works hard to Protect Hungary, Grow the Economy, Create Jobs, Promote Trade, Stop Illegal Immigration, and Ensure LAW AND ORDER! Relations between Hungary and the United States have reached new heights of cooperation and spectacular achievement under my Administration, thanks largely to Prime Minister Orbán. I look forward to continuing working closely with him so that both of our Countries can further advance this tremendous path to SUCCESS and cooperation. I was proud to ENDORSE Viktor for Re-Election in 2022, and am honored to do so again. Election Day is April 12, 2026. Hungary: GET OUT AND VOTE FOR VIKTOR ORBÁN. He is a true friend, fighter, and WINNER, and has my Complete and Total Endorsement for Re-Election as Prime Minister of Hungary — VIKTOR ORBÁN WILL NEVER LET THE GREAT PEOPLE OF HUNGARY DOWN. I AM WITH HIM ALL THE WAY! PRESIDENT DONALD J. TRUMP Highly Respected Prime Minister of Hungary, Viktor Orbán, is a truly strong and powerful Leader, with a proven track record of delivering phenomenal results. He fights tirelessly for, and loves, his Great Country and People, just like I do for the United States of America. Viktor works hard to Protect Hungary, Grow the Economy, Create Jobs, Promote Trade, Stop Illegal Immigration, and Ensure LAW AND ORDER! Relations between Hungary and the United States have reached new heights of cooperation and spectacular achievement under my Administration, thanks largely to Prime Minister Orbán. I look forward to continuing working closely with him so that both of our Countries can further advance this tremendous path to SUCCESS and cooperation. I was proud to ENDORSE Viktor for Re-Election in 2022, and am honored to do so again. Election Day is April 12, 2026. Hungary: GET OUT AND VOTE FOR VIKTOR ORBÁN. He is a true friend, fighter, and WINNER, and has my Complete and Total Endorsement for Re-Election as Prime Minister of Hungary — VIKTOR ORBÁN WILL NEVER LET THE GREAT PEOPLE OF HUNGARY DOWN. I AM WITH HIM ALL THE WAY! PRESIDENT DONALD J. TRUMP"
@realDonaldTrump,2026-03-24 13:57,2026,https://truthsocial.com/@realDonaldTrump/posts/116285916990204668,"It is my Great Honor to endorse T.W. Shannon, an America First Patriot who is running for Lieutenant Governor of Oklahoma, a place I love and WON BIG, winning all 77 out of 77 Counties in 2016, 2020, and 2024! As the youngest House Speaker in Oklahoma’s History, the National Chair of Black Voices for Trump and, as a former Senior Appointee at the U.S. Department of Agriculture in my Administration, T.W. has proven he has the Courage and Wisdom to deliver strong results for the incredible people of his State and Nation — He has truly been with us from the beginning! As your next Lieutenant Governor, T.W. will work hard to Grow our Economy, Cut Taxes and Regulations, Support our Amazing Farmers and Ranchers, Promote MADE IN THE U.S.A., Unleash American Energy DOMINANCE, Keep our Border SECURE, Stop Migrant Crime, Advance Election Integrity, Ensure LAW AND ORDER, Strengthen our Military, Veterans, and Law Enforcement, and Protect our always under siege Second Amendment. T.W. Shannon has my Complete and Total Endorsement to be the next Lieutenant Governor of Oklahoma — HE WILL NEVER LET YOU DOWN! It is my Great Honor to endorse T.W. Shannon, an America First Patriot who is running for Lieutenant Governor of Oklahoma, a place I love and WON BIG, winning all 77 out of 77 Counties in 2016, 2020, and 2024! As the youngest House Speaker in Oklahoma’s History, the National Chair of Black Voices for Trump and, as a former Senior Appointee at the U.S. Department of Agriculture in my Administration, T.W. has proven he has the Courage and Wisdom to deliver strong results for the incredible people of his State and Nation — He has truly been with us from the beginning! As your next Lieutenant Governor, T.W. will work hard to Grow our Economy, Cut Taxes and Regulations, Support our Amazing Farmers and Ranchers, Promote MADE IN THE U.S.A., Unleash American Energy DOMINANCE, Keep our Border SECURE, Stop Migrant Crime, Advance Election Integrity, Ensure LAW AND ORDER, Strengthen our Military, Veterans, and Law Enforcement, and Protect our always under siege Second Amendment. T.W. Shannon has my Complete and Total Endorsement to be the next Lieutenant Governor of Oklahoma — HE WILL NEVER LET YOU DOWN!"
@realDonaldTrump,2026-03-24 13:55,2026,https://truthsocial.com/@realDonaldTrump/posts/116285908636437489,"It is my Great Honor to endorse State Representative Michelle Davis, a REAL Republican running for Indiana's 41st State Senate District (which I won by 33 points!), against RINO incumbent Greg Walker! Michelle will be a fantastic replacement for Walker who, for whatever reason, voted against Redistricting in Indiana, which puts the United States Congress in jeopardy. Walker and his RINO friends made Indiana, a State I love and have been very good to, the only State in the Country that essentially said they don’t care about what happens in the United States Congress. We could have easily picked up two seats in Indiana, so Walker, an America Last politician, put our Majority in the House of Representatives at risk, thereby putting our Country in a very dangerous position in losing some of the magnificent gains that we have made over the last year, since I assumed the Office of President. State Representative Michelle Davis, on the other hand, strongly voted WITH Republicans to pass Redistricting in the State House, unlike “RINO” Greg Walker, who voted with the Democrats in the State Senate to stop it. As your next State Senator, Michelle will fight tirelessly to Protect ""Hoosier"" Values, Advocate for the Working Men and Women of Indiana, Grow our Economy, Cut Taxes and Regulations, Promote American Manufacturing, Advance MADE IN THE U.S.A., Unleash American Energy DOMINANCE, Keep our Border SECURE, Support our Military, Veterans, and Law Enforcement, Advance Election Integrity, and Defend our always under siege Second Amendment. Michelle Davis has my Complete and Total Endorsement to be the next State Senator from Indiana's 41st Senate District. Unlike incumbent Greg Walker, a “RINO” LOSER who has failed the fantastic people of Indiana so badly, MICHELLE DAVIS IS A WINNER WHO WILL NOT LET YOU DOWN! It is my Great Honor to endorse State Representative Michelle Davis, a REAL Republican running for Indiana's 41st State Senate District (which I won by 33 points!), against RINO incumbent Greg Walker! Michelle will be a fantastic replacement for Walker who, for whatever reason, voted against Redistricting in Indiana, which puts the United States Congress in jeopardy. Walker and his RINO friends made Indiana, a State I love and have been very good to, the only State in the Country that essentially said they don’t care about what happens in the United States Congress. We could have easily picked up two seats in Indiana, so Walker, an America Last politician, put our Majority in the House of Representatives at risk, thereby putting our Country in a very dangerous position in losing some of the magnificent gains that we have made over the last year, since I assumed the Office of President. State Representative Michelle Davis, on the other hand, strongly voted WITH Republicans to pass Redistricting in the State House, unlike “RINO” Greg Walker, who voted with the Democrats in the State Senate to stop it. As your next State Senator, Michelle will fight tirelessly to Protect ""Hoosier"" Values, Advocate for the Working Men and Women of Indiana, Grow our Economy, Cut Taxes and Regulations, Promote American Manufacturing, Advance MADE IN THE U.S.A., Unleash American Energy DOMINANCE, Keep our Border SECURE, Support our Military, Veterans, and Law Enforcement, Advance Election Integrity, and Defend our always under siege Second Amendment. Michelle Davis has my Complete and Total Endorsement to be the next State Senator from Indiana's 41st Senate District. Unlike incumbent Greg Walker, a “RINO” LOSER who has failed the fantastic people of Indiana so badly, MICHELLE DAVIS IS A WINNER WHO WILL NOT LET YOU DOWN!"
@realDonaldTrump,2026-03-24 13:53,2026,https://truthsocial.com/@realDonaldTrump/posts/116285900153878228,"It is my Great Honor to endorse MAGA Warrior and Fountain County GOP Chair, Paula Copenhaver, a terrific Candidate for Indiana's 23rd State Senate District (which I won by 26 points!). Paula is running against an incompetent and ineffective RINO incumbent named Spencer Deery who, for whatever reason, betrayed his voters by voting against Redistricting in Indiana. Deery and his RINO friends made Indiana, a State I love and have been very good to, the only State in the Country that essentially said they don’t care if Democrats and Radical Liberal Judges keep conspiring to steal seats in the United States Congress from Republicans. We could have easily picked up two seats in Indiana, but Deery, an America Last politician, would rather side with Far Left Democrats who will do anything and everything in their power to reverse the incredible progress we have made for the American people over the last year since I reassumed the Office of President. While “RINO” Spencer Deery prefers Democrats, Paula Copenhaver has helped REAL Republicans get elected across her Community, As your next State Senator, Paula will work hard to Protect ""Hoosier"" Values, Advocate for the Working Men and Women of Indiana, Grow the Economy, Cut Taxes and Regulations, Promote American Manufacturing, Advance MADE IN THE U.S.A., Unleash American Energy DOMINANCE, Keep our Border SECURE, Ensure LAW AND ORDER, Support our Brave Military, Veterans, and Law Enforcement, Safeguard our Elections, and Protect our always under siege Second Amendment. Paula Copenhaver has my Complete and Total Endorsement to be the next State Senator from Indiana's 23rd Senate District. Unlike incumbent Spencer Deery, a “RINO” who has become a favorite politician of the Far Left, PAULA COPENHAVER IS A WINNER WHO WILL NEVER LET YOU DOWN! It is my Great Honor to endorse MAGA Warrior and Fountain County GOP Chair, Paula Copenhaver, a terrific Candidate for Indiana's 23rd State Senate District (which I won by 26 points!). Paula is running against an incompetent and ineffective RINO incumbent named Spencer Deery who, for whatever reason, betrayed his voters by voting against Redistricting in Indiana. Deery and his RINO friends made Indiana, a State I love and have been very good to, the only State in the Country that essentially said they don’t care if Democrats and Radical Liberal Judges keep conspiring to steal seats in the United States Congress from Republicans. We could have easily picked up two seats in Indiana, but Deery, an America Last politician, would rather side with Far Left Democrats who will do anything and everything in their power to reverse the incredible progress we have made for the American people over the last year since I reassumed the Office of President. While “RINO” Spencer Deery prefers Democrats, Paula Copenhaver has helped REAL Republicans get elected across her Community, As your next State Senator, Paula will work hard to Protect ""Hoosier"" Values, Advocate for the Working Men and Women of Indiana, Grow the Economy, Cut Taxes and Regulations, Promote American Manufacturing, Advance MADE IN THE U.S.A., Unleash American Energy DOMINANCE, Keep our Border SECURE, Ensure LAW AND ORDER, Support our Brave Military, Veterans, and Law Enforcement, Safeguard our Elections, and Protect our always under siege Second Amendment. Paula Copenhaver has my Complete and Total Endorsement to be the next State Senator from Indiana's 23rd Senate District. Unlike incumbent Spencer Deery, a “RINO” who has become a favorite politician of the Far Left, PAULA COPENHAVER IS A WINNER WHO WILL NEVER LET YOU DOWN!"
@realDonaldTrump,2026-03-24 13:45,2026,https://truthsocial.com/@realDonaldTrump/posts/116285866660628943,"Bluffton City Councilman Blake Fiechter, a True America First Patriot, is running against “RINO” State Senator Travis Holdman, in Indiana’s 19th Senate District who, for whatever reason, voted against Redistricting in Indiana, in a District that I won by 39 points, which puts the United States Congress in jeopardy. Holdman and his RINO friends made Indiana, a State I love and have been very good to, the only State in the Country that essentially said they don’t care about what happens in the United States Congress. We could have easily picked up two seats in Indiana, so Holdman, an America Last politician, put our Majority in the House of Representatives at risk, thereby putting our Country in a very dangerous position in losing some of the magnificent gains that we have made over the last year, since I assumed the Office of President. On the other hand, Blake Fiechter, a very successful Real Estate Broker, Proud Husband, Loving Father to three girls, and a Highly Respected Councilman in the wonderful City of Bluffton, has dedicated his life to serving the Community which he loves so much. As your next State Senator, Blake will fight tirelessly to Protect ""Hoosier"" Values, Promote our Amazing Farmers and Ranchers, Grow our Economy, Cut Taxes and Regulations, Advance MADE IN THE U.S.A., Promote American Energy DOMINANCE, Keep our Border SECURE, Support our Brave Military, Veterans, and Law Enforcement, Ensure LAW AND ORDER, Safeguard our Elections, and Protect our always under siege Second Amendment. Blake Fiechter has my Complete and Total Endorsement against RINO Travis Holdman — BLAKE WILL NEVER LET YOU DOWN! Bluffton City Councilman Blake Fiechter, a True America First Patriot, is running against “RINO” State Senator Travis Holdman, in Indiana’s 19th Senate District who, for whatever reason, voted against Redistricting in Indiana, in a District that I won by 39 points, which puts the United States Congress in jeopardy. Holdman and his RINO friends made Indiana, a State I love and have been very good to, the only State in the Country that essentially said they don’t care about what happens in the United States Congress. We could have easily picked up two seats in Indiana, so Holdman, an America Last politician, put our Majority in the House of Representatives at risk, thereby putting our Country in a very dangerous position in losing some of the magnificent gains that we have made over the last year, since I assumed the Office of President. On the other hand, Blake Fiechter, a very successful Real Estate Broker, Proud Husband, Loving Father to three girls, and a Highly Respected Councilman in the wonderful City of Bluffton, has dedicated his life to serving the Community which he loves so much. As your next State Senator, Blake will fight tirelessly to Protect ""Hoosier"" Values, Promote our Amazing Farmers and Ranchers, Grow our Economy, Cut Taxes and Regulations, Advance MADE IN THE U.S.A., Promote American Energy DOMINANCE, Keep our Border SECURE, Support our Brave Military, Veterans, and Law Enforcement, Ensure LAW AND ORDER, Safeguard our Elections, and Protect our always under siege Second Amendment. Blake Fiechter has my Complete and Total Endorsement against RINO Travis Holdman — BLAKE WILL NEVER LET YOU DOWN!"
@realDonaldTrump,2026-03-24 13:40,2026,https://truthsocial.com/@realDonaldTrump/posts/116285849550720642,"State Senator Gary Byrne is doing a fantastic job representing the incredible people of Indiana’s 47th Congressional District! A Highly Respected Businessman, North Harrison School Board Member, and Councilman for Harrison County, prior to becoming a distinguished State Senator, Gary has dedicated his life to serving his Community. In the State Senate, he is working hard to Protect “Hoosier” Values, Grow our Economy, Cut Taxes and Regulations, Champion American Energy DOMINANCE, Promote MADE IN THE U.S.A., Stop Migrant Crime, Strengthen our Military/Veterans, Ensure LAW AND ORDER, Advance Election Integrity, and Protect our always under siege Second Amendment. Gary Byrne has my Complete and Total Endorsement for Re-Election — HE WILL NEVER LET YOU DOWN! State Senator Gary Byrne is doing a fantastic job representing the incredible people of Indiana’s 47th Congressional District! A Highly Respected Businessman, North Harrison School Board Member, and Councilman for Harrison County, prior to becoming a distinguished State Senator, Gary has dedicated his life to serving his Community. In the State Senate, he is working hard to Protect “Hoosier” Values, Grow our Economy, Cut Taxes and Regulations, Champion American Energy DOMINANCE, Promote MADE IN THE U.S.A., Stop Migrant Crime, Strengthen our Military/Veterans, Ensure LAW AND ORDER, Advance Election Integrity, and Protect our always under siege Second Amendment. Gary Byrne has my Complete and Total Endorsement for Re-Election — HE WILL NEVER LET YOU DOWN!"
@realDonaldTrump,2026-03-24 13:39,2026,https://truthsocial.com/@realDonaldTrump/posts/116285846284609248,"State Senator Chris Garten is a true MAGA Warrior and America First Patriot for the Great People of Indiana’s 45th State Senate District! As the Majority Floor Leader of the Indiana State Senate, and Brave U.S. Marine Corps Veteran, Chris is a Proven Leader who is doing a fantastic job advancing our AMERICA FIRST Agenda. He is working tirelessly to Protect “Hoosier” Values, Grow the Economy, Cut Taxes and Regulations, Promote MADE IN THE U.S.A., Unleash American Energy DOMINANCE, Stop Migrant Crime, Strengthen our Brave Military/Veterans, Ensure LAW AND ORDER, Safeguard our Elections, and Defend our always under siege Second Amendment. Chris Garten has my Complete and Total Endorsement for Re-Election — HE WILL NEVER LET YOU DOWN! State Senator Chris Garten is a true MAGA Warrior and America First Patriot for the Great People of Indiana’s 45th State Senate District! As the Majority Floor Leader of the Indiana State Senate, and Brave U.S. Marine Corps Veteran, Chris is a Proven Leader who is doing a fantastic job advancing our AMERICA FIRST Agenda. He is working tirelessly to Protect “Hoosier” Values, Grow the Economy, Cut Taxes and Regulations, Promote MADE IN THE U.S.A., Unleash American Energy DOMINANCE, Stop Migrant Crime, Strengthen our Brave Military/Veterans, Ensure LAW AND ORDER, Safeguard our Elections, and Defend our always under siege Second Amendment. Chris Garten has my Complete and Total Endorsement for Re-Election — HE WILL NEVER LET YOU DOWN!"
@realDonaldTrump,2026-03-24 13:39,2026,https://truthsocial.com/@realDonaldTrump/posts/116285842940120300,"State Senator Scott Alexander is doing a terrific job representing the wonderful people of Indiana’s 26th State Senate District! A Successful Entrepreneur and Civic Leader, before his service in the State Senate, Scott is a Proven Leader who has dedicated his life to serving his Community. In the State Senate, he is working hard to Protect “Hoosier” Values, Grow the Economy, Cut Taxes and Regulations, Promote MADE IN THE U.S.A., Champion American Energy DOMINANCE, Stop Migrant Crime, Ensure LAW AND ORDER, Strengthen our Military/Veterans, Advance Election Integrity, and Defend our always under siege Second Amendment. Scott Alexander has my Complete and Total Endorsement for Re-Election — HE WILL NEVER LET YOU DOWN! State Senator Scott Alexander is doing a terrific job representing the wonderful people of Indiana’s 26th State Senate District! A Successful Entrepreneur and Civic Leader, before his service in the State Senate, Scott is a Proven Leader who has dedicated his life to serving his Community. In the State Senate, he is working hard to Protect “Hoosier” Values, Grow the Economy, Cut Taxes and Regulations, Promote MADE IN THE U.S.A., Champion American Energy DOMINANCE, Stop Migrant Crime, Ensure LAW AND ORDER, Strengthen our Military/Veterans, Advance Election Integrity, and Defend our always under siege Second Amendment. Scott Alexander has my Complete and Total Endorsement for Re-Election — HE WILL NEVER LET YOU DOWN!"
@realDonaldTrump,2026-03-24 13:37,2026,https://truthsocial.com/@realDonaldTrump/posts/116285837978693829,"State Senator Mike Gaskill is a MAGA Warrior who is doing a tremendous job representing Indiana’s 25th State Senate District! A Highly Successful Businessman, Mike knows the AMERICA FIRST Policies necessary to Create GREAT Jobs, Promote MADE IN THE U.S.A., Unleash Innovation, and Advance American Energy DOMINANCE. In the State Senate, he is fighting tirelessly to Protect “Hoosier” Values, Grow our Economy, Cut Taxes and Regulations, Stop Migrant Crime, Support our Brave Military/Veterans, Safeguard our Elections, and Defend our always under siege Second Amendment. Mike Gaskill has my Complete and Total Endorsement for Re-Election — HE WILL NEVER LET YOU DOWN! State Senator Mike Gaskill is a MAGA Warrior who is doing a tremendous job representing Indiana’s 25th State Senate District! A Highly Successful Businessman, Mike knows the AMERICA FIRST Policies necessary to Create GREAT Jobs, Promote MADE IN THE U.S.A., Unleash Innovation, and Advance American Energy DOMINANCE. In the State Senate, he is fighting tirelessly to Protect “Hoosier” Values, Grow our Economy, Cut Taxes and Regulations, Stop Migrant Crime, Support our Brave Military/Veterans, Safeguard our Elections, and Defend our always under siege Second Amendment. Mike Gaskill has my Complete and Total Endorsement for Re-Election — HE WILL NEVER LET YOU DOWN!"
@realDonaldTrump,2026-03-24 13:36,2026,https://truthsocial.com/@realDonaldTrump/posts/116285831257066510,"State Senator Tyler Johnson is an America First Patriot who is doing a fantastic job representing Indiana’s 14th State Senate District! A Proven Leader, Tyler serves his Community as a Highly Respected Emergency Room Physician, in addition to being a highly effective State Senator. In the State Senate, he is working tirelessly to Protect ""Hoosier"" Values, Grow our Economy, Cut Taxes and Regulations, Promote MADE IN THE U.S.A., Champion American Energy DOMINANCE, Stop Migrant Crime, Strengthen our Military/Veterans, Advance Election Integrity, Promote School Choice, and Defend our always under siege Second Amendment. Dr. Tyler Johnson has my Complete and Total Endorsement for Re-Election — HE WILL NEVER LET YOU DOWN! State Senator Tyler Johnson is an America First Patriot who is doing a fantastic job representing Indiana’s 14th State Senate District! A Proven Leader, Tyler serves his Community as a Highly Respected Emergency Room Physician, in addition to being a highly effective State Senator. In the State Senate, he is working tirelessly to Protect ""Hoosier"" Values, Grow our Economy, Cut Taxes and Regulations, Promote MADE IN THE U.S.A., Champion American Energy DOMINANCE, Stop Migrant Crime, Strengthen our Military/Veterans, Advance Election Integrity, Promote School Choice, and Defend our always under siege Second Amendment. Dr. Tyler Johnson has my Complete and Total Endorsement for Re-Election — HE WILL NEVER LET YOU DOWN!"
@realDonaldTrump,2026-03-24 13:33,2026,https://truthsocial.com/@realDonaldTrump/posts/116285820638971415,"Word is that Sydney Gruters, the wife of our GREAT Chairman of the Republican National Committee, Joe Gruters, is considering launching her Campaign for Congress in Florida's 16th Congressional District!A Highly Successful Civic Leader and Public Servant, Sydney has dedicated her life to serving her Community, and she and her family are fierce advocates for our Movement to, MAKE AMERICA GREAT AGAIN! As your next Congresswoman, Sydney will fight tirelessly to Grow our Economy, Cut Taxes and Regulations, Promote MADE IN THE U.S.A., Unleash American Energy DOMINANCE, Keep our Border SECURE, Stop Migrant Crime, Support our Military/Veterans, Safeguard our Elections, Champion School Choice, and Defend our always under siege Second Amendment.Should she decide to enter this Race, Sydney Gruters has my Complete and Total Endorsement. RUN, SYDNEY, RUN! Word is that Sydney Gruters, the wife of our GREAT Chairman of the Republican National Committee, Joe Gruters, is considering launching her Campaign for Congress in Florida's 16th Congressional District! A Highly Successful Civic Leader and Public Servant, Sydney has dedicated her life to serving her Community, and she and her family are fierce advocates for our Movement to, MAKE AMERICA GREAT AGAIN! As your next Congresswoman, Sydney will fight tirelessly to Grow our Economy, Cut Taxes and Regulations, Promote MADE IN THE U.S.A., Unleash American Energy DOMINANCE, Keep our Border SECURE, Stop Migrant Crime, Support our Military/Veterans, Safeguard our Elections, Champion School Choice, and Defend our always under siege Second Amendment. Should she decide to enter this Race, Sydney Gruters has my Complete and Total Endorsement. RUN, SYDNEY, RUN!"
@realDonaldTrump,2026-03-23 23:48,2026,https://truthsocial.com/@realDonaldTrump/posts/116282577310101116,"Democrats are desperate to keep illegals, no matter how bad or dangerous they me be, in the Country. They want them to VOTE! That’s why they are fighting so hard to neutralize ICE. We will fight them all the way, and WIN! Democrats are desperate to keep illegals, no matter how bad or dangerous they me be, in the Country. They want them to VOTE! That’s why they are fighting so hard to neutralize ICE. We will fight them all the way, and WIN!"
@realDonaldTrump,2026-03-23 22:12,2026,https://truthsocial.com/@realDonaldTrump/posts/116282197447416114,null
@realDonaldTrump,2026-03-23 22:10,2026,https://truthsocial.com/@realDonaldTrump/posts/116282191339559931,null
@realDonaldTrump,2026-03-23 06:57,2026,https://truthsocial.com/@realDonaldTrump/posts/116278600245530358,"I am a BIG proponent of ICE wearing masks as they search for, and are forced to deal with, hardened criminals, many of whom were let into our Country by Sleepy Joe Biden and his wonderful “Border Czar,” Kamala (she never even went to the Border!), through their absolutely INSANE Open Border Policy. I would greatly appreciate, however, NO MASKS, when helping our Country out of the Democrat caused MESS at the airports, etc. Thank you! President DJT I am a BIG proponent of ICE wearing masks as they search for, and are forced to deal with, hardened criminals, many of whom were let into our Country by Sleepy Joe Biden and his wonderful “Border Czar,” Kamala (she never even went to the Border!), through their absolutely INSANE Open Border Policy. I would greatly appreciate, however, NO MASKS, when helping our Country out of the Democrat caused MESS at the airports, etc. Thank you! President DJT"
@realDonaldTrump,2026-03-23 05:23,2026,https://truthsocial.com/@realDonaldTrump/posts/116278232362967212,"I AM PLEASED TO REPORT THAT THE UNITED STATES OF AMERICA, AND THE COUNTRY OF IRAN, HAVE HAD, OVER THE LAST TWO DAYS, VERY GOOD AND PRODUCTIVE CONVERSATIONS REGARDING A COMPLETE AND TOTAL RESOLUTION OF OUR HOSTILITIES IN THE MIDDLE EAST. BASED ON THE TENOR AND TONE OF THESE IN DEPTH, DETAILED, AND CONSTRUCTIVE CONVERSATIONS, WHICH WILL CONTINUE THROUGHOUT THE WEEK, I HAVE INSTRUCTED THE DEPARTMENT OF WAR TO POSTPONE ANY AND ALL MILITARY STRIKES AGAINST IRANIAN POWER PLANTS AND ENERGY INFRASTRUCTURE FOR A FIVE DAY PERIOD, SUBJECT TO THE SUCCESS OF THE ONGOING MEETINGS AND DISCUSSIONS. THANK YOU FOR YOUR ATTENTION TO THIS MATTER! PRESIDENT DONALD J. TRUMP I AM PLEASED TO REPORT THAT THE UNITED STATES OF AMERICA, AND THE COUNTRY OF IRAN, HAVE HAD, OVER THE LAST TWO DAYS, VERY GOOD AND PRODUCTIVE CONVERSATIONS REGARDING A COMPLETE AND TOTAL RESOLUTION OF OUR HOSTILITIES IN THE MIDDLE EAST. BASED ON THE TENOR AND TONE OF THESE IN DEPTH, DETAILED, AND CONSTRUCTIVE CONVERSATIONS, WHICH WILL CONTINUE THROUGHOUT THE WEEK, I HAVE INSTRUCTED THE DEPARTMENT OF WAR TO POSTPONE ANY AND ALL MILITARY STRIKES AGAINST IRANIAN POWER PLANTS AND ENERGY INFRASTRUCTURE FOR A FIVE DAY PERIOD, SUBJECT TO THE SUCCESS OF THE ONGOING MEETINGS AND DISCUSSIONS. THANK YOU FOR YOUR ATTENTION TO THIS MATTER! PRESIDENT DONALD J. TRUMP"
@realDonaldTrump,2026-03-23 08:13,2026,https://truthsocial.com/@realDonaldTrump/posts/116278899551484414,null
@realDonaldTrump,2026-03-23 08:13,2026,https://truthsocial.com/@realDonaldTrump/posts/116278898617605808,null
@realDonaldTrump,2026-03-23 08:12,2026,https://truthsocial.com/@realDonaldTrump/posts/116278895739918982,null
@realDonaldTrump,2026-03-23 08:11,2026,https://truthsocial.com/@realDonaldTrump/posts/116278892438747425,null
@realDonaldTrump,2026-03-23 08:11,2026,https://truthsocial.com/@realDonaldTrump/posts/116278891641245204,null
@realDonaldTrump,2026-03-23 08:10,2026,https://truthsocial.com/@realDonaldTrump/posts/116278886833581746,Trump administration cancels $109M in environmentally focused transportation grants for Colorado: https://coloradosun.com/2025/12/16/trump-administration-cuts-transportation-grants-colorado/ Trump administration cancels $109M in environmentally focused transportation grants for Colorado: https://coloradosun.com/2025/12/16/trump-administration-cuts-transportation-grants-colorado/
@realDonaldTrump,2026-03-23 08:08,2026,https://truthsocial.com/@realDonaldTrump/posts/116278882455205480,Kelsey Grammer calls Trump ‘one of the greatest presidents we’ve ever had’ at Kennedy Center Honors: https://nypost.com/2025/12/08/entertainment/kelsey-grammer-calls-trump-one-of-the-greatest-presidents-weve-ever-had/ Kelsey Grammer calls Trump ‘one of the greatest presidents we’ve ever had’ at Kennedy Center Honors: https://nypost.com/2025/12/08/entertainment/kelsey-grammer-calls-trump-one-of-the-greatest-presidents-weve-ever-had/
@realDonaldTrump,2026-03-22 18:31,2026,https://truthsocial.com/@realDonaldTrump/posts/116275668825285445,"I don’t think we should make any deal with the Crazy, Country Destroying, Radical Left Democrats unless, and until, they Vote with Republicans to pass “THE SAVE AMERICA ACT.” It is far more important than anything else we are doing in the Senate, and that includes giving these same terrible people, the Dems (who are to blame for this mess!), a Five Billion Dollar cut in ICE funding, a deal which, even when disguised as something else, is unacceptable to me and the American people - UNLESS it includes their approval of Voter I.D., (with picture!), Citizenship to Vote, No Mail-In Voting (with exceptions), All Paper Ballots, No Men In Women’s Sports, and No Transgender MUTILIZATION of our precious children. Put it all together, and also, let Leader Thune clearly identify those few “Republicans” that are Voting against AMERICA. They will never be elected again! In other words, lump everything together as one, and VOTE!!! Kill the Filibuster, and stay in D.C. for Easter, if necessary. MAKE AMERICA GREAT AGAIN! President DJT I don’t think we should make any deal with the Crazy, Country Destroying, Radical Left Democrats unless, and until, they Vote with Republicans to pass “THE SAVE AMERICA ACT.” It is far more important than anything else we are doing in the Senate, and that includes giving these same terrible people, the Dems (who are to blame for this mess!), a Five Billion Dollar cut in ICE funding, a deal which, even when disguised as something else, is unacceptable to me and the American people - UNLESS it includes their approval of Voter I.D., (with picture!), Citizenship to Vote, No Mail-In Voting (with exceptions), All Paper Ballots, No Men In Women’s Sports, and No Transgender MUTILIZATION of our precious children. Put it all together, and also, let Leader Thune clearly identify those few “Republicans” that are Voting against AMERICA. They will never be elected again! In other words, lump everything together as one, and VOTE!!! Kill the Filibuster, and stay in D.C. for Easter, if necessary. MAKE AMERICA GREAT AGAIN! President DJT"
@realDonaldTrump,2026-03-22 08:55,2026,https://truthsocial.com/@realDonaldTrump/posts/116273404107454540,null
@realDonaldTrump,2026-03-22 07:46,2026,https://truthsocial.com/@realDonaldTrump/posts/116273130324592463,null
@realDonaldTrump,2026-03-22 07:33,2026,https://truthsocial.com/@realDonaldTrump/posts/116273082320286134,SAVE America Act Hits the Achilles Heel of Democrats’ Fraud Scheme: https://www.stonecoldtruth.com/p/save-america-act-hits-the-achilles SAVE America Act Hits the Achilles Heel of Democrats’ Fraud Scheme: https://www.stonecoldtruth.com/p/save-america-act-hits-the-achilles
@realDonaldTrump,2026-03-22 06:24,2026,https://truthsocial.com/@realDonaldTrump/posts/116272810363139207,"Now with the death of Iran, the greatest enemy America has is the Radical Left, Highly Incompetent, Democrat Party! Thank you for your attention to this matter. President DJT Now with the death of Iran, the greatest enemy America has is the Radical Left, Highly Incompetent, Democrat Party! Thank you for your attention to this matter. President DJT"
@realDonaldTrump,2026-03-22 06:14,2026,https://truthsocial.com/@realDonaldTrump/posts/116272769184615047,https://truthsocial.com/@IStandWithTrump47/116272413318941729 https://truthsocial.com/@IStandWithTrump47/116272413318941729
@realDonaldTrump,2026-03-22 06:13,2026,https://truthsocial.com/@realDonaldTrump/posts/116272764873568314,https://truthsocial.com/@IStandWithTrump47/116164006155671847 https://truthsocial.com/@IStandWithTrump47/116164006155671847
@realDonaldTrump,2026-03-21 11:42,2026,https://truthsocial.com/@realDonaldTrump/posts/116268396341038197,"The Radical Left Democrats have hurt so many people with their vicious and uncaring ways. What they have done to the Department of Homeland Security, our fantastic TSA Officers, and, most importantly, the great people of our Country, is an absolute disgrace. If the Democrats do not allow for Just and Proper Security at our Airports, and elsewhere throughout our Country, ICE will do the job far better than ever done before! The Fascist Democrats will never protect America, but the Republicans will. Just like the Radical Left allowed millions of Criminals to pour into our Country through their ridiculous and dangerous Open Border Policy, the Republicans closed it all down, and we now have the Strongest Border in American History. Likewise, I look forward to moving ICE in on Monday, and have already told them to, “GET READY.” NO MORE WAITING, NO MORE GAMES! President DONALD J. TRUMP The Radical Left Democrats have hurt so many people with their vicious and uncaring ways. What they have done to the Department of Homeland Security, our fantastic TSA Officers, and, most importantly, the great people of our Country, is an absolute disgrace. If the Democrats do not allow for Just and Proper Security at our Airports, and elsewhere throughout our Country, ICE will do the job far better than ever done before! The Fascist Democrats will never protect America, but the Republicans will. Just like the Radical Left allowed millions of Criminals to pour into our Country through their ridiculous and dangerous Open Border Policy, the Republicans closed it all down, and we now have the Strongest Border in American History. Likewise, I look forward to moving ICE in on Monday, and have already told them to, “GET READY.” NO MORE WAITING, NO MORE GAMES! President DONALD J. TRUMP"
@realDonaldTrump,2026-03-21 16:13,2026,https://truthsocial.com/@realDonaldTrump/posts/116269463539535135,The Democrats want to give our Country away to the illegals who they allowed to pour through our now very strong Border. I won’t allow that to happen. The Democrats are grossly incompetent! ICE is ready to go on Monday. President DONALD J. TRUMP The Democrats want to give our Country away to the illegals who they allowed to pour through our now very strong Border. I won’t allow that to happen. The Democrats are grossly incompetent! ICE is ready to go on Monday. President DONALD J. TRUMP
@realDonaldTrump,2026-03-22 06:00,2026,https://truthsocial.com/@realDonaldTrump/posts/116272713025328785,"On Monday, ICE will be going to airports to help our wonderful TSA Agents who have stayed on the job despite the fact that the Radical Left Democrats, who are only focused on protecting hard line criminals who have entered our Country illegally, are endangering the USA by holding back the money that was long ago agreed to with signed and sealed contracts, and all. But watch, no matter how great a job ICE does, the Lunatics leading the incompetent Dems will be highly critical of their work. THEY WILL DO A FANTASTIC JOB. The great Tom Homan is in charge!!! President DJT On Monday, ICE will be going to airports to help our wonderful TSA Agents who have stayed on the job despite the fact that the Radical Left Democrats, who are only focused on protecting hard line criminals who have entered our Country illegally, are endangering the USA by holding back the money that was long ago agreed to with signed and sealed contracts, and all. But watch, no matter how great a job ICE does, the Lunatics leading the incompetent Dems will be highly critical of their work. THEY WILL DO A FANTASTIC JOB. The great Tom Homan is in charge!!! President DJT"
@realDonaldTrump,2026-03-21 20:04,2026,https://truthsocial.com/@realDonaldTrump/posts/116270371600659894,"Tina Peters, a 73-year-old woman with cancer, was given a nine year jail sentence in Colorado because she caught the Democrats CHEATING on the Presidential Election of 2020. FREE TINA! President DJT Tina Peters, a 73-year-old woman with cancer, was given a nine year jail sentence in Colorado because she caught the Democrats CHEATING on the Presidential Election of 2020. FREE TINA! President DJT"
@realDonaldTrump,2026-03-21 13:01,2026,https://truthsocial.com/@realDonaldTrump/posts/116268706178346879,In the early days of Mar-a-Lago! In the early days of Mar-a-Lago!
@realDonaldTrump,2026-03-20 16:01,2026,https://truthsocial.com/@realDonaldTrump/posts/116263751750331124,"The Great State of Colorado, and a pathetic RINO District Attorney, together with the Radical Left Governor, gave a wonderful woman named Tina Peters, a 73-year-old Gold Star Mom, who has cancer, nine years in prison because, as a Republican Voting Official, she went after the Democrats for cheating in the 2020 Presidential Election. So, she went after them for cheating, and these SLEAZEBAGS put her in jail. FREE TINA! President DJT The Great State of Colorado, and a pathetic RINO District Attorney, together with the Radical Left Governor, gave a wonderful woman named Tina Peters, a 73-year-old Gold Star Mom, who has cancer, nine years in prison because, as a Republican Voting Official, she went after the Democrats for cheating in the 2020 Presidential Election. So, she went after them for cheating, and these SLEAZEBAGS put her in jail. FREE TINA! President DJT"
@realDonaldTrump,2026-03-20 15:13,2026,https://truthsocial.com/@realDonaldTrump/posts/116263563453969628,"We are getting very close to meeting our objectives as we consider winding down our great Military efforts in the Middle East with respect to the Terrorist Regime of Iran: (1) Completely degrading Iranian Missile Capability, Launchers, and everything else pertaining to them. (2) Destroying Iran’s Defense Industrial Base. (3) Eliminating their Navy and Air Force, including Anti Aircraft Weaponry. (4) Never allowing Iran to get even close to Nuclear Capability, and always being in a position where the U.S.A. can quickly and powerfully react to such a situation, should it take place. (5) Protecting, at the highest level, our Middle Eastern Allies, including Israel, Saudi Arabia, Qatar, the United Arab Emirates, Bahrain, Kuwait, and others. The Hormuz Strait will have to be guarded and policed, as necessary, by other Nations who use it — The United States does not! If asked, we will help these Countries in their Hormuz efforts, but it shouldn’t be necessary once Iran’s threat is eradicated. Importantly, it will be an easy Military Operation for them. Thank you for your attention to this matter! President DONALD J. TRUMP We are getting very close to meeting our objectives as we consider winding down our great Military efforts in the Middle East with respect to the Terrorist Regime of Iran: (1) Completely degrading Iranian Missile Capability, Launchers, and everything else pertaining to them. (2) Destroying Iran’s Defense Industrial Base. (3) Eliminating their Navy and Air Force, including Anti Aircraft Weaponry. (4) Never allowing Iran to get even close to Nuclear Capability, and always being in a position where the U.S.A. can quickly and powerfully react to such a situation, should it take place. (5) Protecting, at the highest level, our Middle Eastern Allies, including Israel, Saudi Arabia, Qatar, the United Arab Emirates, Bahrain, Kuwait, and others. The Hormuz Strait will have to be guarded and policed, as necessary, by other Nations who use it — The United States does not! If asked, we will help these Countries in their Hormuz efforts, but it shouldn’t be necessary once Iran’s threat is eradicated. Importantly, it will be an easy Military Operation for them. Thank you for your attention to this matter! President DONALD J. TRUMP"
@realDonaldTrump,2026-03-20 07:27,2026,https://truthsocial.com/@realDonaldTrump/posts/116261732231179804,"THE SAVE AMERICA ACT MUST BE PASSED BY THE SENATE. THERE IS NOTHING THAT IS MORE IMPORTANT FOR THE U.S.A. Voter I.D., Proof of Citizenship, etc. Get it done and watch all of the good things that will happen!!! President DJT THE SAVE AMERICA ACT MUST BE PASSED BY THE SENATE. THERE IS NOTHING THAT IS MORE IMPORTANT FOR THE U.S.A. Voter I.D., Proof of Citizenship, etc. Get it done and watch all of the good things that will happen!!! President DJT"
@realDonaldTrump,2026-03-20 07:22,2026,https://truthsocial.com/@realDonaldTrump/posts/116261712648536578,"CONGRESS, PASS THE FARM BILL, NOW! President DJT CONGRESS, PASS THE FARM BILL, NOW! President DJT"
@realDonaldTrump,2026-03-19 14:53,2026,https://truthsocial.com/@realDonaldTrump/posts/116257824115129532,Ex-police chief says Trump told him 'thank goodness you're stopping' Epstein in 2000s: https://abcnews.com/US/police-chief-trump-told-goodness-stopping-epstein-2006/story?id=130010254 Ex-police chief says Trump told him 'thank goodness you're stopping' Epstein in 2000s: https://abcnews.com/US/police-chief-trump-told-goodness-stopping-epstein-2006/story?id=130010254
@realDonaldTrump,2026-03-19 08:06,2026,https://truthsocial.com/@realDonaldTrump/posts/116256221612685192,"Britain had meltdown when China hacked voter files, but U.S. intel kept it secret in America: https://justthenews.com/government/security/us-intel-has-known-2020-china-gained-access-us-voter-files-memos-show Britain had meltdown when China hacked voter files, but U.S. intel kept it secret in America: https://justthenews.com/government/security/us-intel-has-known-2020-china-gained-access-us-voter-files-memos-show"
@realDonaldTrump,2026-03-19 08:05,2026,https://truthsocial.com/@realDonaldTrump/posts/116256220292711449,President Trump Has Prevented Another Holocaust: https://www.israelnationalnews.com/news/423965 President Trump Has Prevented Another Holocaust: https://www.israelnationalnews.com/news/423965
@realDonaldTrump,2026-03-19 08:04,2026,https://truthsocial.com/@realDonaldTrump/posts/116256217083523012,Khamenei’s Unforced Errors Proved Fatal: https://www.wsj.com/opinion/khameneis-unforced-errors-proved-fatal-635fb5e4 Khamenei’s Unforced Errors Proved Fatal: https://www.wsj.com/opinion/khameneis-unforced-errors-proved-fatal-635fb5e4
@realDonaldTrump,2026-03-19 07:53,2026,https://truthsocial.com/@realDonaldTrump/posts/116256171120186590,null
@realDonaldTrump,2026-03-18 20:40,2026,https://truthsocial.com/@realDonaldTrump/posts/116253527175738987,Graham tears into European allies over Strait of Hormuz reluctance: https://thehill.com/homenews/senate/5787883-lindsey-graham-trump-european-allies/ Graham tears into European allies over Strait of Hormuz reluctance: https://thehill.com/homenews/senate/5787883-lindsey-graham-trump-european-allies/
@realDonaldTrump,2026-03-18 20:05,2026,https://truthsocial.com/@realDonaldTrump/posts/116253388303392718,"Israel, out of anger for what has taken place in the Middle East, has violently lashed out at a major facility known as South Pars Gas Field in Iran. A relatively small section of the whole has been hit. The United States knew nothing about this particular attack, and the country of Qatar was in no way, shape, or form, involved with it, nor did it have any idea that it was going to happen. Unfortunately, Iran did not know this, or any of the pertinent facts pertaining to the South Pars attack, and unjustifiably and unfairly attacked a portion of Qatar’s LNG Gas facility. NO MORE ATTACKS WILL BE MADE BY ISRAEL pertaining to this extremely important and valuable South Pars Field unless Iran unwisely decides to attack a very innocent, in this case, Qatar - In which instance the United States of America, with or without the help or consent of Israel, will massively blow up the entirety of the South Pars Gas Field at an amount of strength and power that Iran has never seen or witnessed before. I do not want to authorize this level of violence and destruction because of the long term implications that it will have on the future of Iran, but if Qatar’s LNG is again attacked, I will not hesitate to do so. Thank you for your attention to this matter. President DONALD J. TRUMP Israel, out of anger for what has taken place in the Middle East, has violently lashed out at a major facility known as South Pars Gas Field in Iran. A relatively small section of the whole has been hit. The United States knew nothing about this particular attack, and the country of Qatar was in no way, shape, or form, involved with it, nor did it have any idea that it was going to happen. Unfortunately, Iran did not know this, or any of the pertinent facts pertaining to the South Pars attack, and unjustifiably and unfairly attacked a portion of Qatar’s LNG Gas facility. NO MORE ATTACKS WILL BE MADE BY ISRAEL pertaining to this extremely important and valuable South Pars Field unless Iran unwisely decides to attack a very innocent, in this case, Qatar - In which instance the United States of America, with or without the help or consent of Israel, will massively blow up the entirety of the South Pars Gas Field at an amount of strength and power that Iran has never seen or witnessed before. I do not want to authorize this level of violence and destruction because of the long term implications that it will have on the future of Iran, but if Qatar’s LNG is again attacked, I will not hesitate to do so. Thank you for your attention to this matter. President DONALD J. TRUMP"
@realDonaldTrump,2026-03-18 17:16,2026,https://truthsocial.com/@realDonaldTrump/posts/116252723144189442,null
@realDonaldTrump,2026-03-18 06:59,2026,https://truthsocial.com/@realDonaldTrump/posts/116250298165333422,null
@realDonaldTrump,2026-03-18 06:59,2026,https://truthsocial.com/@realDonaldTrump/posts/116250297283069512,null
@realDonaldTrump,2026-03-18 06:36,2026,https://truthsocial.com/@realDonaldTrump/posts/116250207334512491,null
@realDonaldTrump,2026-03-18 06:36,2026,https://truthsocial.com/@realDonaldTrump/posts/116250205888594298,null
@realDonaldTrump,2026-03-18 06:20,2026,https://truthsocial.com/@realDonaldTrump/posts/116250143939100110,"For all of the Fake News out there, it’s called THE SAVE AMERICA ACT, not the SAVE ACT. Nobody knows what the Save Act means!!! For all of the Fake News out there, it’s called THE SAVE AMERICA ACT, not the SAVE ACT. Nobody knows what the Save Act means!!!"
@realDonaldTrump,2026-03-18 06:13,2026,https://truthsocial.com/@realDonaldTrump/posts/116250115423447200,When is “Too Late” Powell lowering INTEREST RATES? President DJT When is “Too Late” Powell lowering INTEREST RATES? President DJT
@realDonaldTrump,2026-03-18 03:20,2026,https://truthsocial.com/@realDonaldTrump/posts/116249435067996399,Trump steamrolls over California’s anti-fossil fuel crusade to get oil flowing from offshore rigs: https://justthenews.com/politics-policy/energy/trump-steamrolls-over-californias-anti-fossil-fuel-crusade-get-oil-flowing Trump steamrolls over California’s anti-fossil fuel crusade to get oil flowing from offshore rigs: https://justthenews.com/politics-policy/energy/trump-steamrolls-over-californias-anti-fossil-fuel-crusade-get-oil-flowing
@realDonaldTrump,2026-03-17 06:21,2026,https://truthsocial.com/@realDonaldTrump/posts/116244486426312346,"The Save America Act is one of the most IMPORTANT & CONSEQUENTIAL pieces of legislation in the history of Congress, and America itself. NO MORE RIGGED ELECTIONS! Voter I.D., Proof of Citizenship, No Rigged Mail-In Voting (We are the only Country in the World that allows this!), No Men in Women’s Sports, No Transgender MUTILIZATION of our Children. 90% to 99% ISSUES ALL! Only sick, demented, or deranged people in the House or Senate could vote against THE SAVE AMERICA ACT. If they do, each one of these points, separately, will be used against the user in his/her political campaign for office - A guaranteed loss! Get your Senators, REPUBLICAN OR DEMOCRAT, to VOTE “YES” ON “THE SAVE AMERICA ACT.” I WILL NEVER (EVER!) ENDORSE ANYONE WHO VOTES AGAINST “SAVE AMERICA!!!” Thank you for your attention to this matter! President DONALD J. TRUMP The Save America Act is one of the most IMPORTANT & CONSEQUENTIAL pieces of legislation in the history of Congress, and America itself. NO MORE RIGGED ELECTIONS! Voter I.D., Proof of Citizenship, No Rigged Mail-In Voting (We are the only Country in the World that allows this!), No Men in Women’s Sports, No Transgender MUTILIZATION of our Children. 90% to 99% ISSUES ALL! Only sick, demented, or deranged people in the House or Senate could vote against THE SAVE AMERICA ACT. If they do, each one of these points, separately, will be used against the user in his/her political campaign for office - A guaranteed loss! Get your Senators, REPUBLICAN OR DEMOCRAT, to VOTE “YES” ON “THE SAVE AMERICA ACT.” I WILL NEVER (EVER!) ENDORSE ANYONE WHO VOTES AGAINST “SAVE AMERICA!!!” Thank you for your attention to this matter! President DONALD J. TRUMP"
@realDonaldTrump,2026-03-17 03:01,2026,https://truthsocial.com/@realDonaldTrump/posts/116243698779273101,The US-Israeli strategy against Iran is working. Here is why: https://www.aljazeera.com/opinions/2026/3/16/the-us-israeli-strategy-against-iran-is-working-here-is-why The US-Israeli strategy against Iran is working. Here is why: https://www.aljazeera.com/opinions/2026/3/16/the-us-israeli-strategy-against-iran-is-working-here-is-why
@realDonaldTrump,2026-03-16 19:39,2026,https://truthsocial.com/@realDonaldTrump/posts/116241961295404159,"“Hang Out with Sean Hannity” is a GREAT New Podcast, Streaming Now!!! Sean is a fantastic guy, and has been right from my political beginnings! President DJT “Hang Out with Sean Hannity” is a GREAT New Podcast, Streaming Now!!! Sean is a fantastic guy, and has been right from my political beginnings! President DJT"
@realDonaldTrump,2026-03-16 17:58,2026,https://truthsocial.com/@realDonaldTrump/posts/116241562639922898,Prez Trump Draws Massive Crowd Reaction At CFP Title Game In Miami: https://www.outkick.com/sports/prez-trump-draws-massive-crowd-reaction-cfp-title-game-miami Prez Trump Draws Massive Crowd Reaction At CFP Title Game In Miami: https://www.outkick.com/sports/prez-trump-draws-massive-crowd-reaction-cfp-title-game-miami
@realDonaldTrump,2026-03-16 17:56,2026,https://truthsocial.com/@realDonaldTrump/posts/116241557993544867,"Jack Smith targeted then-House Speaker McCarthy’s private phone records in J6 probe, FBI docs reveal: https://www.foxnews.com/politics/jack-smith-targeted-then-house-speaker-mccarthys-private-phone-records-j6-probe-fbi-docs-reveal Jack Smith targeted then-House Speaker McCarthy’s private phone records in J6 probe, FBI docs reveal: https://www.foxnews.com/politics/jack-smith-targeted-then-house-speaker-mccarthys-private-phone-records-j6-probe-fbi-docs-reveal"
@realDonaldTrump,2026-03-16 17:56,2026,https://truthsocial.com/@realDonaldTrump/posts/116241557064413752,Jack Smith meeting with then-FBI Director Wray recorded as ‘significant case notification’ in J6 probe: https://www.foxnews.com/politics/jack-smith-meeting-then-fbi-director-wray-recorded-significant-case-notification-j6-probe Jack Smith meeting with then-FBI Director Wray recorded as ‘significant case notification’ in J6 probe: https://www.foxnews.com/politics/jack-smith-meeting-then-fbi-director-wray-recorded-significant-case-notification-j6-probe
@realDonaldTrump,2026-03-16 09:57,2026,https://truthsocial.com/@realDonaldTrump/posts/116239674084445278,"Susie Wiles is an incredible Chief of Staff, a great person, and one of the strongest people I know but, unfortunately, she has been diagnosed with early stage breast cancer, and has decided to take on this challenge, IMMEDIATELY, as opposed to waiting. She has a fantastic medical team, and her prognosis is excellent! During the treatment period, she will be spending virtually full time at the White House, which makes me, as President, very happy! Her Strength and her Commitment to continue doing the job she loves, and does so well, while undergoing treatment, tells you everything you need to know about her. Susie, as one of my closest and most important advisors, is tough and deeply committed to serving the American People. She will soon be better than ever! Melania and I are with her in every way, and we look forward to working with Susie on the many big and wonderful things that are happening for the benefit of our Country! President DONALD J. TRUMP Susie Wiles is an incredible Chief of Staff, a great person, and one of the strongest people I know but, unfortunately, she has been diagnosed with early stage breast cancer, and has decided to take on this challenge, IMMEDIATELY, as opposed to waiting. She has a fantastic medical team, and her prognosis is excellent! During the treatment period, she will be spending virtually full time at the White House, which makes me, as President, very happy! Her Strength and her Commitment to continue doing the job she loves, and does so well, while undergoing treatment, tells you everything you need to know about her. Susie, as one of my closest and most important advisors, is tough and deeply committed to serving the American People. She will soon be better than ever! Melania and I are with her in every way, and we look forward to working with Susie on the many big and wonderful things that are happening for the benefit of our Country! President DONALD J. TRUMP"
@realDonaldTrump,2026-03-16 07:19,2026,https://truthsocial.com/@realDonaldTrump/posts/116239050427498715,"News Conference today, prior to Trump Kennedy Center Board Meeting. Thank you! News Conference today, prior to Trump Kennedy Center Board Meeting. Thank you!"
@realDonaldTrump,2026-03-16 06:13,2026,https://truthsocial.com/@realDonaldTrump/posts/116238790930991351,null
@realDonaldTrump,2026-03-15 21:59,2026,https://truthsocial.com/@realDonaldTrump/posts/116236850873003597,null
@realDonaldTrump,2026-03-15 20:46,2026,https://truthsocial.com/@realDonaldTrump/posts/116236561191626050,"The Courts treat Republicans, and me, so unfairly, always seeming to protect those who should not be protected. They are highly politicized. Cases don’t matter, the Judge does! As an example, how is this absolutely terrible Federal Reserve Chairman, Jerome “Too Late” Powell, not even allowed to be investigated for the horrible job he does? How is he allowed to be Billions of Dollars over budget, and years behind schedule, on the simple renovation of the small Federal Reserve Complex in Washington, D.C., where he created an absolute disaster — A money pit, and embarrassment to our Country for the whole World to see! It is a little project that has been under construction for many years. The Contractor on the job, along with Powell, should also be heavily investigated, in that it is impossible for a “professional” to have such enormous Cost Overruns. It is THE HIGHEST PRICED BUILDING, PER SQUARE FOOT, OF ANY PROJECT EVER BUILT, with no end in sight, and may not even be open for many years to come. I strongly criticized Jerome “Too Late” for his horrible performance throughout his tenure, which is either gross incompetence, total dishonesty, or both, and, in return for this well justified criticism, get viciously and wrongfully blamed by, as usual, a Wacky, Nasty, Crooked, and totally Out of Control Judge, named James Boasberg, a man who suffers from the highest level of Trump Derangement Syndrome (TDS), and has been “after” my people, and me, for years. The D.C. Circuit eagerly supported the arrest and persecution of innocent Republicans for no crimes at all, but is now preventing even a basic investigation into the gross financial mismanagement of the Federal Reserve. In case after case, Boasberg has displayed open, flagrant, and extreme partisan bias and contempt against Republicans and the Trump Administration. To preserve the integrity of the Judiciary, he should be removed from all cases pertaining to us, and suffer serious disciplinary action, as should numerous other Corrupt Judges that, unfortunately, our Country has had to endure! What Boasberg has done on the “Too Late” Powell case, and many others, has little to do with the Law, and everything to do with Politics. He is exactly what Judges should not be! Boasberg would do better to focus on Justice and Fairness, not his own, and the Democrats’, Political Agenda, which has become LEGENDARY! Much like “prosecutor” Deranged Jack Smith, and many others, Boasberg is a disgrace, as was his predecessor, to our Legal Process, and our Highly Politicized Court System, which was just witnessed firsthand by the unfortunate and unwarranted TARIFF decision, recently handed down by the United States Supreme Court, which was a GIFT to Countries and Companies who have been “ripping off the United States of America,” for decades, at levels never seen before. The Courts treat Republicans, and me, so unfairly, always seeming to protect those who should not be protected. They are highly politicized. Cases don’t matter, the Judge does! As an example, how is this absolutely terrible Federal Reserve Chairman, Jerome “Too Late” Powell, not even allowed to be investigated for the horrible job he does? How is he allowed to be Billions of Dollars over budget, and years behind schedule, on the simple renovation of the small Federal Reserve Complex in Washington, D.C., where he created an absolute disaster — A money pit, and embarrassment to our Country for the whole World to see! It is a little project that has been under construction for many years. The Contractor on the job, along with Powell, should also be heavily investigated, in that it is impossible for a “professional” to have such enormous Cost Overruns. It is THE HIGHEST PRICED BUILDING, PER SQUARE FOOT, OF ANY PROJECT EVER BUILT, with no end in sight, and may not even be open for many years to come. I strongly criticized Jerome “Too Late” for his horrible performance throughout his tenure, which is either gross incompetence, total dishonesty, or both, and, in return for this well justified criticism, get viciously and wrongfully blamed by, as usual, a Wacky, Nasty, Crooked, and totally Out of Control Judge, named James Boasberg, a man who suffers from the highest level of Trump Derangement Syndrome (TDS), and has been “after” my people, and me, for years. The D.C. Circuit eagerly supported the arrest and persecution of innocent Republicans for no crimes at all, but is now preventing even a basic investigation into the gross financial mismanagement of the Federal Reserve. In case after case, Boasberg has displayed open, flagrant, and extreme partisan bias and contempt against Republicans and the Trump Administration. To preserve the integrity of the Judiciary, he should be removed from all cases pertaining to us, and suffer serious disciplinary action, as should numerous other Corrupt Judges that, unfortunately, our Country has had to endure! What Boasberg has done on the “Too Late” Powell case, and many others, has little to do with the Law, and everything to do with Politics. He is exactly what Judges should not be! Boasberg would do better to focus on Justice and Fairness, not his own, and the Democrats’, Political Agenda, which has become LEGENDARY! Much like “prosecutor” Deranged Jack Smith, and many others, Boasberg is a disgrace, as was his predecessor, to our Legal Process, and our Highly Politicized Court System, which was just witnessed firsthand by the unfortunate and unwarranted TARIFF decision, recently handed down by the United States Supreme Court, which was a GIFT to Countries and Companies who have been “ripping off the United States of America,” for decades, at levels never seen before."
@realDonaldTrump,2026-03-15 20:45,2026,https://truthsocial.com/@realDonaldTrump/posts/116236559151421767,"The decision that mattered most to me was TARIFFS! The Court knew where I stood, how badly I wanted this Victory for our Country, and instead decided to, potentially, give away Trillions of Dollars to Countries and Companies who have been taking advantage of the United States for decades. Our Supreme Court has made these Countries very happy but, as the Court pointed out, I have the absolute right to charge TARIFFS in another form, and have already started to do so. The Hundreds of Billions of Dollars that our Adversaries want our Country to pay back to others that have disrespected the U.S.A., until I came along, should be marked down, in the eyes of the Public, as just another reason why the United States had been in such major decline — But, not anymore, because we have MADE AMERICA GREAT AGAIN and, very soon, it will be GREATER THAN EVER BEFORE! I want to thank Justices Alito, Thomas, and Kavanaugh for their Wisdom and Courage pertaining to the TARIFF case, and for understanding, in addition to the Law, that our “Unfriendly Competitors” should not be reimbursed and rewarded for the decades of Damage they have caused THE UNITED STATES OF AMERICA. I will fight hard to make sure that this does not happen! The Democrats on the Court always “stick together,” no matter how strong a case is put before them — There is rarely even a minor “waver.” But Republicans do not do this. They openly disrespect the Presidents who nominate them to the highest position in the Land, a Justice of the United States Supreme Court, and go out of their way, with bad and wrongful rulings and intentions, to prove how “honest,” “independent,” and “legitimate” they are. The Democrat Justices just vote Democrat — They always stick together! Our Country was unnecessarily RANSACKED by the United States Supreme Court, which has become little more than a weaponized and unjust Political Organization. The sad thing is, they will only get worse! They wouldn’t even call out The Rigged Presidential Election of 2020, because they said that I, as President of the United States, did not have “standing” to challenge it, and now, with time, it has been conclusively proven to be stolen — And look what happened to our wonderful Nation by allowing a grossly incompetent man, Sleepy Joe Biden, to be our “President.” This completely inept and embarrassing Court was not what the Supreme Court of the United States was set up by our wonderful Founders to be. They are hurting our Country, and will continue to do so. All I can do, as President, is call them out for their bad behavior! This statement about the United States Supreme Court will cause me nothing but problems in the future, but I feel it is my obligation to speak the TRUTH. Thank you for your attention to this matter. MAKE AMERICA GREAT AGAIN! President DONALD J. TRUMP The decision that mattered most to me was TARIFFS! The Court knew where I stood, how badly I wanted this Victory for our Country, and instead decided to, potentially, give away Trillions of Dollars to Countries and Companies who have been taking advantage of the United States for decades. Our Supreme Court has made these Countries very happy but, as the Court pointed out, I have the absolute right to charge TARIFFS in another form, and have already started to do so. The Hundreds of Billions of Dollars that our Adversaries want our Country to pay back to others that have disrespected the U.S.A., until I came along, should be marked down, in the eyes of the Public, as just another reason why the United States had been in such major decline — But, not anymore, because we have MADE AMERICA GREAT AGAIN and, very soon, it will be GREATER THAN EVER BEFORE! I want to thank Justices Alito, Thomas, and Kavanaugh for their Wisdom and Courage pertaining to the TARIFF case, and for understanding, in addition to the Law, that our “Unfriendly Competitors” should not be reimbursed and rewarded for the decades of Damage they have caused THE UNITED STATES OF AMERICA. I will fight hard to make sure that this does not happen! The Democrats on the Court always “stick together,” no matter how strong a case is put before them — There is rarely even a minor “waver.” But Republicans do not do this. They openly disrespect the Presidents who nominate them to the highest position in the Land, a Justice of the United States Supreme Court, and go out of their way, with bad and wrongful rulings and intentions, to prove how “honest,” “independent,” and “legitimate” they are. The Democrat Justices just vote Democrat — They always stick together! Our Country was unnecessarily RANSACKED by the United States Supreme Court, which has become little more than a weaponized and unjust Political Organization. The sad thing is, they will only get worse! They wouldn’t even call out The Rigged Presidential Election of 2020, because they said that I, as President of the United States, did not have “standing” to challenge it, and now, with time, it has been conclusively proven to be stolen — And look what happened to our wonderful Nation by allowing a grossly incompetent man, Sleepy Joe Biden, to be our “President.” This completely inept and embarrassing Court was not what the Supreme Court of the United States was set up by our wonderful Founders to be. They are hurting our Country, and will continue to do so. All I can do, as President, is call them out for their bad behavior! This statement about the United States Supreme Court will cause me nothing but problems in the future, but I feel it is my obligation to speak the TRUTH. Thank you for your attention to this matter. MAKE AMERICA GREAT AGAIN! President DONALD J. TRUMP"
@realDonaldTrump,2026-03-15 20:30,2026,https://truthsocial.com/@realDonaldTrump/posts/116236498017197393,"Mark Levin, a truly Great American Patriot, is somewhat under siege by other people with far less Intellect, Capability, and Love for our Country. Mark is Tough, Strong, and Brilliant, hence the nickname, “THE GREAT ONE,” conceived by our MAGA friend, the wonderful Sean Hannity, after years of dealing with Mark in Legal, Media, and other capacities. Mark would often do Sean’s show, speaking as a lawyer, and Sean realized then, as did others, that he was special. Mark Levin was not looking to do Television, Radio, or anything else, but he was drafted by very smart people who understood that there are few like him. He is a true Conservative, and Intellect, far smarter than those who criticize him but, above all, he is a man of Great Wisdom and Common Sense who truly loves our Country. When you hear others unfairly attack Mark, remember that they are jealous and angry Human Beings, whose “sway” is much less than the Public understands, and will, now that they know where I stand, rapidly diminish. Other than for his wonderful wife and family, Mark Levin only cares and wants one thing, GREATNESS AND SUCCESS FOR AMERICA! Those that speak ill of Mark will quickly fall by the wayside, as do the people whose ideas, policies, and footings are not sound. THEY ARE NOT MAGA, I AM, and MAGA includes not allowing Iran, a Sick, Demented, and Violent Terrorist Regime, to have a Nuclear Weapon to blow up the United States of America, the Middle East and, ultimately, the rest of the World. MAGA is about stopping them cold, and that is exactly what we are doing. GOD BLESS OUR GREAT MILITARY, WHICH I HAVE REBUILT SINCE THE BEGINNING OF MY FIRST TERM, TO ACHIEVE EVERLASTING PEACE THROUGH STRENGTH. MAKE AMERICA GREAT AGAIN! Thank you for your attention to this matter. President DONALD J. TRUMP Mark Levin, a truly Great American Patriot, is somewhat under siege by other people with far less Intellect, Capability, and Love for our Country. Mark is Tough, Strong, and Brilliant, hence the nickname, “THE GREAT ONE,” conceived by our MAGA friend, the wonderful Sean Hannity, after years of dealing with Mark in Legal, Media, and other capacities. Mark would often do Sean’s show, speaking as a lawyer, and Sean realized then, as did others, that he was special. Mark Levin was not looking to do Television, Radio, or anything else, but he was drafted by very smart people who understood that there are few like him. He is a true Conservative, and Intellect, far smarter than those who criticize him but, above all, he is a man of Great Wisdom and Common Sense who truly loves our Country. When you hear others unfairly attack Mark, remember that they are jealous and angry Human Beings, whose “sway” is much less than the Public understands, and will, now that they know where I stand, rapidly diminish. Other than for his wonderful wife and family, Mark Levin only cares and wants one thing, GREATNESS AND SUCCESS FOR AMERICA! Those that speak ill of Mark will quickly fall by the wayside, as do the people whose ideas, policies, and footings are not sound. THEY ARE NOT MAGA, I AM, and MAGA includes not allowing Iran, a Sick, Demented, and Violent Terrorist Regime, to have a Nuclear Weapon to blow up the United States of America, the Middle East and, ultimately, the rest of the World. MAGA is about stopping them cold, and that is exactly what we are doing. GOD BLESS OUR GREAT MILITARY, WHICH I HAVE REBUILT SINCE THE BEGINNING OF MY FIRST TERM, TO ACHIEVE EVERLASTING PEACE THROUGH STRENGTH. MAKE AMERICA GREAT AGAIN! Thank you for your attention to this matter. President DONALD J. TRUMP"
@realDonaldTrump,2026-03-14 13:25,2026,https://truthsocial.com/@realDonaldTrump/posts/116229166794959253,McLaughlin: Strong Majority Backs Trump in Stopping Iran's Nuclear Ambitions: https://www.newsmax.com/mclaughlin/cable-nuclear-weapons/2026/03/12/id/1249304/ McLaughlin: Strong Majority Backs Trump in Stopping Iran's Nuclear Ambitions: https://www.newsmax.com/mclaughlin/cable-nuclear-weapons/2026/03/12/id/1249304/
@realDonaldTrump,2026-03-14 12:58,2026,https://truthsocial.com/@realDonaldTrump/posts/116229058692001771,"The United States of America has beaten and completely decimated Iran, both Militarily, Economically, and in every other way, but the Countries of the World that receive Oil through the Hormuz Strait must take care of that passage, and we will help — A LOT! The U.S. will also coordinate with those Countries so that everything goes quickly, smoothly, and well. This should have always been a team effort, and now it will be — It will bring the World together toward Harmony, Security, and Everlasting Peace! President DONALD J. TRUMP The United States of America has beaten and completely decimated Iran, both Militarily, Economically, and in every other way, but the Countries of the World that receive Oil through the Hormuz Strait must take care of that passage, and we will help — A LOT! The U.S. will also coordinate with those Countries so that everything goes quickly, smoothly, and well. This should have always been a team effort, and now it will be — It will bring the World together toward Harmony, Security, and Everlasting Peace! President DONALD J. TRUMP"
@realDonaldTrump,2026-03-14 07:35,2026,https://truthsocial.com/@realDonaldTrump/posts/116227789768118115,"Yet again, an intentionally misleading headline by the Fake News Media about the five tanker planes that were supposedly struck down at an Airport in Saudi Arabia, and of no further use. In actuality, the Base was hit a few days ago, but the planes were not “struck” or “destroyed.” Four of the five had virtually no damage, and are already back in service. One had slightly more damage, but will be in the air shortly. None were destroyed, or close to that, as the Fake News said in headlines. The New York Times and The Wall Street Journal (in particular), and other Lowlife “Papers” and Media actually want us to lose the War. Their terrible reporting is the exact opposite of the actual facts! They are truly sick and demented people that have no idea the damage they cause the United States of America. Fortunately, as proven by our Great and Conclusive Election Win in 2024, the People of our Country understand what is happening far better than the Fake News Media! President DONALD J. TRUMP Yet again, an intentionally misleading headline by the Fake News Media about the five tanker planes that were supposedly struck down at an Airport in Saudi Arabia, and of no further use. In actuality, the Base was hit a few days ago, but the planes were not “struck” or “destroyed.” Four of the five had virtually no damage, and are already back in service. One had slightly more damage, but will be in the air shortly. None were destroyed, or close to that, as the Fake News said in headlines. The New York Times and The Wall Street Journal (in particular), and other Lowlife “Papers” and Media actually want us to lose the War. Their terrible reporting is the exact opposite of the actual facts! They are truly sick and demented people that have no idea the damage they cause the United States of America. Fortunately, as proven by our Great and Conclusive Election Win in 2024, the People of our Country understand what is happening far better than the Fake News Media! President DONALD J. TRUMP"
@realDonaldTrump,2026-03-14 06:08,2026,https://truthsocial.com/@realDonaldTrump/posts/116227449614232103,"Thank you to Johnny Jones and all of our GREAT TSA Agents who are going to work but not being paid because the Radical Left Democrats refuse to honor the deal that was approved and voted on in Congress. They want your money to go to “Border Criminals, Murderers, foreign Drug Dealers, and some of the worst people on earth.” They don’t want it to go to you. Keep fighting for the USA. GO TO WORK! I promise that I will never forget you!!! President DJT Thank you to Johnny Jones and all of our GREAT TSA Agents who are going to work but not being paid because the Radical Left Democrats refuse to honor the deal that was approved and voted on in Congress. They want your money to go to “Border Criminals, Murderers, foreign Drug Dealers, and some of the worst people on earth.” They don’t want it to go to you. Keep fighting for the USA. GO TO WORK! I promise that I will never forget you!!! President DJT"
@realDonaldTrump,2026-03-13 16:54,2026,https://truthsocial.com/@realDonaldTrump/posts/116224324444349237,"Moments ago, at my direction, the United States Central Command executed one of the most powerful bombing raids in the History of the Middle East, and totally obliterated every MILITARY target in Iran’s crown jewel, Kharg Island. Our Weapons are the most powerful and sophisticated that the World has ever known but, for reasons of decency, I have chosen NOT to wipe out the Oil Infrastructure on the Island. However, should Iran, or anyone else, do anything to interfere with the Free and Safe Passage of Ships through the Strait of Hormuz, I will immediately reconsider this decision. During my First Term, and currently, I rebuilt our Military into the Most Lethal, Powerful, and Effective Force, by far, anywhere in the World. Iran has NO ability to defend anything that we want to attack — There is nothing they can do about it! Iran will NEVER have a nuclear weapon, nor will it have the ability to threaten the United States of America, the Middle East or, for that matter, the World! Iran’s Military, and all others involved with this Terrorist Regime, would be wise to lay down their arms, and save what’s left of their country, which isn’t much! Thank you for your attention to this matter. President DONALD J. TRUMP Moments ago, at my direction, the United States Central Command executed one of the most powerful bombing raids in the History of the Middle East, and totally obliterated every MILITARY target in Iran’s crown jewel, Kharg Island. Our Weapons are the most powerful and sophisticated that the World has ever known but, for reasons of decency, I have chosen NOT to wipe out the Oil Infrastructure on the Island. However, should Iran, or anyone else, do anything to interfere with the Free and Safe Passage of Ships through the Strait of Hormuz, I will immediately reconsider this decision. During my First Term, and currently, I rebuilt our Military into the Most Lethal, Powerful, and Effective Force, by far, anywhere in the World. Iran has NO ability to defend anything that we want to attack — There is nothing they can do about it! Iran will NEVER have a nuclear weapon, nor will it have the ability to threaten the United States of America, the Middle East or, for that matter, the World! Iran’s Military, and all others involved with this Terrorist Regime, would be wise to lay down their arms, and save what’s left of their country, which isn’t much! Thank you for your attention to this matter. President DONALD J. TRUMP"
@realDonaldTrump,2026-03-13 18:26,2026,https://truthsocial.com/@realDonaldTrump/posts/116224689141094171,null
@realDonaldTrump,2026-03-13 18:24,2026,https://truthsocial.com/@realDonaldTrump/posts/116224678781425626,null
@realDonaldTrump,2026-03-13 18:15,2026,https://truthsocial.com/@realDonaldTrump/posts/116224645615624276,null
@realDonaldTrump,2026-03-13 18:12,2026,https://truthsocial.com/@realDonaldTrump/posts/116224630912933489,"US Olympic bobsledder surprises Trump, awards him prestigious Order of Ikkos medal: https://nypost.com/2026/03/12/us-news/trump-awarded-prestigious-order-of-ikkos-medal-by-us-olympian-bobsledder/ US Olympic bobsledder surprises Trump, awards him prestigious Order of Ikkos medal: https://nypost.com/2026/03/12/us-news/trump-awarded-prestigious-order-of-ikkos-medal-by-us-olympian-bobsledder/"
@realDonaldTrump,2026-03-13 18:11,2026,https://truthsocial.com/@realDonaldTrump/posts/116224627869912229,Baltimore woman honored by President Trump during Women’s History Month: https://www.wbal.com/baltimore-woman-honored-by-president-trump-during-womens-history-month Baltimore woman honored by President Trump during Women’s History Month: https://www.wbal.com/baltimore-woman-honored-by-president-trump-during-womens-history-month
@realDonaldTrump,2026-03-13 17:43,2026,https://truthsocial.com/@realDonaldTrump/posts/116224518730089644,"Iran had plans of taking over the entire Middle East, and completely obliterating Israel. JUST LIKE IRAN ITSELF, THOSE PLANS ARE NOW DEAD! President DONALD J. TRUMP Iran had plans of taking over the entire Middle East, and completely obliterating Israel. JUST LIKE IRAN ITSELF, THOSE PLANS ARE NOW DEAD! President DONALD J. TRUMP"
@realDonaldTrump,2026-03-13 15:05,2026,https://truthsocial.com/@realDonaldTrump/posts/116223896071757407,"Thank you to Highly Respected America First Congresswoman, Stephanie Bice, of the Great State of Oklahoma, for deciding, because of her love for her Constituents, and for America, itself, to run for Re-Election to Congress, where she will continue to do a tremendous job serving the people of Oklahoma’s 5th Congressional District, who have benefitted greatly from our Republican House Majority! Stephanie has been a fearless fighter alongside GREAT Speaker of the House, Mike Johnson, and our entire UNITED REPUBLICAN TEAM, working tirelessly to deliver and codify our very successful America First Agenda. Stephanie is a Team Player, 100%, committed to the mission of EXPANDING OUR MAJORITY and, MAKING AMERICA GREAT AGAIN! In 2026, Stephanie Bice, once again, has my Complete and Total Endorsement for Re-Election — SHE WILL NEVER LET YOU DOWN! Thank you to Highly Respected America First Congresswoman, Stephanie Bice, of the Great State of Oklahoma, for deciding, because of her love for her Constituents, and for America, itself, to run for Re-Election to Congress, where she will continue to do a tremendous job serving the people of Oklahoma’s 5th Congressional District, who have benefitted greatly from our Republican House Majority! Stephanie has been a fearless fighter alongside GREAT Speaker of the House, Mike Johnson, and our entire UNITED REPUBLICAN TEAM, working tirelessly to deliver and codify our very successful America First Agenda. Stephanie is a Team Player, 100%, committed to the mission of EXPANDING OUR MAJORITY and, MAKING AMERICA GREAT AGAIN! In 2026, Stephanie Bice, once again, has my Complete and Total Endorsement for Re-Election — SHE WILL NEVER LET YOU DOWN!"
@realDonaldTrump,2026-03-13 14:35,2026,https://truthsocial.com/@realDonaldTrump/posts/116223780884576729,"I am pleased to announce that Matt Floca, subject to the approval of the Board of Directors, will be named the Chief Operating Officer and Executive Director, of THE TRUMP KENNEDY CENTER where, as Vice President of Operations, Matt has helped us achieve tremendous progress in bringing the Center to the highest level of Excellence! A Complete Reconstruction of THE TRUMP KENNEDY CENTER will begin after the July 4th Celebration, with a scheduled Grand Re-Opening in approximately two years. Ric Grenell has done an excellent job in helping to coordinate various elements of the Center during the transition period, and I want to thank him for the outstanding work he has done. THE TRUMP KENNEDY CENTER will be, at its completion, the finest facility of its kind anywhere in the World! President DONALD J. TRUMP I am pleased to announce that Matt Floca, subject to the approval of the Board of Directors, will be named the Chief Operating Officer and Executive Director, of THE TRUMP KENNEDY CENTER where, as Vice President of Operations, Matt has helped us achieve tremendous progress in bringing the Center to the highest level of Excellence! A Complete Reconstruction of THE TRUMP KENNEDY CENTER will begin after the July 4th Celebration, with a scheduled Grand Re-Opening in approximately two years. Ric Grenell has done an excellent job in helping to coordinate various elements of the Center during the transition period, and I want to thank him for the outstanding work he has done. THE TRUMP KENNEDY CENTER will be, at its completion, the finest facility of its kind anywhere in the World! President DONALD J. TRUMP"
@realDonaldTrump,2026-03-13 12:12,2026,https://truthsocial.com/@realDonaldTrump/posts/116223216183546905,null
@realDonaldTrump,2026-03-13 11:43,2026,https://truthsocial.com/@realDonaldTrump/posts/116223100937937927,"Two renderings of the new, highly improved, TRUMP KENNEDY CENTER! Two renderings of the new, highly improved, TRUMP KENNEDY CENTER!"
@realDonaldTrump,2026-03-12 17:05,2026,https://truthsocial.com/@realDonaldTrump/posts/116218706168761876,"The United States of America looks very much forward to hosting the FIFA World Cup. Ticket sales are “through the roof!” It will be the Greatest and Safest Sporting Event in American History. All Players, Officials, and Fans will be treated like the “STARS” that they are! President DONALD J. TRUMP The United States of America looks very much forward to hosting the FIFA World Cup. Ticket sales are “through the roof!” It will be the Greatest and Safest Sporting Event in American History. All Players, Officials, and Fans will be treated like the “STARS” that they are! President DONALD J. TRUMP"
@realDonaldTrump,2026-03-12 13:05,2026,https://truthsocial.com/@realDonaldTrump/posts/116217763545289031,"Where is the Federal Reserve Chairman, Jerome “Too Late” Powell, today? He should be dropping Interest Rates, IMMEDIATELY, not waiting for the next meeting! President DONALD J. TRUMP Where is the Federal Reserve Chairman, Jerome “Too Late” Powell, today? He should be dropping Interest Rates, IMMEDIATELY, not waiting for the next meeting! President DONALD J. TRUMP"
@realDonaldTrump,2026-03-12 07:14,2026,https://truthsocial.com/@realDonaldTrump/posts/116216383667242591,"The United States is the largest Oil Producer in the World, by far, so when oil prices go up, we make a lot of money. BUT, of far greater interest and importance to me, as President, is stoping an evil Empire, Iran, from having Nuclear Weapons, and destroying the Middle East and, indeed, the World. I won’t ever let that happen! Thank you for your attention to this matter. President DONALD J. TRUMP The United States is the largest Oil Producer in the World, by far, so when oil prices go up, we make a lot of money. BUT, of far greater interest and importance to me, as President, is stoping an evil Empire, Iran, from having Nuclear Weapons, and destroying the Middle East and, indeed, the World. I won’t ever let that happen! Thank you for your attention to this matter. President DONALD J. TRUMP"
@realDonaldTrump,2026-03-12 04:36,2026,https://truthsocial.com/@realDonaldTrump/posts/116215762486759617,"Ex-FBI agent says he witnessed politicization of bureau, warned about improper surveillance: https://justthenews.com/government/federal-agencies/ex-fbi-official-says-he-witness-politicization-bureau-warned-about Ex-FBI agent says he witnessed politicization of bureau, warned about improper surveillance: https://justthenews.com/government/federal-agencies/ex-fbi-official-says-he-witness-politicization-bureau-warned-about"
@realDonaldTrump,2026-03-11 17:29,2026,https://truthsocial.com/@realDonaldTrump/posts/116213139152922657,"It is my Great Honor to endorse Colonel Laurie Buckhout, who is running to represent the incredible people of North Carolina’s 1st Congressional District. Laurie is running against a Radical Left Democrat named Don Davis, who tried to raise Taxes by over $4 Trillion Dollars, and voted against all of our Tax Cuts, including NO TAX ON TIPS, NO TAX ON SOCIAL SECURITY, and NO TAX ON OVERTIME. Don Davis wants to abolish our Borders, stop deporting Criminal Illegal Aliens, and supports dangerous “Soft on Crime” Policies like cashless bail that let repeat Violent Criminals roam free on our streets. He voted to allow men in women’s sports, is in favor of the transgender mutilation of children, and voted AGAINST Voter I.D., but in favor of allowing Illegal Aliens to vote in our Sacred Elections. He is Reckless, Radical, and Dangerous! In contrast, Retired U.S. Army Colonel and Decorated Combat Commander Laurie Buckhout knows the Wisdom and Courage required to Defend our Country, Support our Brave Military/Veterans, and Ensure PEACE THROUGH STRENGTH. As your next Congresswoman, she will work tirelessly to Grow the Economy, Cut Taxes and Regulations, Unleash American Energy DOMINANCE, Promote MADE IN THE U.S.A., Keep our Border SECURE, Stop Migrant Crime, and Protect our always under siege Second Amendment. Colonel Laurie Buckhout has my Complete and Total Endorsement to be the next Representative from North Carolina’s 1st Congressional District — SHE WILL NEVER LET YOU DOWN! It is my Great Honor to endorse Colonel Laurie Buckhout, who is running to represent the incredible people of North Carolina’s 1st Congressional District. Laurie is running against a Radical Left Democrat named Don Davis, who tried to raise Taxes by over $4 Trillion Dollars, and voted against all of our Tax Cuts, including NO TAX ON TIPS, NO TAX ON SOCIAL SECURITY, and NO TAX ON OVERTIME. Don Davis wants to abolish our Borders, stop deporting Criminal Illegal Aliens, and supports dangerous “Soft on Crime” Policies like cashless bail that let repeat Violent Criminals roam free on our streets. He voted to allow men in women’s sports, is in favor of the transgender mutilation of children, and voted AGAINST Voter I.D., but in favor of allowing Illegal Aliens to vote in our Sacred Elections. He is Reckless, Radical, and Dangerous! In contrast, Retired U.S. Army Colonel and Decorated Combat Commander Laurie Buckhout knows the Wisdom and Courage required to Defend our Country, Support our Brave Military/Veterans, and Ensure PEACE THROUGH STRENGTH. As your next Congresswoman, she will work tirelessly to Grow the Economy, Cut Taxes and Regulations, Unleash American Energy DOMINANCE, Promote MADE IN THE U.S.A., Keep our Border SECURE, Stop Migrant Crime, and Protect our always under siege Second Amendment. Colonel Laurie Buckhout has my Complete and Total Endorsement to be the next Representative from North Carolina’s 1st Congressional District — SHE WILL NEVER LET YOU DOWN!"
@realDonaldTrump,2026-03-11 17:22,2026,https://truthsocial.com/@realDonaldTrump/posts/116213110990414470,"Today I am endorsing America First Patriot, Brandon Herrera, who is running to represent the wonderful people of Texas’ 23rd Congressional District. Brandon is strongly supported by many Highly Respected MAGA Warriors in Texas, and Republicans in the U.S. House. As your next Congressman, he will work tirelessly to advance our MAKE AMERICA GREAT AGAIN Agenda. Brandon will fight hard to Grow the Economy, Cut Taxes and Regulations, Advance MADE IN THE U.S.A., Unleash American Energy DOMINANCE, Safeguard our Elections, Champion School Choice, Keep our Border SECURE, Stop Migrant Crime, Support our Brave Military, Veterans, and Law Enforcement, and Protect our always under siege Second Amendment. Brandon Herrera has my Complete and Total Endorsement to be the next Representative from Texas’ 23rd Congressional District — HE WILL NEVER LET YOU DOWN! Today I am endorsing America First Patriot, Brandon Herrera, who is running to represent the wonderful people of Texas’ 23rd Congressional District. Brandon is strongly supported by many Highly Respected MAGA Warriors in Texas, and Republicans in the U.S. House. As your next Congressman, he will work tirelessly to advance our MAKE AMERICA GREAT AGAIN Agenda. Brandon will fight hard to Grow the Economy, Cut Taxes and Regulations, Advance MADE IN THE U.S.A., Unleash American Energy DOMINANCE, Safeguard our Elections, Champion School Choice, Keep our Border SECURE, Stop Migrant Crime, Support our Brave Military, Veterans, and Law Enforcement, and Protect our always under siege Second Amendment. Brandon Herrera has my Complete and Total Endorsement to be the next Representative from Texas’ 23rd Congressional District — HE WILL NEVER LET YOU DOWN!"
@realDonaldTrump,2026-03-11 11:33,2026,https://truthsocial.com/@realDonaldTrump/posts/116211737655789420,"The Republican Party’s Worst “Congressman,” EVER, Thomas Massie, is attacking GREAT Navy Seal Hero, Ed Gallrein, who is running against him in the Primary, saying that Ed became an Independent for a period of time, long ago. The fact is, many people do that, but Ed still supported me, and strongly, which is far more than Massie ever did, or does. Ed came back into the Party after he saw the Strength and “Wisdom” that I displayed. Many people have joined, and rejoined, our Party, but Massie did not, because he only votes, “NO!” It will be interesting to see what he does with THE SAVE AMERICA ACT, which is, simply: 1. ALL VOTERS MUST SHOW VOTER I.D. (IDENTIFICATION!).2. ALL VOTERS MUST SHOW PROOF OF CITIZENSHIP IN ORDER TO VOTE.3. NO MAIL-IN BALLOTS (EXCEPT FOR ILLNESS, DISABILITY, MILITARY, OR TRAVEL!).4. NO MEN IN WOMEN’S SPORTS.5. NO TRANSGENDER MUTILATION SURGERY FOR CHILDREN. He’d like to vote, “NO,” but on this one, there may be too much pressure, even on him, to do that. Thomas Massie, sometimes referred to as Rand Paul Jr. because he only votes “NO,” is A COMPLETE AND TOTAL DISASTER as a Congressman, and a Human Being. He is disloyal to the Republican Party, the People of Kentucky and, most importantly, he is disloyal to the United States of America! He is a MISFIT, who should be voted out of Office, ASAP. VOTE FOR ED GALLREIN, A MAN WHO HAS MY COMPLETE AND TOTAL ENDORSEMENT. HE IS A TRUE AMERICAN HERO! President DONALD J. TRUMP The Republican Party’s Worst “Congressman,” EVER, Thomas Massie, is attacking GREAT Navy Seal Hero, Ed Gallrein, who is running against him in the Primary, saying that Ed became an Independent for a period of time, long ago. The fact is, many people do that, but Ed still supported me, and strongly, which is far more than Massie ever did, or does. Ed came back into the Party after he saw the Strength and “Wisdom” that I displayed. Many people have joined, and rejoined, our Party, but Massie did not, because he only votes, “NO!” It will be interesting to see what he does with THE SAVE AMERICA ACT, which is, simply: 1. ALL VOTERS MUST SHOW VOTER I.D. (IDENTIFICATION!). 2. ALL VOTERS MUST SHOW PROOF OF CITIZENSHIP IN ORDER TO VOTE. 3. NO MAIL-IN BALLOTS (EXCEPT FOR ILLNESS, DISABILITY, MILITARY, OR TRAVEL!). 4. NO MEN IN WOMEN’S SPORTS. 5. NO TRANSGENDER MUTILATION SURGERY FOR CHILDREN. He’d like to vote, “NO,” but on this one, there may be too much pressure, even on him, to do that. Thomas Massie, sometimes referred to as Rand Paul Jr. because he only votes “NO,” is A COMPLETE AND TOTAL DISASTER as a Congressman, and a Human Being. He is disloyal to the Republican Party, the People of Kentucky and, most importantly, he is disloyal to the United States of America! He is a MISFIT, who should be voted out of Office, ASAP. VOTE FOR ED GALLREIN, A MAN WHO HAS MY COMPLETE AND TOTAL ENDORSEMENT. HE IS A TRUE AMERICAN HERO! President DONALD J. TRUMP"
@realDonaldTrump,2026-03-11 09:02,2026,https://truthsocial.com/@realDonaldTrump/posts/116211146074379121,null
@realDonaldTrump,2026-03-11 08:48,2026,https://truthsocial.com/@realDonaldTrump/posts/116211091235254854,Trump targeted by four FBI code-named counterintel probes that ensnared hundreds of Americans: https://justthenews.com/government/federal-agencies/trump-targeted-four-consecutive-fbi-counterintel-probes-ensnaring Trump targeted by four FBI code-named counterintel probes that ensnared hundreds of Americans: https://justthenews.com/government/federal-agencies/trump-targeted-four-consecutive-fbi-counterintel-probes-ensnaring
@realDonaldTrump,2026-03-11 08:48,2026,https://truthsocial.com/@realDonaldTrump/posts/116211089985611564,Trump right to revisit the 2020 elections: https://www.washingtontimes.com/news/2026/feb/19/trump-right-revisit-2020-elections/ Trump right to revisit the 2020 elections: https://www.washingtontimes.com/news/2026/feb/19/trump-right-revisit-2020-elections/
@realDonaldTrump,2026-03-11 08:45,2026,https://truthsocial.com/@realDonaldTrump/posts/116211077818747356,Harvard should not hire this misfit!https://freebeacon.com/campus/meet-the-next-chair-of-the-harvard-history-dept-who-called-trump-narcissist-white-supremacist-habitual-liar-lunatic/ Harvard should not hire this misfit!https://freebeacon.com/campus/meet-the-next-chair-of-the-harvard-history-dept-who-called-trump-narcissist-white-supremacist-habitual-liar-lunatic/
@realDonaldTrump,2026-03-11 05:45,2026,https://truthsocial.com/@realDonaldTrump/posts/116210369394250268,"I predict that “Representative”Thomas Massie will go down as the WORST Republican Congressman in the long and fabled history of the United States Congress, even worse than Crazy Liz Chaney, Cryin’ Adam Kinzinger, and Marjorie “Traitor” Brown (Remember, Green turns to Brown under stress!). They are all misfits and losers, but Massie, who is running against a great American Patriot in the Kentucky Primary, will hopefully lose BIG. I LOVE KENTUCKY!!! President DJT I predict that “Representative”Thomas Massie will go down as the WORST Republican Congressman in the long and fabled history of the United States Congress, even worse than Crazy Liz Chaney, Cryin’ Adam Kinzinger, and Marjorie “Traitor” Brown (Remember, Green turns to Brown under stress!). They are all misfits and losers, but Massie, who is running against a great American Patriot in the Kentucky Primary, will hopefully lose BIG. I LOVE KENTUCKY!!! President DJT"
@realDonaldTrump,2026-03-10 21:21,2026,https://truthsocial.com/@realDonaldTrump/posts/116208389014489575,Trump targeted by four FBI code-named counterintel probes that ensnared hundreds of Americans: https://justthenews.com/government/federal-agencies/trump-targeted-four-consecutive-fbi-counterintel-probes-ensnaring Trump targeted by four FBI code-named counterintel probes that ensnared hundreds of Americans: https://justthenews.com/government/federal-agencies/trump-targeted-four-consecutive-fbi-counterintel-probes-ensnaring
@realDonaldTrump,2026-03-10 21:10,2026,https://truthsocial.com/@realDonaldTrump/posts/116208344727934829,THE SAVE AMERICA ACT is by far the most popular Bill of its kind ever put before Congress! President DJT THE SAVE AMERICA ACT is by far the most popular Bill of its kind ever put before Congress! President DJT
@realDonaldTrump,2026-03-10 20:48,2026,https://truthsocial.com/@realDonaldTrump/posts/116208257097837824,null
@realDonaldTrump,2026-03-10 20:47,2026,https://truthsocial.com/@realDonaldTrump/posts/116208256454031089,null
@realDonaldTrump,2026-03-10 20:47,2026,https://truthsocial.com/@realDonaldTrump/posts/116208253619093465,null
@realDonaldTrump,2026-03-10 18:57,2026,https://truthsocial.com/@realDonaldTrump/posts/116207822892067202,Trump targeted by four FBI code-named counterintel probes that ensnared hundreds of Americans: https://justthenews.com/government/federal-agencies/trump-targeted-four-consecutive-fbi-counterintel-probes-ensnaring Trump targeted by four FBI code-named counterintel probes that ensnared hundreds of Americans: https://justthenews.com/government/federal-agencies/trump-targeted-four-consecutive-fbi-counterintel-probes-ensnaring
@realDonaldTrump,2026-03-10 18:57,2026,https://truthsocial.com/@realDonaldTrump/posts/116207821606085249,52% of US Likely Voters support Trump’s decision to strike Iran: Poll: https://justthenews.com/politics-policy/polling/52-us-likely-voters-support-trumps-decision-strike-iran-poll 52% of US Likely Voters support Trump’s decision to strike Iran: Poll: https://justthenews.com/politics-policy/polling/52-us-likely-voters-support-trumps-decision-strike-iran-poll
@realDonaldTrump,2026-03-10 18:25,2026,https://truthsocial.com/@realDonaldTrump/posts/116207697653886877,"The incredible people of Kentucky’s 4th Congressional District, who want desperately to get rid of Thomas Massie, the Worst “Republican” Congressman we have had in many years, gave us a mandate to, MAKE AMERICA GREAT AGAIN! The person that will help us do the job, and do it right, is Navy SEAL, Army Ranger, Fifth Generation Kentucky Farmer, and American Hero, Captain Ed Gallrein, a true Patriot. Today, Ed, who also happens to be central casting, officially filed to run for Congress. I have heard that there are other Candidates exploring a run for this seat, but I am asking all MAGA Warriors to rally behind Captain Ed Gallrein, the Candidate who is, far and away, best positioned to DEFEAT Third Rate Congressman Thomas Massie, a Weak and Pathetic RINO from the beautiful Commonwealth of Kentucky, a place I love, and won BIG, ALL THREE TIMES. A Brave Combat Veteran, Ed knows the Wisdom and Courage required to Defend our Country, Support our Military/Veterans, and Ensure PEACE THROUGH STRENGTH. He is a big fan of our recent attack on Nicolas Maduro, the Dictator of Venezuela. Additionally, as a very successful Businessman, Ed knows how to Create GREAT Jobs, Cut Taxes and Regulations, Promote MADE IN THE U.S.A., Support our Amazing Farmers and American Agriculture, Unleash American Energy Dominance, and Champion our Nation’s Golden Age. In Congress, he will fight tirelessly to Keep our now very Secure Border, SECURE, Stop Migrant Crime, and Defend our always under siege Second Amendment. Captain Ed Gallrein has my Complete and Total Endorsement against “Congressman” Thomas Massie — He only votes AGAINST the Republican Party, making life very easy for the Radical Left. Unlike “lightweight” Congressman Massie, a true hater of Israel, and a totally ineffective LOSER who has failed us so badly, CAPTAIN ED GALLREIN IS A WINNER WHO WILL NOT LET KENTUCKY DOWN! The incredible people of Kentucky’s 4th Congressional District, who want desperately to get rid of Thomas Massie, the Worst “Republican” Congressman we have had in many years, gave us a mandate to, MAKE AMERICA GREAT AGAIN! The person that will help us do the job, and do it right, is Navy SEAL, Army Ranger, Fifth Generation Kentucky Farmer, and American Hero, Captain Ed Gallrein, a true Patriot. Today, Ed, who also happens to be central casting, officially filed to run for Congress. I have heard that there are other Candidates exploring a run for this seat, but I am asking all MAGA Warriors to rally behind Captain Ed Gallrein, the Candidate who is, far and away, best positioned to DEFEAT Third Rate Congressman Thomas Massie, a Weak and Pathetic RINO from the beautiful Commonwealth of Kentucky, a place I love, and won BIG, ALL THREE TIMES. A Brave Combat Veteran, Ed knows the Wisdom and Courage required to Defend our Country, Support our Military/Veterans, and Ensure PEACE THROUGH STRENGTH. He is a big fan of our recent attack on Nicolas Maduro, the Dictator of Venezuela. Additionally, as a very successful Businessman, Ed knows how to Create GREAT Jobs, Cut Taxes and Regulations, Promote MADE IN THE U.S.A., Support our Amazing Farmers and American Agriculture, Unleash American Energy Dominance, and Champion our Nation’s Golden Age. In Congress, he will fight tirelessly to Keep our now very Secure Border, SECURE, Stop Migrant Crime, and Defend our always under siege Second Amendment. Captain Ed Gallrein has my Complete and Total Endorsement against “Congressman” Thomas Massie — He only votes AGAINST the Republican Party, making life very easy for the Radical Left. Unlike “lightweight” Congressman Massie, a true hater of Israel, and a totally ineffective LOSER who has failed us so badly, CAPTAIN ED GALLREIN IS A WINNER WHO WILL NOT LET KENTUCKY DOWN!"
@realDonaldTrump,2026-03-10 18:20,2026,https://truthsocial.com/@realDonaldTrump/posts/116207676745815880,"One of the many criminals picked up in Memphis, Tennessee. He will not be allowed to kill again! One of the many criminals picked up in Memphis, Tennessee. He will not be allowed to kill again!"
@realDonaldTrump,2026-03-10 15:21,2026,https://truthsocial.com/@realDonaldTrump/posts/116206971915527868,"Just two of the many brutal criminals we have captured in Memphis, making it 50% safer than it was just two months ago — More to follow! Just two of the many brutal criminals we have captured in Memphis, making it 50% safer than it was just two months ago — More to follow!"
@realDonaldTrump,2026-03-10 15:18,2026,https://truthsocial.com/@realDonaldTrump/posts/116206960564018781,null
@realDonaldTrump,2026-03-10 14:07,2026,https://truthsocial.com/@realDonaldTrump/posts/116206683370194686,"If Iran has put out any mines in the Hormuz Strait, and we have no reports of them doing so, we want them removed, IMMEDIATELY! If for any reason mines were placed, and they are not removed forthwith, the Military consequences to Iran will be at a level never seen before. If, on the other hand, they remove what may have been placed, it will be a giant step in the right direction! Additionally, we are using the same Technology and Missile capabilities deployed against Drug Traffickers to permanently eliminate any boat or ship attempting to mine the Hormuz Strait. They will be dealt with quickly and violently. BEWARE! President DONALD J. TRUMP If Iran has put out any mines in the Hormuz Strait, and we have no reports of them doing so, we want them removed, IMMEDIATELY! If for any reason mines were placed, and they are not removed forthwith, the Military consequences to Iran will be at a level never seen before. If, on the other hand, they remove what may have been placed, it will be a giant step in the right direction! Additionally, we are using the same Technology and Missile capabilities deployed against Drug Traffickers to permanently eliminate any boat or ship attempting to mine the Hormuz Strait. They will be dealt with quickly and violently. BEWARE! President DONALD J. TRUMP"
@realDonaldTrump,2026-03-10 12:12,2026,https://truthsocial.com/@realDonaldTrump/posts/116206229876653286,"I’m working with Governor Gretchen Whitmer on trying to save The Great Lakes from the rather violent and destructive Asian Carp, which is rapidly taking over Lake Michigan, and all of the beautiful surrounds. I’ll be asking other Governors to join into this fight, including those of Illinois, Wisconsin, Minnesota, Pennsylvania, Ohio, Indiana, New York and, of course, the future Governor of Canada, Mark Carney, who I know will be happy to contribute to this worthy cause. Separately, I am also working to save The Great Salt Lake, in Utah, which, in a short period of time, if nothing is done, will have no water. This is on top of everything else I am doing. Only “TRUMP” CAN DO IT! President DONALD J. TRUMP I’m working with Governor Gretchen Whitmer on trying to save The Great Lakes from the rather violent and destructive Asian Carp, which is rapidly taking over Lake Michigan, and all of the beautiful surrounds. I’ll be asking other Governors to join into this fight, including those of Illinois, Wisconsin, Minnesota, Pennsylvania, Ohio, Indiana, New York and, of course, the future Governor of Canada, Mark Carney, who I know will be happy to contribute to this worthy cause. Separately, I am also working to save The Great Salt Lake, in Utah, which, in a short period of time, if nothing is done, will have no water. This is on top of everything else I am doing. Only “TRUMP” CAN DO IT! President DONALD J. TRUMP"
@realDonaldTrump,2026-03-09 18:30,2026,https://truthsocial.com/@realDonaldTrump/posts/116202053313332968,52% of US Likely Voters support Trump’s decision to strike Iran: Poll: https://justthenews.com/politics-policy/polling/52-us-likely-voters-support-trumps-decision-strike-iran-poll 52% of US Likely Voters support Trump’s decision to strike Iran: Poll: https://justthenews.com/politics-policy/polling/52-us-likely-voters-support-trumps-decision-strike-iran-poll
@realDonaldTrump,2026-03-09 17:54,2026,https://truthsocial.com/@realDonaldTrump/posts/116201913738494775,Nolte: Cassidy ‘Trump Attacked Secret Service Agent’ Hutchinson Referred for Criminal Charges: https://www.breitbart.com/politics/2026/03/06/nolte-cassidy-trump-attacked-secret-service-agent-hutchinson-referred-for-criminal-charges/ Nolte: Cassidy ‘Trump Attacked Secret Service Agent’ Hutchinson Referred for Criminal Charges: https://www.breitbart.com/politics/2026/03/06/nolte-cassidy-trump-attacked-secret-service-agent-hutchinson-referred-for-criminal-charges/
@realDonaldTrump,2026-03-09 11:22,2026,https://truthsocial.com/@realDonaldTrump/posts/116200371638821370,"Kim Clement prophesying about Donald Trump, 2007:https://www.youtube.com/watch?v=eFfFtq1fljY Kim Clement prophesying about Donald Trump, 2007:https://www.youtube.com/watch?v=eFfFtq1fljY"
@realDonaldTrump,2026-03-09 08:30,2026,https://truthsocial.com/@realDonaldTrump/posts/116199696068251039,ASYLUM! ASYLUM!
@realDonaldTrump,2026-03-09 07:57,2026,https://truthsocial.com/@realDonaldTrump/posts/116199565947438958,null
@realDonaldTrump,2026-03-09 07:54,2026,https://truthsocial.com/@realDonaldTrump/posts/116199551472806209,null
@realDonaldTrump,2026-03-08 16:54,2026,https://truthsocial.com/@realDonaldTrump/posts/116196014942465383,"Short term oil prices, which will drop rapidly when the destruction of the Iran nuclear threat is over, is a very small price to pay for U.S.A., and World, Safety and Peace. ONLY FOOLS WOULD THINK DIFFERENTLY!President DJT Short term oil prices, which will drop rapidly when the destruction of the Iran nuclear threat is over, is a very small price to pay for U.S.A., and World, Safety and Peace. ONLY FOOLS WOULD THINK DIFFERENTLY!President DJT"
@realDonaldTrump,2026-03-08 06:22,2026,https://truthsocial.com/@realDonaldTrump/posts/116193527873859174,"Great Job by hard working Scott Pressler on Fox & Friends talking about using the Filibuster, or Talking Filibuster, in order to pass THE SAVE AMERICA ACT, an 88% issue with ALL VOTERS. It must be done immediately. It supersedes everything else. MUST GO TO THE FRONT OF THE LINE. I, as President, will not sign other Bills until this is passed, AND NOT THE WATERED DOWN VERSION - GO FOR THE GOLD: MUST SHOW VOTER I.D. & PROOF OF CITIZENSHIP: NO MAIL-IN BALLOTS EXCEPT FOR MILITARY - ILLNESS, DISABILITY, TRAVEL: NO MEN IN WOMEN’S SPORTS: NO TRANSGENDER MUTILIZATION FOR CHILDREN! DO NOT FAIL!!! President DONALD J. TRUMP Great Job by hard working Scott Pressler on Fox & Friends talking about using the Filibuster, or Talking Filibuster, in order to pass THE SAVE AMERICA ACT, an 88% issue with ALL VOTERS. It must be done immediately. It supersedes everything else. MUST GO TO THE FRONT OF THE LINE. I, as President, will not sign other Bills until this is passed, AND NOT THE WATERED DOWN VERSION - GO FOR THE GOLD: MUST SHOW VOTER I.D. & PROOF OF CITIZENSHIP: NO MAIL-IN BALLOTS EXCEPT FOR MILITARY - ILLNESS, DISABILITY, TRAVEL: NO MEN IN WOMEN’S SPORTS: NO TRANSGENDER MUTILIZATION FOR CHILDREN! DO NOT FAIL!!! President DONALD J. TRUMP"
@realDonaldTrump,2026-03-07 11:35,2026,https://truthsocial.com/@realDonaldTrump/posts/116189097976942933,null
@realDonaldTrump,2026-03-07 04:10,2026,https://truthsocial.com/@realDonaldTrump/posts/116187346419235898,https://truthsocial.com/@realDonaldTrump/116162644396687602 https://truthsocial.com/@realDonaldTrump/116162644396687602
@realDonaldTrump,2026-03-07 04:09,2026,https://truthsocial.com/@realDonaldTrump/posts/116187342283982320,https://truthsocial.com/@realDonaldTrump/116163464520215003 https://truthsocial.com/@realDonaldTrump/116163464520215003
@realDonaldTrump,2026-03-06 20:18,2026,https://truthsocial.com/@realDonaldTrump/posts/116185492043628345,GREGG JARRETT: Democrat war powers vote was an unconstitutional way to halt Iran strikes: https://www.foxnews.com/opinion/gregg-jarrett-democrat-war-powers-vote-unconstitutional-way-halt-iran-strikes GREGG JARRETT: Democrat war powers vote was an unconstitutional way to halt Iran strikes: https://www.foxnews.com/opinion/gregg-jarrett-democrat-war-powers-vote-unconstitutional-way-halt-iran-strikes
@realDonaldTrump,2026-03-06 19:35,2026,https://truthsocial.com/@realDonaldTrump/posts/116185324473510188,"I will be going to Dover Air Force Base tomorrow, with the First Lady and Members of my Cabinet, to pay our Highest Respect to our Great Warriors, who are returning home for the last time. GOD BLESS THEM ALL! President DONALD J. TRUMP I will be going to Dover Air Force Base tomorrow, with the First Lady and Members of my Cabinet, to pay our Highest Respect to our Great Warriors, who are returning home for the last time. GOD BLESS THEM ALL! President DONALD J. TRUMP"
@realDonaldTrump,2026-03-06 18:22,2026,https://truthsocial.com/@realDonaldTrump/posts/116185037036228151,null
@realDonaldTrump,2026-03-06 18:22,2026,https://truthsocial.com/@realDonaldTrump/posts/116185036165952004,null
@realDonaldTrump,2026-03-06 18:22,2026,https://truthsocial.com/@realDonaldTrump/posts/116185035196848198,null
@realDonaldTrump,2026-03-06 18:21,2026,https://truthsocial.com/@realDonaldTrump/posts/116185033516460457,null
@realDonaldTrump,2026-03-06 18:21,2026,https://truthsocial.com/@realDonaldTrump/posts/116185032849564901,null
@realDonaldTrump,2026-03-06 14:46,2026,https://truthsocial.com/@realDonaldTrump/posts/116184185735585906,"We just concluded a very good meeting with the largest U.S. Defense Manufacturing Companies where we discussed Production and Production Schedules. They have agreed to quadruple Production of the “Exquisite Class” Weaponry in that we want to reach, as rapidly as possible, the highest levels of quantity. Expansion began three months prior to the meeting, and Plants and Production of many of these Weapons are already under way. We have a virtually unlimited supply of Medium and Upper Medium Grade Munitions, which we are using, as an example, in Iran, and recently used in Venezuela. Regardless, however, we have also increased Orders at these levels. The Companies represented were the CEOs of BAE Systems, Boeing, Honeywell Aerospace, L3Harris Missile Solutions, Lockheed Martin, Northrop Grumman, and Raytheon. The meeting concluded with another meeting scheduled in two months. States all over the Country are bidding for these new Plants. Thank you for your attention to this matter! President DONALD J. TRUMP We just concluded a very good meeting with the largest U.S. Defense Manufacturing Companies where we discussed Production and Production Schedules. They have agreed to quadruple Production of the “Exquisite Class” Weaponry in that we want to reach, as rapidly as possible, the highest levels of quantity. Expansion began three months prior to the meeting, and Plants and Production of many of these Weapons are already under way. We have a virtually unlimited supply of Medium and Upper Medium Grade Munitions, which we are using, as an example, in Iran, and recently used in Venezuela. Regardless, however, we have also increased Orders at these levels. The Companies represented were the CEOs of BAE Systems, Boeing, Honeywell Aerospace, L3Harris Missile Solutions, Lockheed Martin, Northrop Grumman, and Raytheon. The meeting concluded with another meeting scheduled in two months. States all over the Country are bidding for these new Plants. Thank you for your attention to this matter! President DONALD J. TRUMP"
@realDonaldTrump,2026-03-06 10:04,2026,https://truthsocial.com/@realDonaldTrump/posts/116183076016216866,https://www.justice.gov/opa/pr/justice-department-sues-harvard-university-withholding-race-related-admissions-documents https://www.justice.gov/opa/pr/justice-department-sues-harvard-university-withholding-race-related-admissions-documents
@realDonaldTrump,2026-03-06 10:03,2026,https://truthsocial.com/@realDonaldTrump/posts/116183074199338333,President Trump pledges to help Utah save the Great Salt Lake: https://www.fox13now.com/news/politics/president-trump-pledges-to-help-utah-save-the-great-salt-lake President Trump pledges to help Utah save the Great Salt Lake: https://www.fox13now.com/news/politics/president-trump-pledges-to-help-utah-save-the-great-salt-lake
@realDonaldTrump,2026-03-06 10:03,2026,https://truthsocial.com/@realDonaldTrump/posts/116183073116586511,U.S. Trade Deficit Nearly Cut in Half Since Liberation Day: https://www.breitbart.com/economy/2026/02/19/u-s-trade-deficit-nearly-cut-in-half-since-liberation-day/ U.S. Trade Deficit Nearly Cut in Half Since Liberation Day: https://www.breitbart.com/economy/2026/02/19/u-s-trade-deficit-nearly-cut-in-half-since-liberation-day/
@realDonaldTrump,2026-03-06 10:02,2026,https://truthsocial.com/@realDonaldTrump/posts/116183069134046672,Trump declares National Angel Family Day for illegal immigrants’ victims: https://www.washingtonexaminer.com/news/white-house/4465340/trump-national-angel-family-day-illegal-immigration-laken-riley/ Trump declares National Angel Family Day for illegal immigrants’ victims: https://www.washingtonexaminer.com/news/white-house/4465340/trump-national-angel-family-day-illegal-immigration-laken-riley/
@realDonaldTrump,2026-03-06 10:02,2026,https://truthsocial.com/@realDonaldTrump/posts/116183067945192625,Georgia Full-Line Steel Service Center President Says Trump’s Tariffs Saved Business: https://www.breitbart.com/politics/2026/02/20/georgia-full-line-steel-service-center-president-says-trumps-tariffs-saved-business/ Georgia Full-Line Steel Service Center President Says Trump’s Tariffs Saved Business: https://www.breitbart.com/politics/2026/02/20/georgia-full-line-steel-service-center-president-says-trumps-tariffs-saved-business/
@realDonaldTrump,2026-03-06 10:01,2026,https://truthsocial.com/@realDonaldTrump/posts/116183063685022383,EXCLUSIVE: Trump Celebrates Milestone in Serving Veterans: https://www.dailysignal.com/2026/02/23/exclusive-trump-celebrates-milestone-serving-veterans/ EXCLUSIVE: Trump Celebrates Milestone in Serving Veterans: https://www.dailysignal.com/2026/02/23/exclusive-trump-celebrates-milestone-serving-veterans/
@realDonaldTrump,2026-03-06 09:08,2026,https://truthsocial.com/@realDonaldTrump/posts/116182858456252484,"We are moving thousands of people out of various Countries throughout the Middle East. It is being done quietly, but seamlessly. The State Department, under Secretary Marco Rubio, is doing a great job! President DONALD J. TRUMP We are moving thousands of people out of various Countries throughout the Middle East. It is being done quietly, but seamlessly. The State Department, under Secretary Marco Rubio, is doing a great job! President DONALD J. TRUMP"
@realDonaldTrump,2026-03-06 08:51,2026,https://truthsocial.com/@realDonaldTrump/posts/116182789967579091,"Trump calls Bill Maher a 'jerk,' adding that dinner with him was 'a total waste of time': https://kutv.com/news/nation-world/trump-calls-bill-maher-a-jerk-adding-that-dinner-with-him-was-a-total-waste-of-time-politics-real-time-host-hbo-show Trump calls Bill Maher a 'jerk,' adding that dinner with him was 'a total waste of time': https://kutv.com/news/nation-world/trump-calls-bill-maher-a-jerk-adding-that-dinner-with-him-was-a-total-waste-of-time-politics-real-time-host-hbo-show"
@realDonaldTrump,2026-03-06 08:50,2026,https://truthsocial.com/@realDonaldTrump/posts/116182786028414663,Trump Calls Dinner With Maher a Waste of Time: https://www.newsmax.com/newsfront/trump-maher-truth-social/2026/02/14/id/1246167/ Trump Calls Dinner With Maher a Waste of Time: https://www.newsmax.com/newsfront/trump-maher-truth-social/2026/02/14/id/1246167/
@realDonaldTrump,2026-03-06 08:50,2026,https://truthsocial.com/@realDonaldTrump/posts/116182784868917876,'Overrated LIGHTWEIGHT': Trump roasts famous TDS-ridden TV host in Valentine's Day morning message: https://www.theblaze.com/news/overrated-lightweight-trump-roasts-famous-tds-ridden-tv-host-in-valentine-s-day-morning-message 'Overrated LIGHTWEIGHT': Trump roasts famous TDS-ridden TV host in Valentine's Day morning message: https://www.theblaze.com/news/overrated-lightweight-trump-roasts-famous-tds-ridden-tv-host-in-valentine-s-day-morning-message
@realDonaldTrump,2026-03-06 08:49,2026,https://truthsocial.com/@realDonaldTrump/posts/116182780764441930,Trump Breaks Up With Bill Maher On Valentine's Day: https://www.huffpost.com/entry/trump-breaks-up-with-bill-maher-on-valentines-day_n_6990b5eee4b0d24cb0c47b58 Trump Breaks Up With Bill Maher On Valentine's Day: https://www.huffpost.com/entry/trump-breaks-up-with-bill-maher-on-valentines-day_n_6990b5eee4b0d24cb0c47b58
@realDonaldTrump,2026-03-05 12:41,2026,https://truthsocial.com/@realDonaldTrump/posts/116178030946996760,"I am pleased to announce that the Highly Respected United States Senator from the Great State of Oklahoma, Markwayne Mullin, will become the United States Secretary of Homeland Security (DHS), effective March 31, 2026. The current Secretary, Kristi Noem, who has served us well, and has had numerous and spectacular results (especially on the Border!), will be moving to be Special Envoy for The Shield of the Americas, our new Security Initiative in the Western Hemisphere we are announcing on Saturday in Doral, Florida. I thank Kristi for her service at “Homeland.” Serving 10 years in the United States House of Representatives, and 3 in the Senate, Markwayne has done a tremendous job representing the wonderful People of Oklahoma, where I won all 77 out of 77 Counties — in 2016, 2020, and 2024! A MAGA Warrior, and former undefeated professional MMA fighter, Markwayne truly gets along well with people, and knows the Wisdom and Courage required to Advance our America First Agenda. As the only Native American in the Senate, Markwayne is a fantastic advocate for our incredible Tribal Communities. Markwayne will work tirelessly to Keep our Border Secure, Stop Migrant Crime, Murderers, and other Criminals from illegally entering our Country, End the Scourge of Illegal Drugs and, MAKE AMERICA SAFE AGAIN. Markwayne will make a spectacular Secretary of Homeland Security. Thank you for your attention to this matter! PRESIDENT DONALD J. TRUMP I am pleased to announce that the Highly Respected United States Senator from the Great State of Oklahoma, Markwayne Mullin, will become the United States Secretary of Homeland Security (DHS), effective March 31, 2026. The current Secretary, Kristi Noem, who has served us well, and has had numerous and spectacular results (especially on the Border!), will be moving to be Special Envoy for The Shield of the Americas, our new Security Initiative in the Western Hemisphere we are announcing on Saturday in Doral, Florida. I thank Kristi for her service at “Homeland.” Serving 10 years in the United States House of Representatives, and 3 in the Senate, Markwayne has done a tremendous job representing the wonderful People of Oklahoma, where I won all 77 out of 77 Counties — in 2016, 2020, and 2024! A MAGA Warrior, and former undefeated professional MMA fighter, Markwayne truly gets along well with people, and knows the Wisdom and Courage required to Advance our America First Agenda. As the only Native American in the Senate, Markwayne is a fantastic advocate for our incredible Tribal Communities. Markwayne will work tirelessly to Keep our Border Secure, Stop Migrant Crime, Murderers, and other Criminals from illegally entering our Country, End the Scourge of Illegal Drugs and, MAKE AMERICA SAFE AGAIN. Markwayne will make a spectacular Secretary of Homeland Security. Thank you for your attention to this matter! PRESIDENT DONALD J. TRUMP"
@realDonaldTrump,2026-03-05 12:17,2026,https://truthsocial.com/@realDonaldTrump/posts/116177938351998839,"Trump, Zeldin roll back Obama-era climate change rule — cite savings of more than $3,800 per American: https://nypost.com/2026/02/12/us-news/trump-lee-zeldin-announce-largest-deregulatory-action-in-american-history/ Trump, Zeldin roll back Obama-era climate change rule — cite savings of more than $3,800 per American: https://nypost.com/2026/02/12/us-news/trump-lee-zeldin-announce-largest-deregulatory-action-in-american-history/"
@realDonaldTrump,2026-03-05 11:39,2026,https://truthsocial.com/@realDonaldTrump/posts/116177788298657808,null
@realDonaldTrump,2026-03-05 11:38,2026,https://truthsocial.com/@realDonaldTrump/posts/116177784616697185,null
@realDonaldTrump,2026-03-05 11:03,2026,https://truthsocial.com/@realDonaldTrump/posts/116177648586723296,Trump pardons 5 former NFL stars: https://www.foxnews.com/sports/trump-pardons-5-former-nfl-stars-wide-ranging-crimes Trump pardons 5 former NFL stars: https://www.foxnews.com/sports/trump-pardons-5-former-nfl-stars-wide-ranging-crimes
@realDonaldTrump,2026-03-05 10:59,2026,https://truthsocial.com/@realDonaldTrump/posts/116177631885804964,U.S. Justice Department hangs banner of Donald Trump at headquarters: https://www.ft.com/content/6eca9b40-a775-470f-83f0-a6f72e616230 U.S. Justice Department hangs banner of Donald Trump at headquarters: https://www.ft.com/content/6eca9b40-a775-470f-83f0-a6f72e616230
@realDonaldTrump,2026-03-05 10:56,2026,https://truthsocial.com/@realDonaldTrump/posts/116177618934457371,"President Trump's DC crime task force has now made over 10,000 arrests since launch: https://wjla.com/news/local/trump-federal-takeover-washington-dc-crime-initiative-make-dc-safe-beautiful-again-arrests-made-firearms-seized-missing-children-shooting-crime-stats-gangs-narcotics-law-enforcement President Trump's DC crime task force has now made over 10,000 arrests since launch: https://wjla.com/news/local/trump-federal-takeover-washington-dc-crime-initiative-make-dc-safe-beautiful-again-arrests-made-firearms-seized-missing-children-shooting-crime-stats-gangs-narcotics-law-enforcement"
@realDonaldTrump,2026-03-05 08:35,2026,https://truthsocial.com/@realDonaldTrump/posts/116177065488835367,Melania Trump makes history presiding over UN Security Council — remarking on Iran war deaths: https://nypost.com/2026/03/02/us-news/melania-trump-makes-history-presiding-over-un-security-council-acknowledges-challenging-times/ Melania Trump makes history presiding over UN Security Council — remarking on Iran war deaths: https://nypost.com/2026/03/02/us-news/melania-trump-makes-history-presiding-over-un-security-council-acknowledges-challenging-times/
@realDonaldTrump,2026-03-04 22:48,2026,https://truthsocial.com/@realDonaldTrump/posts/116174758696408802,Thank you to our great NATO Secretary General! President DJT Thank you to our great NATO Secretary General! President DJT
@realDonaldTrump,2026-03-04 22:22,2026,https://truthsocial.com/@realDonaldTrump/posts/116174655687493686,"Ex-MAGA influencers lose clout in election primaries, but Trump still a difference maker: https://justthenews.com/government/white-house/ex-maga-influencers-lose-influence-election-primaries Ex-MAGA influencers lose clout in election primaries, but Trump still a difference maker: https://justthenews.com/government/white-house/ex-maga-influencers-lose-influence-election-primaries"
@realDonaldTrump,2026-03-04 19:07,2026,https://truthsocial.com/@realDonaldTrump/posts/116173889537109343,Miranda Devine: Trump debunking Al Gore’s climate fears has made the world a better place: https://nypost.com/2026/02/11/opinion/trump-administration-debunking-al-gores-climate-fears-made-the-world-a-better-place/ Miranda Devine: Trump debunking Al Gore’s climate fears has made the world a better place: https://nypost.com/2026/02/11/opinion/trump-administration-debunking-al-gores-climate-fears-made-the-world-a-better-place/
@realDonaldTrump,2026-03-04 15:48,2026,https://truthsocial.com/@realDonaldTrump/posts/116173104270478609,Trump and Amb. Grenell Launch $257M Fast-Tracked Restoration of Trump Kennedy Center After Years of Neglect: https://www.breitbart.com/entertainment/2026/02/02/trump-grenell-launch-257m-fast-tracked-restoration-trump-kennedy-center/ Trump and Amb. Grenell Launch $257M Fast-Tracked Restoration of Trump Kennedy Center After Years of Neglect: https://www.breitbart.com/entertainment/2026/02/02/trump-grenell-launch-257m-fast-tracked-restoration-trump-kennedy-center/
@realDonaldTrump,2026-03-04 13:23,2026,https://truthsocial.com/@realDonaldTrump/posts/116172535516620110,null
@realDonaldTrump,2026-03-04 07:53,2026,https://truthsocial.com/@realDonaldTrump/posts/116171235839468788,"House Oversight Committee concludes Tim Walz' administration knew of fraud, failed to act: https://justthenews.com/government/congress/5amoversight-committee-concludes-tim-walz-administration-knew-fraud-failed-act House Oversight Committee concludes Tim Walz' administration knew of fraud, failed to act: https://justthenews.com/government/congress/5amoversight-committee-concludes-tim-walz-administration-knew-fraud-failed-act"
@realDonaldTrump,2026-03-04 07:52,2026,https://truthsocial.com/@realDonaldTrump/posts/116171232642021554,Bill Pulte Highlights How Falling Mortgage Rates Are Restoring Buyer Confidence: https://justthenews.com/videos/bill-pulte-highlights-how-falling-mortgage-rates-are-restoring-buyer-confidence Bill Pulte Highlights How Falling Mortgage Rates Are Restoring Buyer Confidence: https://justthenews.com/videos/bill-pulte-highlights-how-falling-mortgage-rates-are-restoring-buyer-confidence
@realDonaldTrump,2026-03-04 04:44,2026,https://truthsocial.com/@realDonaldTrump/posts/116170495259693428,null
@realDonaldTrump,2026-03-04 04:44,2026,https://truthsocial.com/@realDonaldTrump/posts/116170494641189321,null
@realDonaldTrump,2026-03-04 04:43,2026,https://truthsocial.com/@realDonaldTrump/posts/116170491395510476,null
@realDonaldTrump,2026-03-04 04:43,2026,https://truthsocial.com/@realDonaldTrump/posts/116170489871271316,null
@realDonaldTrump,2026-03-04 04:43,2026,https://truthsocial.com/@realDonaldTrump/posts/116170488991240576,null
@realDonaldTrump,2026-03-03 20:33,2026,https://truthsocial.com/@realDonaldTrump/posts/116168565182135070,null
@realDonaldTrump,2026-03-03 20:24,2026,https://truthsocial.com/@realDonaldTrump/posts/116168528449064404,null
@realDonaldTrump,2026-03-03 20:24,2026,https://truthsocial.com/@realDonaldTrump/posts/116168527553292766,null
@realDonaldTrump,2026-03-03 20:23,2026,https://truthsocial.com/@realDonaldTrump/posts/116168525881381029,null
@realDonaldTrump,2026-03-03 20:23,2026,https://truthsocial.com/@realDonaldTrump/posts/116168523572025477,null
@realDonaldTrump,2026-03-03 20:22,2026,https://truthsocial.com/@realDonaldTrump/posts/116168521574401222,null
@realDonaldTrump,2026-03-03 20:22,2026,https://truthsocial.com/@realDonaldTrump/posts/116168520054256527,null
@realDonaldTrump,2026-03-03 20:21,2026,https://truthsocial.com/@realDonaldTrump/posts/116168515226419677,null
@realDonaldTrump,2026-03-03 20:14,2026,https://truthsocial.com/@realDonaldTrump/posts/116168490361044128,null
@realDonaldTrump,2026-03-03 20:13,2026,https://truthsocial.com/@realDonaldTrump/posts/116168484637565098,null
@realDonaldTrump,2026-03-03 20:13,2026,https://truthsocial.com/@realDonaldTrump/posts/116168483802123009,null
@realDonaldTrump,2026-03-03 20:12,2026,https://truthsocial.com/@realDonaldTrump/posts/116168481131957095,null
@realDonaldTrump,2026-03-03 20:06,2026,https://truthsocial.com/@realDonaldTrump/posts/116168459540487307,null
@realDonaldTrump,2026-03-03 20:06,2026,https://truthsocial.com/@realDonaldTrump/posts/116168458225752452,null
@realDonaldTrump,2026-03-03 20:06,2026,https://truthsocial.com/@realDonaldTrump/posts/116168455984935283,null
@realDonaldTrump,2026-03-03 20:05,2026,https://truthsocial.com/@realDonaldTrump/posts/116168454012074791,null
@realDonaldTrump,2026-03-03 20:04,2026,https://truthsocial.com/@realDonaldTrump/posts/116168451675295070,null
@realDonaldTrump,2026-03-03 19:43,2026,https://truthsocial.com/@realDonaldTrump/posts/116168368871499097,null
@realDonaldTrump,2026-03-03 17:20,2026,https://truthsocial.com/@realDonaldTrump/posts/116167803629901481,null
@realDonaldTrump,2026-03-03 16:55,2026,https://truthsocial.com/@realDonaldTrump/posts/116167706503631003,"Zohran has come a long way embracing, of course, the Declaration of Independence while at The Oval Office — Big progress! President DJT Zohran has come a long way embracing, of course, the Declaration of Independence while at The Oval Office — Big progress! President DJT"
@realDonaldTrump,2026-03-03 16:44,2026,https://truthsocial.com/@realDonaldTrump/posts/116167664938928280,null
@realDonaldTrump,2026-03-03 16:44,2026,https://truthsocial.com/@realDonaldTrump/posts/116167664140905315,null
@realDonaldTrump,2026-03-03 16:02,2026,https://truthsocial.com/@realDonaldTrump/posts/116167496865556148,"The Genius Act is being threatened and undermined by the Banks, and that is unacceptable — We are not going to allow it. The U.S. needs to get Market Structure done, ASAP. Americans should earn more money on their money. The Banks are hitting record profits, and we are not going to allow them to undermine our powerful Crypto Agenda that will end up going to China, and other Countries if we don’t get The Clarity Act taken care of. The Genius Act was the U.S.A.’s first big step to make the United States the Crypto Capital of the World, and getting The Clarity Act done is the next step to finish the job and, most importantly, keep this big and powerful Industry in our Country. The Banks should not be trying to undercut The Genius Act, or hold The Clarity Act hostage. They need to make a good deal with the Crypto Industry because that’s what’s in best interest of the American People. This Industry cannot be taken from the People of America when it is so close to becoming truly successful. Thank you for your attention to this matter! President DONALD J. TRUMP The Genius Act is being threatened and undermined by the Banks, and that is unacceptable — We are not going to allow it. The U.S. needs to get Market Structure done, ASAP. Americans should earn more money on their money. The Banks are hitting record profits, and we are not going to allow them to undermine our powerful Crypto Agenda that will end up going to China, and other Countries if we don’t get The Clarity Act taken care of. The Genius Act was the U.S.A.’s first big step to make the United States the Crypto Capital of the World, and getting The Clarity Act done is the next step to finish the job and, most importantly, keep this big and powerful Industry in our Country. The Banks should not be trying to undercut The Genius Act, or hold The Clarity Act hostage. They need to make a good deal with the Crypto Industry because that’s what’s in best interest of the American People. This Industry cannot be taken from the People of America when it is so close to becoming truly successful. Thank you for your attention to this matter! President DONALD J. TRUMP"
@realDonaldTrump,2026-03-03 13:37,2026,https://truthsocial.com/@realDonaldTrump/posts/116166926920657651,"Effective IMMEDIATELY, I have ordered the United States Development Finance Corporation (DFC) to provide, at a very reasonable price, political risk insurance and guarantees for the Financial Security of ALL Maritime Trade, especially Energy, traveling through the Gulf. This will be available to all Shipping Lines. If necessary, the United States Navy will begin escorting tankers through the Strait of Hormuz, as soon as possible. No matter what, the United States will ensure the FREE FLOW of ENERGY to the WORLD. The United States’ ECONOMIC and MILITARY MIGHT is the GREATEST ON EARTH — More actions to come. Thank you for your attention to this matter! President DONALD J. TRUMP Effective IMMEDIATELY, I have ordered the United States Development Finance Corporation (DFC) to provide, at a very reasonable price, political risk insurance and guarantees for the Financial Security of ALL Maritime Trade, especially Energy, traveling through the Gulf. This will be available to all Shipping Lines. If necessary, the United States Navy will begin escorting tankers through the Strait of Hormuz, as soon as possible. No matter what, the United States will ensure the FREE FLOW of ENERGY to the WORLD. The United States’ ECONOMIC and MILITARY MIGHT is the GREATEST ON EARTH — More actions to come. Thank you for your attention to this matter! President DONALD J. TRUMP"
@realDonaldTrump,2026-03-03 06:38,2026,https://truthsocial.com/@realDonaldTrump/posts/116165282347349425,"Their air defense, Air Force, Navy, and Leadership is gone. They want to talk. I said “Too Late!”https://www.washingtonpost.com/opinions/2026/03/03/iran-strike-venezuela-military-trump-doctrine/?pwapi_token=eyJ0eXAiOiJKV1QiLCJhbGciOiJIUzI1NiJ9 Their air defense, Air Force, Navy, and Leadership is gone. They want to talk. I said “Too Late!”https://www.washingtonpost.com/opinions/2026/03/03/iran-strike-venezuela-military-trump-doctrine/?pwapi_token=eyJ0eXAiOiJKV1QiLCJhbGciOiJIUzI1NiJ9"
@realDonaldTrump,2026-03-03 04:30,2026,https://truthsocial.com/@realDonaldTrump/posts/116164778986524540,Tariff Victory: U.S.-China Trade Deficit Plummets in Trump’s First Year: https://www.breitbart.com/politics/2026/03/02/tariff-victory-us-china-trade-deficit-plummets/ Tariff Victory: U.S.-China Trade Deficit Plummets in Trump’s First Year: https://www.breitbart.com/politics/2026/03/02/tariff-victory-us-china-trade-deficit-plummets/
@realDonaldTrump,2026-03-02 23:46,2026,https://truthsocial.com/@realDonaldTrump/posts/116163661822131736,null
@realDonaldTrump,2026-03-02 23:46,2026,https://truthsocial.com/@realDonaldTrump/posts/116163660992034515,null
@realDonaldTrump,2026-03-02 23:36,2026,https://truthsocial.com/@realDonaldTrump/posts/116163621494579751,"Deranged Jack Smith should be brought to Justice, NOW!!! Deranged Jack Smith should be brought to Justice, NOW!!!"
@realDonaldTrump,2026-03-02 23:36,2026,https://truthsocial.com/@realDonaldTrump/posts/116163619076258559,null
@realDonaldTrump,2026-03-02 23:05,2026,https://truthsocial.com/@realDonaldTrump/posts/116163500884477451,https://truthsocial.com/users/joemccuiston/statuses/116163475424249040 https://truthsocial.com/users/joemccuiston/statuses/116163475424249040
@realDonaldTrump,2026-03-02 18:45,2026,https://truthsocial.com/@realDonaldTrump/posts/116162475609164889,null
@realDonaldTrump,2026-03-02 18:44,2026,https://truthsocial.com/@realDonaldTrump/posts/116162474429833006,null
@realDonaldTrump,2026-03-02 17:20,2026,https://truthsocial.com/@realDonaldTrump/posts/116162143729203401,"The Radical Left Democrats, a Party that has completely lost its way, are complaining bitterly about the very necessary and important attack, by the United States and Israel, on Iran. What most people understand is that they are only complaining BECAUSE I DID IT and, if I didn’t do it, they would be screaming — Why didn’t “TRUMP” attack Iran, he should do it, IMMEDIATELY? There’s nothing surprising about this! It’s the same people that the other night at The State of the Union Address wouldn’t stand for ANYBODY, including a mother who lost her beautiful daughter to an illegal alien, a Great and Brave Helicopter Pilot, who got the Congressional Medal of Honor, or a 100-year-old Veteran Warrior whose Bravery is Legend! The fact is, whatever I do, they will be on the opposite side. These people are SICK, CRAZY, and DEMENTED, but America, despite them all, is now BIGGER, BETTER, AND STRONGER THAN EVER BEFORE. MAKE AMERICA GREAT AGAIN! President DONALD J. TRUMP The Radical Left Democrats, a Party that has completely lost its way, are complaining bitterly about the very necessary and important attack, by the United States and Israel, on Iran. What most people understand is that they are only complaining BECAUSE I DID IT and, if I didn’t do it, they would be screaming — Why didn’t “TRUMP” attack Iran, he should do it, IMMEDIATELY? There’s nothing surprising about this! It’s the same people that the other night at The State of the Union Address wouldn’t stand for ANYBODY, including a mother who lost her beautiful daughter to an illegal alien, a Great and Brave Helicopter Pilot, who got the Congressional Medal of Honor, or a 100-year-old Veteran Warrior whose Bravery is Legend! The fact is, whatever I do, they will be on the opposite side. These people are SICK, CRAZY, and DEMENTED, but America, despite them all, is now BIGGER, BETTER, AND STRONGER THAN EVER BEFORE. MAKE AMERICA GREAT AGAIN! President DONALD J. TRUMP"
@realDonaldTrump,2026-03-02 16:43,2026,https://truthsocial.com/@realDonaldTrump/posts/116161995495974921,null
@realDonaldTrump,2026-03-02 16:41,2026,https://truthsocial.com/@realDonaldTrump/posts/116161989449603719,https://www.nytimes.com/2026/02/08/opinion/trump-nixon-watergate-radford.html https://www.nytimes.com/2026/02/08/opinion/trump-nixon-watergate-radford.html
@realDonaldTrump,2026-03-02 15:43,2026,https://truthsocial.com/@realDonaldTrump/posts/116161759621251147,"If I didn’t terminate Obama’s horrendous Iran Nuclear Deal (JCPOA), Iran would have had a Nuclear Weapon three years ago. That was the most dangerous transaction we have ever entered into, and had it been allowed to stand, the World would be an entirely different place right now. You can blame Barack Hussein Obama, and Sleepy Joe Biden. THANK YOU PRESIDENT TRUMP! If I didn’t terminate Obama’s horrendous Iran Nuclear Deal (JCPOA), Iran would have had a Nuclear Weapon three years ago. That was the most dangerous transaction we have ever entered into, and had it been allowed to stand, the World would be an entirely different place right now. You can blame Barack Hussein Obama, and Sleepy Joe Biden. THANK YOU PRESIDENT TRUMP!"
@realDonaldTrump,2026-03-02 15:19,2026,https://truthsocial.com/@realDonaldTrump/posts/116161667825271172,null
@realDonaldTrump,2026-03-02 13:33,2026,https://truthsocial.com/@realDonaldTrump/posts/116161249541725023,FREE TINA PETERS! FREE TINA PETERS!
@realDonaldTrump,2026-03-02 11:52,2026,https://truthsocial.com/@realDonaldTrump/posts/116160851439645348,null
@realDonaldTrump,2026-03-01 14:03,2026,https://truthsocial.com/@realDonaldTrump/posts/116155707171801027,The Greatest Chart of All Time! The Greatest Chart of All Time!
@realDonaldTrump,2026-03-01 13:26,2026,https://truthsocial.com/@realDonaldTrump/posts/116155559161520644,null
@realDonaldTrump,2026-03-01 13:25,2026,https://truthsocial.com/@realDonaldTrump/posts/116155556990647539,null
@realDonaldTrump,2026-03-01 13:25,2026,https://truthsocial.com/@realDonaldTrump/posts/116155555814723462,null
@realDonaldTrump,2026-03-01 13:25,2026,https://truthsocial.com/@realDonaldTrump/posts/116155554541508280,null
@realDonaldTrump,2026-03-01 13:22,2026,https://truthsocial.com/@realDonaldTrump/posts/116155545739305023,null
@realDonaldTrump,2026-03-01 13:22,2026,https://truthsocial.com/@realDonaldTrump/posts/116155542477794304,null
@realDonaldTrump,2026-03-01 13:19,2026,https://truthsocial.com/@realDonaldTrump/posts/116155533162301974,Trump Torches ‘Sick’ Democrats Who Ignore Americans Murdered By Illegal Immigrants: https://www.dailywire.com/news/trump-torches-sick-democrats-who-ignore-americans-murdered-by-illegal-immigrants Trump Torches ‘Sick’ Democrats Who Ignore Americans Murdered By Illegal Immigrants: https://www.dailywire.com/news/trump-torches-sick-democrats-who-ignore-americans-murdered-by-illegal-immigrants
@realDonaldTrump,2026-03-01 13:19,2026,https://truthsocial.com/@realDonaldTrump/posts/116155530737190171,WATCH: President Trump Declares ‘National Angel Family Day’ Honoring Victims of Illegal Alien Crime: https://www.breitbart.com/immigration/2026/02/23/watch-president-trump-declares-national-angel-family-day-honoring-victims-of-illegal-alien-crime/ WATCH: President Trump Declares ‘National Angel Family Day’ Honoring Victims of Illegal Alien Crime: https://www.breitbart.com/immigration/2026/02/23/watch-president-trump-declares-national-angel-family-day-honoring-victims-of-illegal-alien-crime/
@realDonaldTrump,2026-03-01 11:21,2026,https://truthsocial.com/@realDonaldTrump/posts/116155069503653714,"I have just been informed that we have destroyed and sunk 9 Iranian Naval Ships, some of them relatively large and important. We are going after the rest — They will soon be floating at the bottom of the sea, also! In a different attack, we largely destroyed their Naval Headquarters. Other than that, their Navy is doing very well! PRESIDENT DONALD J. TRUMP I have just been informed that we have destroyed and sunk 9 Iranian Naval Ships, some of them relatively large and important. We are going after the rest — They will soon be floating at the bottom of the sea, also! In a different attack, we largely destroyed their Naval Headquarters. Other than that, their Navy is doing very well! PRESIDENT DONALD J. TRUMP"
@realDonaldTrump,2026-03-01 08:59,2026,https://truthsocial.com/@realDonaldTrump/posts/116154511908660797,null
@realDonaldTrump,2026-03-01 08:55,2026,https://truthsocial.com/@realDonaldTrump/posts/116154493534592978,Trump’s bold move to rid the world of Iran’s evil regime once and for all: https://nypost.com/2026/02/28/opinion/trumps-bold-move-to-rid-the-world-of-irans-evil-regime-once-and-for-all/ Trump’s bold move to rid the world of Iran’s evil regime once and for all: https://nypost.com/2026/02/28/opinion/trumps-bold-move-to-rid-the-world-of-irans-evil-regime-once-and-for-all/
@realDonaldTrump,2026-03-01 08:19,2026,https://truthsocial.com/@realDonaldTrump/posts/116154351502963230,null
@realDonaldTrump,2026-02-28 23:25,2026,https://truthsocial.com/@realDonaldTrump/posts/116152251973821428,"Iran just stated that they are going to hit very hard today, harder than they have ever hit before. THEY BETTER NOT DO THAT, HOWEVER, BECAUSE IF THEY DO, WE WILL HIT THEM WITH A FORCE THAT HAS NEVER BEEN SEEN BEFORE! Thank you for your attention to this matter! President DONALD J. TRUMP Iran just stated that they are going to hit very hard today, harder than they have ever hit before. THEY BETTER NOT DO THAT, HOWEVER, BECAUSE IF THEY DO, WE WILL HIT THEM WITH A FORCE THAT HAS NEVER BEEN SEEN BEFORE! Thank you for your attention to this matter! President DONALD J. TRUMP"
@realDonaldTrump,2026-02-28 22:52,2026,https://truthsocial.com/@realDonaldTrump/posts/116152123132563896,null
@realDonaldTrump,2026-02-28 15:37,2026,https://truthsocial.com/@realDonaldTrump/posts/116150413051904167,"Khamenei, one of the most evil people in History, is dead. This is not only Justice for the people of Iran, but for all Great Americans, and those people from many Countries throughout the World, that have been killed or mutilated by Khamenei and his gang of bloodthirsty THUGS. He was unable to avoid our Intelligence and Highly Sophisticated Tracking Systems and, working closely with Israel, there was not a thing he, or the other leaders that have been killed along with him, could do. This is the single greatest chance for the Iranian people to take back their Country. We are hearing that many of their IRGC, Military, and other Security and Police Forces, no longer want to fight, and are looking for Immunity from us. As I said last night, “Now they can have Immunity, later they only get Death!” Hopefully, the IRGC and Police will peacefully merge with the Iranian Patriots, and work together as a unit to bring back the Country to the Greatness it deserves. That process should soon be starting in that, not only the death of Khamenei but the Country has been, in only one day, very much destroyed and, even, obliterated. The heavy and pinpoint bombing, however, will continue, uninterrupted throughout the week or, as long as necessary to achieve our objective of PEACE THROUGHOUT THE MIDDLE EAST AND, INDEED, THE WORLD!Thank you for your attention to this matter.PRESIDENT DONALD J. TRUMP Khamenei, one of the most evil people in History, is dead. This is not only Justice for the people of Iran, but for all Great Americans, and those people from many Countries throughout the World, that have been killed or mutilated by Khamenei and his gang of bloodthirsty THUGS. He was unable to avoid our Intelligence and Highly Sophisticated Tracking Systems and, working closely with Israel, there was not a thing he, or the other leaders that have been killed along with him, could do. This is the single greatest chance for the Iranian people to take back their Country. We are hearing that many of their IRGC, Military, and other Security and Police Forces, no longer want to fight, and are looking for Immunity from us. As I said last night, “Now they can have Immunity, later they only get Death!” Hopefully, the IRGC and Police will peacefully merge with the Iranian Patriots, and work together as a unit to bring back the Country to the Greatness it deserves. That process should soon be starting in that, not only the death of Khamenei but the Country has been, in only one day, very much destroyed and, even, obliterated. The heavy and pinpoint bombing, however, will continue, uninterrupted throughout the week or, as long as necessary to achieve our objective of PEACE THROUGHOUT THE MIDDLE EAST AND, INDEED, THE WORLD! Thank you for your attention to this matter. PRESIDENT DONALD J. TRUMP"
@realDonaldTrump,2026-02-28 04:02,2026,https://truthsocial.com/@realDonaldTrump/posts/116147681426622839,https://ir.voanews.com/a/8118488.html https://ir.voanews.com/a/8118488.html
@realDonaldTrump,2026-02-28 03:35,2026,https://truthsocial.com/@realDonaldTrump/posts/116147572522796874,"Iran tried to interfere in 2020, 2024 elections to stop Trump, and now faces renewed war with United States:https://justthenews.com/government/security/iranians-tried-interfere-2020-and-2024-stop-trump-iran-now-faces-possible-war Iran tried to interfere in 2020, 2024 elections to stop Trump, and now faces renewed war with United States:https://justthenews.com/government/security/iranians-tried-interfere-2020-and-2024-stop-trump-iran-now-faces-possible-war"
@realDonaldTrump,2026-02-27 19:36,2026,https://truthsocial.com/@realDonaldTrump/posts/116145690898669254,"Dr. Dawn Buckingham is the strong and highly popular Land Commissioner for Texas, a place I love and WON BIG three times, including with 6.4 Million Votes in 2024, the most in History (BY FAR)! Dawn is a Ninth Generation Texan, successful Surgeon, avid Hunter, former State Senator, and now, as Land Commissioner, has served the Lone Star State during a career “loaded up” with accolades and wins. A true America First Patriot, who has been with us from the very beginning, Dawn is an incredibly effective steward of Texas’ 13 Million Acres of Precious, Energy Rich, State Land — She is a Strong Supporter of Texas Oil & Gas! Dawn is fighting tirelessly to Grow our Economy, Cut Taxes and Regulations, Unleash American Energy DOMINANCE, Promote MADE IN THE U.S.A., Champion our Amazing Farmers and Ranchers, Keep our Border SECURE, Stop Migrant Crime, Murderers, and other Criminals from illegally entering our Country, and Protect our always under siege Second Amendment. Land Commissioner Dawn Buckingham, M.D., has my Complete and Total Endorsement for Re-Election — SHE WILL NEVER LET YOU DOWN! Dr. Dawn Buckingham is the strong and highly popular Land Commissioner for Texas, a place I love and WON BIG three times, including with 6.4 Million Votes in 2024, the most in History (BY FAR)! Dawn is a Ninth Generation Texan, successful Surgeon, avid Hunter, former State Senator, and now, as Land Commissioner, has served the Lone Star State during a career “loaded up” with accolades and wins. A true America First Patriot, who has been with us from the very beginning, Dawn is an incredibly effective steward of Texas’ 13 Million Acres of Precious, Energy Rich, State Land — She is a Strong Supporter of Texas Oil & Gas! Dawn is fighting tirelessly to Grow our Economy, Cut Taxes and Regulations, Unleash American Energy DOMINANCE, Promote MADE IN THE U.S.A., Champion our Amazing Farmers and Ranchers, Keep our Border SECURE, Stop Migrant Crime, Murderers, and other Criminals from illegally entering our Country, and Protect our always under siege Second Amendment. Land Commissioner Dawn Buckingham, M.D., has my Complete and Total Endorsement for Re-Election — SHE WILL NEVER LET YOU DOWN!"
@realDonaldTrump,2026-02-27 19:35,2026,https://truthsocial.com/@realDonaldTrump/posts/116145686017289461,"Don Huffines is a MAGA Warrior — He has been with me from the very beginning, and is running for Comptroller of Public Accounts in Texas, which I love and WON BIG in 2016, 2020, and 2024, getting the highest vote in the State’s History. As a successful Businessman, Don knows the America First Policies required to Grow our Economy, Create GREAT Jobs, Cut Taxes and Regulations, Promote MADE IN THE U.S.A., and Unleash American Energy DOMINANCE. As your next Comptroller, Don will fight tirelessly to Keep our Border SECURE, Ensure LAW AND ORDER, Strengthen our Military/Veterans, and Defend our always under siege Second Amendment. Don Huffines has my Complete and Total Endorsement to be the next Texas Comptroller of Public Accounts — DON WILL NEVER LET YOU DOWN! Don Huffines is a MAGA Warrior — He has been with me from the very beginning, and is running for Comptroller of Public Accounts in Texas, which I love and WON BIG in 2016, 2020, and 2024, getting the highest vote in the State’s History. As a successful Businessman, Don knows the America First Policies required to Grow our Economy, Create GREAT Jobs, Cut Taxes and Regulations, Promote MADE IN THE U.S.A., and Unleash American Energy DOMINANCE. As your next Comptroller, Don will fight tirelessly to Keep our Border SECURE, Ensure LAW AND ORDER, Strengthen our Military/Veterans, and Defend our always under siege Second Amendment. Don Huffines has my Complete and Total Endorsement to be the next Texas Comptroller of Public Accounts — DON WILL NEVER LET YOU DOWN!"
@realDonaldTrump,2026-02-27 19:26,2026,https://truthsocial.com/@realDonaldTrump/posts/116145649488071320,null
@realDonaldTrump,2026-02-27 12:51,2026,https://truthsocial.com/@realDonaldTrump/posts/116144099725478051,null
@realDonaldTrump,2026-02-27 12:42,2026,https://truthsocial.com/@realDonaldTrump/posts/116144061962101342,Trump Hails 'Turnaround for the Ages' in SOTU Address:https://www.newsmax.com/newsfront/donald-trump-turnaround-for-the-ages-sotu-address/2026/02/24/id/1247330/ Trump Hails 'Turnaround for the Ages' in SOTU Address:https://www.newsmax.com/newsfront/donald-trump-turnaround-for-the-ages-sotu-address/2026/02/24/id/1247330/
@realDonaldTrump,2026-02-27 12:41,2026,https://truthsocial.com/@realDonaldTrump/posts/116144057341130700,Apple News Continues Rejection of Right-Leaning Outlets in January: https://mrcfreespeechamerica.org/blogs/free-speech/heather-moon/2026/02/04/apple-news-continues-rejection-right-leaning-outlets Apple News Continues Rejection of Right-Leaning Outlets in January: https://mrcfreespeechamerica.org/blogs/free-speech/heather-moon/2026/02/04/apple-news-continues-rejection-right-leaning-outlets
@realDonaldTrump,2026-02-27 12:36,2026,https://truthsocial.com/@realDonaldTrump/posts/116144037691454541,null
@realDonaldTrump,2026-02-27 12:31,2026,https://truthsocial.com/@realDonaldTrump/posts/116144018875864353,null
@realDonaldTrump,2026-02-27 12:29,2026,https://truthsocial.com/@realDonaldTrump/posts/116144013017188538,"Tariffs have influenced Novartis, and its great leader, Vasant (Vas) Narasimhan, M.D., to build 7+ Manufacturing and R&D Facilities, creating thousands of Jobs. The Radical Left and the Lunatics who are suing against Tariffs refuse to talk about this, but the same thing is happening with hundreds of other Companies! Tariffs have influenced Novartis, and its great leader, Vasant (Vas) Narasimhan, M.D., to build 7+ Manufacturing and R&D Facilities, creating thousands of Jobs. The Radical Left and the Lunatics who are suing against Tariffs refuse to talk about this, but the same thing is happening with hundreds of other Companies!"
@realDonaldTrump,2026-02-27 12:28,2026,https://truthsocial.com/@realDonaldTrump/posts/116144005595037510,CBS’s Tony Dokoupil Calls Trump’s Speech ‘Extraordinary’ and ‘Vintage Trump’: https://www.mediaite.com/media/news/cbss-tony-dokoupil-calls-trumps-speech-extraordinary-and-vintage-trump/ CBS’s Tony Dokoupil Calls Trump’s Speech ‘Extraordinary’ and ‘Vintage Trump’: https://www.mediaite.com/media/news/cbss-tony-dokoupil-calls-trumps-speech-extraordinary-and-vintage-trump/
@realDonaldTrump,2026-02-27 11:10,2026,https://truthsocial.com/@realDonaldTrump/posts/116143698866938654,"This beautiful building will be, when complete, the much anticipated White House Ballroom — The Greatest of its kind ever built! It is a rendering from the Treasury Building, directly across the street, and replaces the very small, dilapidated, and rebuilt many times, East Wing, with a magnificent New East Wing, consisting of a glorious Ballroom that has been asked for by Presidents for over 150 years. Being an identical height and scale, it is totally in keeping with our historic White House. This is the first rendering shown to the Public. If you notice, the North Wall is a replica of the North Facade of the White House, shown at the right hand side of the picture. This space will serve our Country well for, hopefully, Centuries into the future! PRESIDENT DONALD J. TRUMP This beautiful building will be, when complete, the much anticipated White House Ballroom — The Greatest of its kind ever built! It is a rendering from the Treasury Building, directly across the street, and replaces the very small, dilapidated, and rebuilt many times, East Wing, with a magnificent New East Wing, consisting of a glorious Ballroom that has been asked for by Presidents for over 150 years. Being an identical height and scale, it is totally in keeping with our historic White House. This is the first rendering shown to the Public. If you notice, the North Wall is a replica of the North Facade of the White House, shown at the right hand side of the picture. This space will serve our Country well for, hopefully, Centuries into the future! PRESIDENT DONALD J. TRUMP"
@realDonaldTrump,2026-02-27 10:30,2026,https://truthsocial.com/@realDonaldTrump/posts/116143544228909416,Justice Brett Kavanaugh’s Dissent:https://www.law.cornell.edu/supremecourt/text/24-1287#writing-24-1287_DISSENT_10 Justice Brett Kavanaugh’s Dissent:https://www.law.cornell.edu/supremecourt/text/24-1287#writing-24-1287_DISSENT_10
@realDonaldTrump,2026-02-27 10:29,2026,https://truthsocial.com/@realDonaldTrump/posts/116143541374008120,Thank you Justice Thomas! Thank you Justice Thomas!
@realDonaldTrump,2026-02-27 10:27,2026,https://truthsocial.com/@realDonaldTrump/posts/116143531243446769,"I am proud to once again endorse Texas Lieutenant Governor, Dan Patrick, for Re-Election. As Texas Chair of our Presidential Campaigns in 2016, 2020, and 2024, Dan has been an incredible friend to our Movement, helping us WIN BIG in the Primaries and General Elections. In his next Term, Dan will fight tirelessly alongside of us to Secure the Border, Stop Migrant Crime, Grow the Economy, Cut Taxes and Regulations, Champion School Choice, Support our Great Military/Vets, Restore American Energy DOMINANCE, and Strongly Protect our always under siege Second Amendment. Dan Patrick has my Complete and Total Endorsement – He will never let you down! I am proud to once again endorse Texas Lieutenant Governor, Dan Patrick, for Re-Election. As Texas Chair of our Presidential Campaigns in 2016, 2020, and 2024, Dan has been an incredible friend to our Movement, helping us WIN BIG in the Primaries and General Elections. In his next Term, Dan will fight tirelessly alongside of us to Secure the Border, Stop Migrant Crime, Grow the Economy, Cut Taxes and Regulations, Champion School Choice, Support our Great Military/Vets, Restore American Energy DOMINANCE, and Strongly Protect our always under siege Second Amendment. Dan Patrick has my Complete and Total Endorsement – He will never let you down!"
@realDonaldTrump,2026-02-27 10:26,2026,https://truthsocial.com/@realDonaldTrump/posts/116143529511602022,"Jon Bonck is an incredible Candidate running to represent the fantastic people of Texas’ 38th Congressional District. He is supported by many MAGA Patriots, including Senator Ted Cruz, Congressmen “Doc” Ronny Jackson, Brandon Gill, Jim Jordan, and Tim Burchett, among others. A successful Business Executive, Jon knows the America First Policies required to Create GREAT Jobs, Cut Taxes and Regulations, Promote MADE IN THE U.S.A., Unleash American Energy DOMINANCE, and Champion our Nation’s Golden Age. In Congress, he will fight tirelessly to Keep our Border SECURE, Stop Migrant Crime, Strengthen our Military/Veterans, Safeguard our Elections, and Protect our always under siege Second Amendment. Jon Bonck has my Complete and Total Endorsement to be the next Representative from Texas’ 38th Congressional District. GET OUT AND VOTE FOR JON BONCK — HE WILL NEVER LET YOU DOWN! Find your Voting Location here: https://swampthevoteusa.com/Texas/ Jon Bonck is an incredible Candidate running to represent the fantastic people of Texas’ 38th Congressional District. He is supported by many MAGA Patriots, including Senator Ted Cruz, Congressmen “Doc” Ronny Jackson, Brandon Gill, Jim Jordan, and Tim Burchett, among others. A successful Business Executive, Jon knows the America First Policies required to Create GREAT Jobs, Cut Taxes and Regulations, Promote MADE IN THE U.S.A., Unleash American Energy DOMINANCE, and Champion our Nation’s Golden Age. In Congress, he will fight tirelessly to Keep our Border SECURE, Stop Migrant Crime, Strengthen our Military/Veterans, Safeguard our Elections, and Protect our always under siege Second Amendment. Jon Bonck has my Complete and Total Endorsement to be the next Representative from Texas’ 38th Congressional District. GET OUT AND VOTE FOR JON BONCK — HE WILL NEVER LET YOU DOWN! Find your Voting Location here: https://swampthevoteusa.com/Texas/"
@realDonaldTrump,2026-02-27 10:24,2026,https://truthsocial.com/@realDonaldTrump/posts/116143521787584376,"It is my Great Honor to endorse America First Patriot, Eric Flores, who is running to represent the wonderful people of Texas’ 34th Congressional District. A Brave U.S. Army Veteran, and former Criminal Prosecutor, Eric knows the Wisdom and Courage it takes to Ensure LAW AND ORDER, Strongly Support our Great Heroes in Law Enforcement, and Champion our Military and Veterans. In Congress, Eric will fight tirelessly to Grow our Economy, Cut Taxes and Regulations, Promote MADE IN THE U.S.A., Advance American Energy DOMINANCE, Keep our now very Secure Border, SECURE, Stop Migrant Crime, and Protect our always under siege Second Amendment. Eric Flores has my Complete and Total Endorsement to be the next Congressman from Texas’ 34th Congressional District — HE WILL NEVER LET YOU DOWN! It is my Great Honor to endorse America First Patriot, Eric Flores, who is running to represent the wonderful people of Texas’ 34th Congressional District. A Brave U.S. Army Veteran, and former Criminal Prosecutor, Eric knows the Wisdom and Courage it takes to Ensure LAW AND ORDER, Strongly Support our Great Heroes in Law Enforcement, and Champion our Military and Veterans. In Congress, Eric will fight tirelessly to Grow our Economy, Cut Taxes and Regulations, Promote MADE IN THE U.S.A., Advance American Energy DOMINANCE, Keep our now very Secure Border, SECURE, Stop Migrant Crime, and Protect our always under siege Second Amendment. Eric Flores has my Complete and Total Endorsement to be the next Congressman from Texas’ 34th Congressional District — HE WILL NEVER LET YOU DOWN!"
@realDonaldTrump,2026-02-27 10:24,2026,https://truthsocial.com/@realDonaldTrump/posts/116143520816027944,"It is my Great Honor to endorse America First Patriot, Jace Yarbrough, who is running to represent the wonderful people of Texas’ 32nd Congressional District. A Brave Air Force Veteran, Jace knows the Wisdom and Courage required to Defend our Country, Support our Military/Veterans, and Ensure PEACE THROUGH STRENGTH. Additionally, as a very successful Stanford Law School Graduate and Business Attorney, Jace knows how to Create Jobs, Cut Taxes and Regulations, Promote MADE IN THE U.S.A., Unleash American Energy Dominance, and Champion our Nation’s Golden Age. In Congress, he will fight tirelessly to Keep our Border SECURE, Stop Migrant Crime, Ensure LAW AND ORDER, Safeguard our Elections, and Protect our always under siege Second Amendment. Jace Yarbrough has my Complete and Total Endorsement to be the next Representative from Texas’ 32nd Congressional District — HE WILL NEVER LET YOU DOWN! It is my Great Honor to endorse America First Patriot, Jace Yarbrough, who is running to represent the wonderful people of Texas’ 32nd Congressional District. A Brave Air Force Veteran, Jace knows the Wisdom and Courage required to Defend our Country, Support our Military/Veterans, and Ensure PEACE THROUGH STRENGTH. Additionally, as a very successful Stanford Law School Graduate and Business Attorney, Jace knows how to Create Jobs, Cut Taxes and Regulations, Promote MADE IN THE U.S.A., Unleash American Energy Dominance, and Champion our Nation’s Golden Age. In Congress, he will fight tirelessly to Keep our Border SECURE, Stop Migrant Crime, Ensure LAW AND ORDER, Safeguard our Elections, and Protect our always under siege Second Amendment. Jace Yarbrough has my Complete and Total Endorsement to be the next Representative from Texas’ 32nd Congressional District — HE WILL NEVER LET YOU DOWN!"
@realDonaldTrump,2026-02-27 10:24,2026,https://truthsocial.com/@realDonaldTrump/posts/116143519912956415,"Congressman John “Judge” Carter is a Fantastic Representative for the Great People of Texas’ 31st Congressional District! “Judge” served over 20 years as a District Court Judge in Williamson County prior to becoming a very distinguished and respected U.S. Congressman. He is working tirelessly to Grow our Economy, Cut Taxes and Regulations, Promote MADE IN THE U.S.A., Champion American Energy DOMINANCE, Keep our now very Secure Border, SECURE, Stop Migrant Crime, Murderers, and other Criminals from illegally entering our Country, Strengthen our Military/Veterans, and Defend our always under siege Second Amendment. Judge Carter has my Complete and Total Endorsement for Re-Election — HE WILL NEVER LET YOU DOWN! Congressman John “Judge” Carter is a Fantastic Representative for the Great People of Texas’ 31st Congressional District! “Judge” served over 20 years as a District Court Judge in Williamson County prior to becoming a very distinguished and respected U.S. Congressman. He is working tirelessly to Grow our Economy, Cut Taxes and Regulations, Promote MADE IN THE U.S.A., Champion American Energy DOMINANCE, Keep our now very Secure Border, SECURE, Stop Migrant Crime, Murderers, and other Criminals from illegally entering our Country, Strengthen our Military/Veterans, and Defend our always under siege Second Amendment. Judge Carter has my Complete and Total Endorsement for Re-Election — HE WILL NEVER LET YOU DOWN!"
@realDonaldTrump,2026-02-27 10:24,2026,https://truthsocial.com/@realDonaldTrump/posts/116143518815107485,"A Great and Highly Respected Hispanic Judge, very successful Businessman, and Rancher, Tano Tijerina has dedicated his life to serving his Community. In Congress, he will fight tirelessly to Grow our Economy, Promote our Amazing Farmers and Ranchers, Cut Taxes and Regulations, Promote MADE IN THE U.S.A., Champion American Energy DOMINANCE, Keep our now very Secure Border, SECURE, Stop Migrant Crime, Ensure LAW AND ORDER, Strengthen our Military/Veterans, and Protect our always under siege Second Amendment. I don’t know why, but the fact that Henry Cuellar would be running against Donald J. Trump, and the Republican Party, seems to be a great act of disloyalty and, perhaps more importantly, the act of a fool who would immediately go back to a Political Party, the Radical Left Democrats, whose views are different from his, but not nearly good or strong enough to be a true Republican. The Democrats wanted to put him “away” for the rest of his life and, likewise, the life of his wife. Knowing everything and, if I had to do it again, I would do the exact same thing. I would pardon Henry Cuellar because he was put through a Political Persecution, but he was also not smart in what he did, not respected by his Party, and a person who truly deserves to be beaten badly in the upcoming Election, but not somebody who should be serving a 20 year jail sentence. Likewise, however, based on all that has happened, Henry should not be allowed to serve in Congress again. Tano’s views are stronger, better, and far less tainted than Henry’s, and he has my Complete and Total Endorsement to be the next Representative from Texas’ 28th Congressional District — HE WILL NEVER LET YOU DOWN! A Great and Highly Respected Hispanic Judge, very successful Businessman, and Rancher, Tano Tijerina has dedicated his life to serving his Community. In Congress, he will fight tirelessly to Grow our Economy, Promote our Amazing Farmers and Ranchers, Cut Taxes and Regulations, Promote MADE IN THE U.S.A., Champion American Energy DOMINANCE, Keep our now very Secure Border, SECURE, Stop Migrant Crime, Ensure LAW AND ORDER, Strengthen our Military/Veterans, and Protect our always under siege Second Amendment. I don’t know why, but the fact that Henry Cuellar would be running against Donald J. Trump, and the Republican Party, seems to be a great act of disloyalty and, perhaps more importantly, the act of a fool who would immediately go back to a Political Party, the Radical Left Democrats, whose views are different from his, but not nearly good or strong enough to be a true Republican. The Democrats wanted to put him “away” for the rest of his life and, likewise, the life of his wife. Knowing everything and, if I had to do it again, I would do the exact same thing. I would pardon Henry Cuellar because he was put through a Political Persecution, but he was also not smart in what he did, not respected by his Party, and a person who truly deserves to be beaten badly in the upcoming Election, but not somebody who should be serving a 20 year jail sentence. Likewise, however, based on all that has happened, Henry should not be allowed to serve in Congress again. Tano’s views are stronger, better, and far less tainted than Henry’s, and he has my Complete and Total Endorsement to be the next Representative from Texas’ 28th Congressional District — HE WILL NEVER LET YOU DOWN!"
@realDonaldTrump,2026-02-27 10:23,2026,https://truthsocial.com/@realDonaldTrump/posts/116143514083556003,"Congresswoman Beth Van Duyne is a fantastic Champion for the Great People of Texas’ 24th Congressional District! A former appointee in my First Administration, where she worked hard to advance our America First Agenda, Beth is now a very distinguished and highly respected Congresswoman. In Congress, she is fighting tirelessly to Keep our now very Secure Border, SECURE, Stop Migrant Crime, Murderers, and other Criminals from illegally entering our Country, Ensure LAW AND ORDER, Strengthen our Great Military/Veterans, Cut Taxes and Regulations, Promote MADE IN THE U.S.A., Champion American Energy DOMINANCE, and Protect our always under siege Second Amendment. Beth Van Duyne has my Complete and Total Endorsement for Re-Election — SHE WILL NEVER LET YOU DOWN! Congresswoman Beth Van Duyne is a fantastic Champion for the Great People of Texas’ 24th Congressional District! A former appointee in my First Administration, where she worked hard to advance our America First Agenda, Beth is now a very distinguished and highly respected Congresswoman. In Congress, she is fighting tirelessly to Keep our now very Secure Border, SECURE, Stop Migrant Crime, Murderers, and other Criminals from illegally entering our Country, Ensure LAW AND ORDER, Strengthen our Great Military/Veterans, Cut Taxes and Regulations, Promote MADE IN THE U.S.A., Champion American Energy DOMINANCE, and Protect our always under siege Second Amendment. Beth Van Duyne has my Complete and Total Endorsement for Re-Election — SHE WILL NEVER LET YOU DOWN!"
@realDonaldTrump,2026-02-27 10:22,2026,https://truthsocial.com/@realDonaldTrump/posts/116143513047787934,"It is my Honor to endorse MAGA Warrior TREVER NEHLS, who is running to represent the incredible people of Texas’ 22nd Congressional District. Trever's brother is the GREAT Congressman from Texas, Troy Nehls. He and his family are fierce advocates for our Movement to, MAKE AMERICA GREAT AGAIN. As a former Fort Bend County Constable, and retired U.S. Army Colonel, Trever strongly supports our incredible Law Enforcement, Military, and Veterans, and knows the Wisdom and Courage it takes to Ensure LAW AND ORDER. In Congress, Trever will work hard to Keep our now very Secure Border, SECURE, Stop Migrant Crime, Grow our Economy, Cut Taxes and Regulations, Promote MADE IN THE U.S.A., Advance American Energy DOMINANCE, Champion Election Integrity, and Defend our always under siege Second Amendment. Trever Nehls has my Complete and Total Endorsement – HE WILL NEVER LET YOU DOWN! It is my Honor to endorse MAGA Warrior TREVER NEHLS, who is running to represent the incredible people of Texas’ 22nd Congressional District. Trever's brother is the GREAT Congressman from Texas, Troy Nehls. He and his family are fierce advocates for our Movement to, MAKE AMERICA GREAT AGAIN. As a former Fort Bend County Constable, and retired U.S. Army Colonel, Trever strongly supports our incredible Law Enforcement, Military, and Veterans, and knows the Wisdom and Courage it takes to Ensure LAW AND ORDER. In Congress, Trever will work hard to Keep our now very Secure Border, SECURE, Stop Migrant Crime, Grow our Economy, Cut Taxes and Regulations, Promote MADE IN THE U.S.A., Advance American Energy DOMINANCE, Champion Election Integrity, and Defend our always under siege Second Amendment. Trever Nehls has my Complete and Total Endorsement – HE WILL NEVER LET YOU DOWN!"
@realDonaldTrump,2026-02-27 10:21,2026,https://truthsocial.com/@realDonaldTrump/posts/116143508443868122,"Congresswoman Monica De La Cruz is doing an incredible job representing the wonderful people of Texas’ 15th Congressional District! A very successful Small Businesswoman, Monica knows the AMERICA FIRST Policies necessary to Create GREAT Jobs, Unleash Innovation, and Restore American Energy DOMINANCE. She is fighting tirelessly to Cut Taxes and Regulations, Secure our now VERY Secure (Record Setting!) Southern Border, Champion our Farmers and American Agriculture, Support our Brave Military/Veterans, and Protect our always under siege Second Amendment. Monica De La Cruz has my Complete and Total Endorsement for Re-Election — SHE WILL NEVER LET YOU DOWN! Congresswoman Monica De La Cruz is doing an incredible job representing the wonderful people of Texas’ 15th Congressional District! A very successful Small Businesswoman, Monica knows the AMERICA FIRST Policies necessary to Create GREAT Jobs, Unleash Innovation, and Restore American Energy DOMINANCE. She is fighting tirelessly to Cut Taxes and Regulations, Secure our now VERY Secure (Record Setting!) Southern Border, Champion our Farmers and American Agriculture, Support our Brave Military/Veterans, and Protect our always under siege Second Amendment. Monica De La Cruz has my Complete and Total Endorsement for Re-Election — SHE WILL NEVER LET YOU DOWN!"
@realDonaldTrump,2026-02-27 10:20,2026,https://truthsocial.com/@realDonaldTrump/posts/116143504852875962,"Congressman Randy Weber is doing a fantastic job representing the wonderful people of Texas’ 14th Congressional District! A successful Businessman, Randy knows the America First Policies necessary to Create GREAT Jobs, Unleash Innovation, and Ensure American Energy DOMINANCE. He is fighting tirelessly to Cut Taxes and Regulations, Promote MADE IN THE U.S.A., Keep our now very Secure Border, SECURE, Stop Migrant Crime, Champion our Farmers and American Agriculture, Support our Brave Military/Veterans, and Protect our always under siege Second Amendment. Randy Weber has my Complete and Total Endorsement for Re-Election — HE WILL NEVER LET YOU DOWN! Congressman Randy Weber is doing a fantastic job representing the wonderful people of Texas’ 14th Congressional District! A successful Businessman, Randy knows the America First Policies necessary to Create GREAT Jobs, Unleash Innovation, and Ensure American Energy DOMINANCE. He is fighting tirelessly to Cut Taxes and Regulations, Promote MADE IN THE U.S.A., Keep our now very Secure Border, SECURE, Stop Migrant Crime, Champion our Farmers and American Agriculture, Support our Brave Military/Veterans, and Protect our always under siege Second Amendment. Randy Weber has my Complete and Total Endorsement for Re-Election — HE WILL NEVER LET YOU DOWN!"
@realDonaldTrump,2026-02-27 10:19,2026,https://truthsocial.com/@realDonaldTrump/posts/116143499920564672,"Congressman August Pfluger is a Tremendous Champion for Texas’ 11th Congressional District! As the Chairman of the Republican Study Committee, August is doing an incredible job advancing our America First Agenda. He is working hard to Grow our Economy, Cut Taxes and Regulations, Champion our Great Farmers and American Agriculture, Promote MADE IN THE U.S.A., Ensure American Energy DOMINANCE, Keep our now very Secure Border, SECURE, Strengthen our Incredible Military/Veterans, and Defend our always under siege Second Amendment. August Pfluger has my Complete and Total Endorsement for Re-Election — HE WILL NEVER LET YOU DOWN! Congressman August Pfluger is a Tremendous Champion for Texas’ 11th Congressional District! As the Chairman of the Republican Study Committee, August is doing an incredible job advancing our America First Agenda. He is working hard to Grow our Economy, Cut Taxes and Regulations, Champion our Great Farmers and American Agriculture, Promote MADE IN THE U.S.A., Ensure American Energy DOMINANCE, Keep our now very Secure Border, SECURE, Strengthen our Incredible Military/Veterans, and Defend our always under siege Second Amendment. August Pfluger has my Complete and Total Endorsement for Re-Election — HE WILL NEVER LET YOU DOWN!"
@realDonaldTrump,2026-02-27 10:18,2026,https://truthsocial.com/@realDonaldTrump/posts/116143497998354987,"It is my Great Honor to endorse MAGA Warrior, Chris Gober, who is running to represent the wonderful people of Texas’ 10th Congressional District. A Harvard Law School Graduate, and very successful Lawyer, Chris knows the Wisdom and Courage required to uphold our Constitution, and promote LAW AND ORDER. In Congress, Chris will fight tirelessly to Grow our Economy, Cut Taxes and Regulations, Promote MADE IN THE U.S.A., Champion American Energy DOMINANCE, Keep our now very Secure Border, SECURE, Strongly Support our incredible Law Enforcement, Military, and Veterans, and Protect our always under siege Second Amendment. Chris Gober has my Complete and Total Endorsement — HE WILL NEVER LET YOU DOWN! It is my Great Honor to endorse MAGA Warrior, Chris Gober, who is running to represent the wonderful people of Texas’ 10th Congressional District. A Harvard Law School Graduate, and very successful Lawyer, Chris knows the Wisdom and Courage required to uphold our Constitution, and promote LAW AND ORDER. In Congress, Chris will fight tirelessly to Grow our Economy, Cut Taxes and Regulations, Promote MADE IN THE U.S.A., Champion American Energy DOMINANCE, Keep our now very Secure Border, SECURE, Strongly Support our incredible Law Enforcement, Military, and Veterans, and Protect our always under siege Second Amendment. Chris Gober has my Complete and Total Endorsement — HE WILL NEVER LET YOU DOWN!"
@realDonaldTrump,2026-02-27 10:17,2026,https://truthsocial.com/@realDonaldTrump/posts/116143491466237720,"Congressman Jake Ellzey is an America First Patriot who is doing an incredible job representing Texas’ 6th Congressional District! A former Navy fighter pilot and Combat Veteran, Jake knows the Wisdom and Courage required to Defend our Country, Support our Brave Military/Veterans, and Ensure PEACE THROUGH STRENGTH. In Congress, he is working hard to Keep our now very Secure Border, SECURE, Stop Migrant Crime, Cut Taxes and Regulations, Unleash American Energy DOMINANCE, Promote MADE IN THE U.S.A., Grow our Economy, and Protect our always under siege Second Amendment. Jake Ellzey has my Complete and Total Endorsement for Re-Election — HE WILL NEVER LET YOU DOWN! Congressman Jake Ellzey is an America First Patriot who is doing an incredible job representing Texas’ 6th Congressional District! A former Navy fighter pilot and Combat Veteran, Jake knows the Wisdom and Courage required to Defend our Country, Support our Brave Military/Veterans, and Ensure PEACE THROUGH STRENGTH. In Congress, he is working hard to Keep our now very Secure Border, SECURE, Stop Migrant Crime, Cut Taxes and Regulations, Unleash American Energy DOMINANCE, Promote MADE IN THE U.S.A., Grow our Economy, and Protect our always under siege Second Amendment. Jake Ellzey has my Complete and Total Endorsement for Re-Election — HE WILL NEVER LET YOU DOWN!"
@realDonaldTrump,2026-02-27 10:17,2026,https://truthsocial.com/@realDonaldTrump/posts/116143490439374762,"Congressman Lance Gooden is an America First Patriot, who is doing a fantastic job representing Texas’ 5th Congressional District! A MAGA Warrior, who has been with us from the very beginning, Lance is working hard to Grow our Economy, Cut Taxes and Regulations, Advance American Energy DOMINANCE, Promote MADE IN THE U.S.A., Keep our now very Secure Border, SECURE, Support our Military/Veterans, and Protect our always under siege Second Amendment. Lance Gooden has my Complete and Total Endorsement for Re-Election — HE WILL NEVER LET YOU DOWN! Congressman Lance Gooden is an America First Patriot, who is doing a fantastic job representing Texas’ 5th Congressional District! A MAGA Warrior, who has been with us from the very beginning, Lance is working hard to Grow our Economy, Cut Taxes and Regulations, Advance American Energy DOMINANCE, Promote MADE IN THE U.S.A., Keep our now very Secure Border, SECURE, Support our Military/Veterans, and Protect our always under siege Second Amendment. Lance Gooden has my Complete and Total Endorsement for Re-Election — HE WILL NEVER LET YOU DOWN!"
@realDonaldTrump,2026-02-27 10:16,2026,https://truthsocial.com/@realDonaldTrump/posts/116143488153907744,"Congressman Keith Self is a Tremendous Advocate for the Great People of Texas’ 3rd Congressional District! A West Point Graduate and retired Army Ranger, Keith knows the Wisdom and Courage required to Defend our Country, Support our Incredible Military/Veterans, and Ensure PEACE THROUGH STRENGTH. In Congress, he is working hard to Keep our now very Secure Border, SECURE, Stop Migrant Crime, Cut Taxes and Regulations, Unleash American Energy DOMINANCE, Promote MADE IN THE U.S.A., Safeguard our Elections, and Defend our always under siege Second Amendment. Keith Self has my Complete and Total Endorsement for Re-Election — HE WILL NEVER LET YOU DOWN! Congressman Keith Self is a Tremendous Advocate for the Great People of Texas’ 3rd Congressional District! A West Point Graduate and retired Army Ranger, Keith knows the Wisdom and Courage required to Defend our Country, Support our Incredible Military/Veterans, and Ensure PEACE THROUGH STRENGTH. In Congress, he is working hard to Keep our now very Secure Border, SECURE, Stop Migrant Crime, Cut Taxes and Regulations, Unleash American Energy DOMINANCE, Promote MADE IN THE U.S.A., Safeguard our Elections, and Defend our always under siege Second Amendment. Keith Self has my Complete and Total Endorsement for Re-Election — HE WILL NEVER LET YOU DOWN!"
@realDonaldTrump,2026-02-27 10:16,2026,https://truthsocial.com/@realDonaldTrump/posts/116143487057494510,"Congressman Nathaniel Moran is doing a fantastic job representing the Great People of Texas’ 1st Congressional District! Nathaniel has an incredible Record of Success, and strong support from his Community. In Congress, he is working tirelessly to Grow our Economy, Cut Taxes and Regulations, Promote MADE IN THE U.S.A., Support our Amazing Farmers and Ranchers, Ensure American Energy DOMINANCE, Keep our now very Secure Border, SECURE, Stop Migrant Crime, Champion our Brave Military/Veterans, and Protect our always under siege Second Amendment. Nathaniel Moran has my Complete and Total Endorsement for Re-Election — HE WILL NOT LET YOU DOWN! Congressman Nathaniel Moran is doing a fantastic job representing the Great People of Texas’ 1st Congressional District! Nathaniel has an incredible Record of Success, and strong support from his Community. In Congress, he is working tirelessly to Grow our Economy, Cut Taxes and Regulations, Promote MADE IN THE U.S.A., Support our Amazing Farmers and Ranchers, Ensure American Energy DOMINANCE, Keep our now very Secure Border, SECURE, Stop Migrant Crime, Champion our Brave Military/Veterans, and Protect our always under siege Second Amendment. Nathaniel Moran has my Complete and Total Endorsement for Re-Election — HE WILL NOT LET YOU DOWN!"
@realDonaldTrump,2026-02-27 09:39,2026,https://truthsocial.com/@realDonaldTrump/posts/116143341220933079,Trump Promises to Block Immigration from Corrupt Cultures: https://www.breitbart.com/economy/2026/02/24/trump-promise-block-migration-corrupt-countries/ Trump Promises to Block Immigration from Corrupt Cultures: https://www.breitbart.com/economy/2026/02/24/trump-promise-block-migration-corrupt-countries/
@realDonaldTrump,2026-02-27 09:37,2026,https://truthsocial.com/@realDonaldTrump/posts/116143336722246796,CBS’s Tony Dokoupil Raves About Trump's 'Extraordinary' State Of The Union: https://www.huffpost.com/entry/cbs-tony-dokoupil-trump-state-of-the-union-extraordinary_n_699f20f9e4b01b76c0e313ad CBS’s Tony Dokoupil Raves About Trump's 'Extraordinary' State Of The Union: https://www.huffpost.com/entry/cbs-tony-dokoupil-trump-state-of-the-union-extraordinary_n_699f20f9e4b01b76c0e313ad
@realDonaldTrump,2026-02-27 09:37,2026,https://truthsocial.com/@realDonaldTrump/posts/116143334329837950,‘How Do You Not Stand?’: The Jaw-Dropping Moments Democrats Remained Seated At SOTU: https://www.dailywire.com/news/how-do-you-not-stand-the-jaw-dropping-moments-democrats-remained-seated-at-sotu ‘How Do You Not Stand?’: The Jaw-Dropping Moments Democrats Remained Seated At SOTU: https://www.dailywire.com/news/how-do-you-not-stand-the-jaw-dropping-moments-democrats-remained-seated-at-sotu
@realDonaldTrump,2026-02-27 09:24,2026,https://truthsocial.com/@realDonaldTrump/posts/116143284354657458,The Right’s Brand Is ‘America First.’ The Left’s Brand Is Getting Mad About That: https://thefederalist.com/2026/02/25/the-rights-brand-is-america-first-the-lefts-brand-is-getting-mad-about-that/ The Right’s Brand Is ‘America First.’ The Left’s Brand Is Getting Mad About That: https://thefederalist.com/2026/02/25/the-rights-brand-is-america-first-the-lefts-brand-is-getting-mad-about-that/
@realDonaldTrump,2026-02-27 09:21,2026,https://truthsocial.com/@realDonaldTrump/posts/116143272531781078,"Big ideas from Trump's State of the Union speech, from federal 401k payments to Dalilah's law: https://justthenews.com/politics-policy/all-things-trump/big-ideas-trumps-state-union-speech-federal-401k-payments-dalilahs Big ideas from Trump's State of the Union speech, from federal 401k payments to Dalilah's law: https://justthenews.com/politics-policy/all-things-trump/big-ideas-trumps-state-union-speech-federal-401k-payments-dalilahs"
@realDonaldTrump,2026-02-27 09:14,2026,https://truthsocial.com/@realDonaldTrump/posts/116143243981662384,"Liberal Media Reactions to Trump's State of the Union Were Wild, but This Poll Will Drive Libs Nuts: https://townhall.com/tipsheet/mattvespa/2026/02/25/liberal-media-reactions-to-trumps-state-of-the-union-were-wild-but-this-segment-will-drive-libs-nuts-n2671849 Liberal Media Reactions to Trump's State of the Union Were Wild, but This Poll Will Drive Libs Nuts: https://townhall.com/tipsheet/mattvespa/2026/02/25/liberal-media-reactions-to-trumps-state-of-the-union-were-wild-but-this-segment-will-drive-libs-nuts-n2671849"
@realDonaldTrump,2026-02-27 09:13,2026,https://truthsocial.com/@realDonaldTrump/posts/116143242034061788,Trump Delivers A Show At State Of The Union: https://www.dailywire.com/news/trump-delivers-a-show-at-state-of-the-union Trump Delivers A Show At State Of The Union: https://www.dailywire.com/news/trump-delivers-a-show-at-state-of-the-union
@realDonaldTrump,2026-02-27 00:41,2026,https://truthsocial.com/@realDonaldTrump/posts/116141227714023388,null
@realDonaldTrump,2026-02-27 00:36,2026,https://truthsocial.com/@realDonaldTrump/posts/116141206581518468,null
@realDonaldTrump,2026-02-25 19:45,2026,https://truthsocial.com/@realDonaldTrump/posts/116134402050569654,Dems ditched American heroes for adults in frog suits and tiresome De Niro — all we can do is pity them: https://nypost.com/2026/02/25/opinion/dems-ditched-american-heroes-for-adults-in-frog-suits-pity-them/ Dems ditched American heroes for adults in frog suits and tiresome De Niro — all we can do is pity them: https://nypost.com/2026/02/25/opinion/dems-ditched-american-heroes-for-adults-in-frog-suits-pity-them/
@realDonaldTrump,2026-02-25 19:44,2026,https://truthsocial.com/@realDonaldTrump/posts/116134395444173210,Trump’s home-run State of the Union 2026 showed exactly how crazy the Democrats are: https://nypost.com/2026/02/25/opinion/trumps-home-run-state-of-the-union-2026-showed-exactly-how-crazy-the-democrats-are/ Trump’s home-run State of the Union 2026 showed exactly how crazy the Democrats are: https://nypost.com/2026/02/25/opinion/trumps-home-run-state-of-the-union-2026-showed-exactly-how-crazy-the-democrats-are/
@realDonaldTrump,2026-02-25 12:25,2026,https://truthsocial.com/@realDonaldTrump/posts/116132669184154738,"It is my Great Honor to endorse State Representative Michelle Davis, a REAL Republican running for Indiana's 41st State Senate District (which I won by 33 points!), against RINO incumbent Greg Walker! Michelle will be a fantastic replacement for Walker who, for whatever reason, voted against Redistricting in Indiana, which puts the United States Congress in jeopardy. Walker and his RINO friends made Indiana, a State I love and have been very good to, the only State in the Country that essentially said they don’t care about what happens in the United States Congress. We could have easily picked up two seats in Indiana, so Walker, an America Last politician, put our Majority in the House of Representatives at risk, thereby putting our Country in a very dangerous position in losing some of the magnificent gains that we have made over the last year, since I assumed the Office of President. State Representative Michelle Davis, on the other hand, strongly voted WITH Republicans to pass Redistricting in the State House, unlike “RINO” Greg Walker, who voted with the Democrats in the State Senate to stop it. As your next State Senator, Michelle will fight tirelessly to Protect ""Hoosier"" Values, Advocate for the Working Men and Women of Indiana, Grow our Economy, Cut Taxes and Regulations, Promote American Manufacturing, Advance MADE IN THE U.S.A., Unleash American Energy DOMINANCE, Keep our Border SECURE, Support our Military, Veterans, and Law Enforcement, Advance Election Integrity, and Defend our always under siege Second Amendment. Michelle Davis has my Complete and Total Endorsement to be the next State Senator from Indiana's 41st Senate District. Unlike incumbent Greg Walker, a “RINO” LOSER who has failed the fantastic people of Indiana so badly, MICHELLE DAVIS IS A WINNER WHO WILL NOT LET YOU DOWN! It is my Great Honor to endorse State Representative Michelle Davis, a REAL Republican running for Indiana's 41st State Senate District (which I won by 33 points!), against RINO incumbent Greg Walker! Michelle will be a fantastic replacement for Walker who, for whatever reason, voted against Redistricting in Indiana, which puts the United States Congress in jeopardy. Walker and his RINO friends made Indiana, a State I love and have been very good to, the only State in the Country that essentially said they don’t care about what happens in the United States Congress. We could have easily picked up two seats in Indiana, so Walker, an America Last politician, put our Majority in the House of Representatives at risk, thereby putting our Country in a very dangerous position in losing some of the magnificent gains that we have made over the last year, since I assumed the Office of President. State Representative Michelle Davis, on the other hand, strongly voted WITH Republicans to pass Redistricting in the State House, unlike “RINO” Greg Walker, who voted with the Democrats in the State Senate to stop it. As your next State Senator, Michelle will fight tirelessly to Protect ""Hoosier"" Values, Advocate for the Working Men and Women of Indiana, Grow our Economy, Cut Taxes and Regulations, Promote American Manufacturing, Advance MADE IN THE U.S.A., Unleash American Energy DOMINANCE, Keep our Border SECURE, Support our Military, Veterans, and Law Enforcement, Advance Election Integrity, and Defend our always under siege Second Amendment. Michelle Davis has my Complete and Total Endorsement to be the next State Senator from Indiana's 41st Senate District. Unlike incumbent Greg Walker, a “RINO” LOSER who has failed the fantastic people of Indiana so badly, MICHELLE DAVIS IS A WINNER WHO WILL NOT LET YOU DOWN!"
@realDonaldTrump,2026-02-25 12:23,2026,https://truthsocial.com/@realDonaldTrump/posts/116132664237842476,"Vigo County Commissioner Brenda Wilson, a Proven America First Patriot, is running against “No Goode” Greg Goode (BAD FOR THE U.S.A.!) in the Republican Primary for Indiana’s 38th Senate District, which I won by 28 points! “No Goode” is an incompetent and ineffective RINO incumbent who, for whatever reason, voted against Redistricting in Indiana, which has made him a hero to Hakeem Jeffries, Ilhan Omar, and every other Radical Left Member of the U.S. House of Representatives. “No Goode” and his RINO friends made Indiana, a State I have tremendous love for, the only State in the Country that essentially said they don’t care about what happens to the United States Congress, and therefore to America’s future. We could have easily picked up two seats in Indiana, but No Goode, an America Last politician, threw in with the Democrats, thereby putting our Country in a very dangerous position, and risking the reversal of so much of the incredible progress we have made over the last year for our Country and our people. Brenda Wilson, on the other hand, is a Successful Family Farmer, and Highly Respected Vigo County Commissioner, who will be a strong and effective Voice for our amazing Farmers and Indiana Agriculture. As your next State Senator, Brenda will fight tirelessly to Protect ""Hoosier"" Values, Champion Small Businesses, Promote MADE IN THE U.S.A., Grow our Economy, Cut Taxes and Regulations, Advance American Energy DOMINANCE, Keep our Border SECURE, Support our incredible Military, Veterans, and Law Enforcement, Advance Election Integrity, and Protect our always under siege Second Amendment. Brenda Wilson has my Complete and Total Endorsement, and, unlike “No Goode” — BRENDA WILL NOT LET YOU DOWN! Vigo County Commissioner Brenda Wilson, a Proven America First Patriot, is running against “No Goode” Greg Goode (BAD FOR THE U.S.A.!) in the Republican Primary for Indiana’s 38th Senate District, which I won by 28 points! “No Goode” is an incompetent and ineffective RINO incumbent who, for whatever reason, voted against Redistricting in Indiana, which has made him a hero to Hakeem Jeffries, Ilhan Omar, and every other Radical Left Member of the U.S. House of Representatives. “No Goode” and his RINO friends made Indiana, a State I have tremendous love for, the only State in the Country that essentially said they don’t care about what happens to the United States Congress, and therefore to America’s future. We could have easily picked up two seats in Indiana, but No Goode, an America Last politician, threw in with the Democrats, thereby putting our Country in a very dangerous position, and risking the reversal of so much of the incredible progress we have made over the last year for our Country and our people. Brenda Wilson, on the other hand, is a Successful Family Farmer, and Highly Respected Vigo County Commissioner, who will be a strong and effective Voice for our amazing Farmers and Indiana Agriculture. As your next State Senator, Brenda will fight tirelessly to Protect ""Hoosier"" Values, Champion Small Businesses, Promote MADE IN THE U.S.A., Grow our Economy, Cut Taxes and Regulations, Advance American Energy DOMINANCE, Keep our Border SECURE, Support our incredible Military, Veterans, and Law Enforcement, Advance Election Integrity, and Protect our always under siege Second Amendment. Brenda Wilson has my Complete and Total Endorsement, and, unlike “No Goode” — BRENDA WILL NOT LET YOU DOWN!"
@realDonaldTrump,2026-02-25 12:22,2026,https://truthsocial.com/@realDonaldTrump/posts/116132657565539301,"It is my Great Honor to endorse America First Patriot Tracey Powell, a fantastic Candidate for Indiana's 21st State Senate District (which I won by 24 points!). Tracey is running against a pathetic RINO incumbent named Jim Buck, who, for whatever reason, voted against Redistricting in Indiana, which puts the United States Congress in jeopardy. Buck and his RINO friends made Indiana, a State I love and have been very good to, the only State in the Country that essentially said they don’t care if Democrats steal Republican House seats to take over the United States Congress. We could have easily picked up two seats in Indiana, helping Democrat seat theft in Blue States, but instead, Buck, an America Last politician, would rather give away our Majority in the House of Representatives, thereby putting our Country in a very dangerous position that could cost us some of the magnificent gains that we have made over the last year, since I assumed the Office of President. Tracey Powell, on the other hand, is a successful Businessman, Chiropractor, Farmer, and Highly Respected Tipton County Commissioner, who has dedicated his life to serving his Community. As your next State Senator, Tracey will fight tirelessly to Protect ""Hoosier"" Values, Grow the Economy, Cut Taxes and Regulations, Promote MADE IN THE U.S.A., Champion our Amazing Farmers and Agriculture, Unleash American Energy DOMINANCE, Keep our Border SECURE, Ensure LAW AND ORDER, Support our Military, Veterans, and Law Enforcement, Advance Election Integrity, Defend our always under siege Second Amendment. Tracey Powell has my Complete and Total Endorsement to be the next State Senator from Indiana's 21st Senate District. Unlike incumbent Jim Buck, a “RINO” who failed the wonderful people of Indiana so badly, TRACEY POWELL IS A WINNER WHO WILL NOT LET YOU DOWN! It is my Great Honor to endorse America First Patriot Tracey Powell, a fantastic Candidate for Indiana's 21st State Senate District (which I won by 24 points!). Tracey is running against a pathetic RINO incumbent named Jim Buck, who, for whatever reason, voted against Redistricting in Indiana, which puts the United States Congress in jeopardy. Buck and his RINO friends made Indiana, a State I love and have been very good to, the only State in the Country that essentially said they don’t care if Democrats steal Republican House seats to take over the United States Congress. We could have easily picked up two seats in Indiana, helping Democrat seat theft in Blue States, but instead, Buck, an America Last politician, would rather give away our Majority in the House of Representatives, thereby putting our Country in a very dangerous position that could cost us some of the magnificent gains that we have made over the last year, since I assumed the Office of President. Tracey Powell, on the other hand, is a successful Businessman, Chiropractor, Farmer, and Highly Respected Tipton County Commissioner, who has dedicated his life to serving his Community. As your next State Senator, Tracey will fight tirelessly to Protect ""Hoosier"" Values, Grow the Economy, Cut Taxes and Regulations, Promote MADE IN THE U.S.A., Champion our Amazing Farmers and Agriculture, Unleash American Energy DOMINANCE, Keep our Border SECURE, Ensure LAW AND ORDER, Support our Military, Veterans, and Law Enforcement, Advance Election Integrity, Defend our always under siege Second Amendment. Tracey Powell has my Complete and Total Endorsement to be the next State Senator from Indiana's 21st Senate District. Unlike incumbent Jim Buck, a “RINO” who failed the wonderful people of Indiana so badly, TRACEY POWELL IS A WINNER WHO WILL NOT LET YOU DOWN!"
@realDonaldTrump,2026-02-24 07:30,2026,https://truthsocial.com/@realDonaldTrump/posts/116125847476136887,THE DEMOCRAT SHUTDOWN IS KILLING THE BLUE STATES! THE DEMOCRAT SHUTDOWN IS KILLING THE BLUE STATES!
@realDonaldTrump,2026-02-23 20:25,2026,https://truthsocial.com/@realDonaldTrump/posts/116123232016704595,null
@realDonaldTrump,2026-02-23 20:24,2026,https://truthsocial.com/@realDonaldTrump/posts/116123230807288957,The Save America Act must pass!!! The Save America Act must pass!!!
@realDonaldTrump,2026-02-23 20:23,2026,https://truthsocial.com/@realDonaldTrump/posts/116123225544591694,Wow! Gavin Newscum just dropped out of the Presidential Race!!! President DJT Wow! Gavin Newscum just dropped out of the Presidential Race!!! President DJT
@realDonaldTrump,2026-02-23 20:21,2026,https://truthsocial.com/@realDonaldTrump/posts/116123217263558282,null
@realDonaldTrump,2026-02-23 20:20,2026,https://truthsocial.com/@realDonaldTrump/posts/116123214276048935,null
@realDonaldTrump,2026-02-23 15:07,2026,https://truthsocial.com/@realDonaldTrump/posts/116121982523217082,Whistleblower details ‘rampant’ SNAP-EBT fraud in Massachusetts: ‘It’s just unbelievable’:https://www.bostonherald.com/2026/02/15/whistleblower-details-rampant-snap-ebt-fraud-in-massachusetts/ Whistleblower details ‘rampant’ SNAP-EBT fraud in Massachusetts: ‘It’s just unbelievable’:https://www.bostonherald.com/2026/02/15/whistleblower-details-rampant-snap-ebt-fraud-in-massachusetts/
@realDonaldTrump,2026-02-23 15:06,2026,https://truthsocial.com/@realDonaldTrump/posts/116121978283687613,"Massachusetts Auditor details how SNAP, MassHealth schemes were carried out: https://www.bostonherald.com/2026/01/31/reaction-to-latest-fraud-bust-as-mass-auditor-details-how-snap-masshealth-schemes-were-carried-out/ Massachusetts Auditor details how SNAP, MassHealth schemes were carried out: https://www.bostonherald.com/2026/01/31/reaction-to-latest-fraud-bust-as-mass-auditor-details-how-snap-masshealth-schemes-were-carried-out/"
@realDonaldTrump,2026-02-23 08:08,2026,https://truthsocial.com/@realDonaldTrump/posts/116120334071120213,"Great interview of American Patriot Derek Maltz, by wonderful Fox & Friends host Lawrence Jones, who is terrific! Mexico must step up their effort on Cartels and Drugs! Great interview of American Patriot Derek Maltz, by wonderful Fox & Friends host Lawrence Jones, who is terrific! Mexico must step up their effort on Cartels and Drugs!"
@realDonaldTrump,2026-02-23 08:02,2026,https://truthsocial.com/@realDonaldTrump/posts/116120313423769416,Byron will be a great governor!!! President DJT Byron will be a great governor!!! President DJT
@realDonaldTrump,2026-02-23 07:53,2026,https://truthsocial.com/@realDonaldTrump/posts/116120278547441463,null
@realDonaldTrump,2026-02-23 07:53,2026,https://truthsocial.com/@realDonaldTrump/posts/116120276365839507,null
@realDonaldTrump,2026-02-23 04:40,2026,https://truthsocial.com/@realDonaldTrump/posts/116119517642924564,null
@realDonaldTrump,2026-02-22 10:30,2026,https://truthsocial.com/@realDonaldTrump/posts/116115232971162486,LOTS OF WINNING!!! President DONALD J. TRUMP LOTS OF WINNING!!! President DONALD J. TRUMP
@realDonaldTrump,2026-02-22 10:17,2026,https://truthsocial.com/@realDonaldTrump/posts/116115179276189940,WHAT A GAME!!! President DJT WHAT A GAME!!! President DJT
@realDonaldTrump,2026-02-22 10:16,2026,https://truthsocial.com/@realDonaldTrump/posts/116115175203378541,Congratulations to our great U.S.A. Ice Hockey team. THEY WON THE GOLD. WOW! President DONALD J. TRUMP Congratulations to our great U.S.A. Ice Hockey team. THEY WON THE GOLD. WOW! President DONALD J. TRUMP
@realDonaldTrump,2026-02-22 10:10,2026,https://truthsocial.com/@realDonaldTrump/posts/116115155092371431,"Illinois is spending hundreds of millions of dollars in trying to BAIL OUT Obama’s badly delayed, and tremendously over budget, “Library.” The neighborhood is ANGRY AS HELL. It is a total disaster! Illinois is spending hundreds of millions of dollars in trying to BAIL OUT Obama’s badly delayed, and tremendously over budget, “Library.” The neighborhood is ANGRY AS HELL. It is a total disaster!"
@realDonaldTrump,2026-02-21 18:21,2026,https://truthsocial.com/@realDonaldTrump/posts/116111420567451198,"Working with the fantastic Governor of Louisiana, Jeff Landry, we are going to send a great hospital boat to Greenland to take care of the many people who are sick, and not being taken care of there. It’s on the way!!! President DJT Working with the fantastic Governor of Louisiana, Jeff Landry, we are going to send a great hospital boat to Greenland to take care of the many people who are sick, and not being taken care of there. It’s on the way!!! President DJT"
@realDonaldTrump,2026-02-21 16:54,2026,https://truthsocial.com/@realDonaldTrump/posts/116111079846945770,null
@realDonaldTrump,2026-02-21 14:48,2026,https://truthsocial.com/@realDonaldTrump/posts/116110583761056588,null
@realDonaldTrump,2026-02-21 14:48,2026,https://truthsocial.com/@realDonaldTrump/posts/116110582943802191,null
@realDonaldTrump,2026-02-21 14:47,2026,https://truthsocial.com/@realDonaldTrump/posts/116110581579713669,null
@realDonaldTrump,2026-02-21 13:13,2026,https://truthsocial.com/@realDonaldTrump/posts/116110210145968913,"Very important to save The Great Salt Lake in Utah. This is an Environmental hazard that must be worked on, IMMEDIATELY — It is of tremendous interest to me. The people of Utah are spectacular, and they deserve to be helped. I am dealing with your very caring Governor, Spencer Cox, and we are going to make it all happen! MAKE “THE LAKE” GREAT AGAIN! PRESIDENT DONALD J. TRUMP Very important to save The Great Salt Lake in Utah. This is an Environmental hazard that must be worked on, IMMEDIATELY — It is of tremendous interest to me. The people of Utah are spectacular, and they deserve to be helped. I am dealing with your very caring Governor, Spencer Cox, and we are going to make it all happen! MAKE “THE LAKE” GREAT AGAIN! PRESIDENT DONALD J. TRUMP"
@realDonaldTrump,2026-02-21 11:57,2026,https://truthsocial.com/@realDonaldTrump/posts/116109911600146683,"I am proud to once again endorse Texas Lieutenant Governor, Dan Patrick, for Re-Election. As Texas Chair of our Presidential Campaigns in 2016, 2020, and 2024, Dan has been an incredible friend to our Movement, helping us WIN BIG in the Primaries and General Elections. In his next Term, Dan will fight tirelessly alongside of us to Secure the Border, Stop Migrant Crime, Grow the Economy, Cut Taxes and Regulations, Champion School Choice, Support our Great Military/Vets, Restore American Energy DOMINANCE, and Strongly Protect our always under siege Second Amendment. Dan Patrick has my Complete and Total Endorsement – He will never let you down! I am proud to once again endorse Texas Lieutenant Governor, Dan Patrick, for Re-Election. As Texas Chair of our Presidential Campaigns in 2016, 2020, and 2024, Dan has been an incredible friend to our Movement, helping us WIN BIG in the Primaries and General Elections. In his next Term, Dan will fight tirelessly alongside of us to Secure the Border, Stop Migrant Crime, Grow the Economy, Cut Taxes and Regulations, Champion School Choice, Support our Great Military/Vets, Restore American Energy DOMINANCE, and Strongly Protect our always under siege Second Amendment. Dan Patrick has my Complete and Total Endorsement – He will never let you down!"
@realDonaldTrump,2026-02-21 09:26,2026,https://truthsocial.com/@realDonaldTrump/posts/116109318847334955,New FBI memo confirms 2022 JTN report on Biden involvement in raid of Trump's Mar-a-Lago property: https://justthenews.com/government/federal-agencies/fbi-memo-confirms-jtn-2022-reporting-biden-involvement-raid-trumps-mar/ New FBI memo confirms 2022 JTN report on Biden involvement in raid of Trump's Mar-a-Lago property: https://justthenews.com/government/federal-agencies/fbi-memo-confirms-jtn-2022-reporting-biden-involvement-raid-trumps-mar/
@realDonaldTrump,2026-02-21 08:32,2026,https://truthsocial.com/@realDonaldTrump/posts/116109104602937332,"My new hero is United States Supreme Court Justice Brett Kavanaugh and, of course, Justices Clarence Thomas and Samuel Alito. There is no doubt in anyone’s mind that they want to, MAKE AMERICA GREAT AGAIN! My new hero is United States Supreme Court Justice Brett Kavanaugh and, of course, Justices Clarence Thomas and Samuel Alito. There is no doubt in anyone’s mind that they want to, MAKE AMERICA GREAT AGAIN!"
@realDonaldTrump,2026-02-20 22:32,2026,https://truthsocial.com/@realDonaldTrump/posts/116106746237136473,Trump lives up to his promise to East Palestine: https://www.washingtonexaminer.com/opinion/4465527/trump-lives-up-to-his-promise-to-east-palestine/ Trump lives up to his promise to East Palestine: https://www.washingtonexaminer.com/opinion/4465527/trump-lives-up-to-his-promise-to-east-palestine/
@realDonaldTrump,2026-02-20 21:21,2026,https://truthsocial.com/@realDonaldTrump/posts/116106466161291676,"Republicans are so disloyal to themselves! Unite, stick together, and WIN! President DJT Republicans are so disloyal to themselves! Unite, stick together, and WIN! President DJT"
@realDonaldTrump,2026-02-20 18:46,2026,https://truthsocial.com/@realDonaldTrump/posts/116105858701679073,"What happened today with the two United States Supreme Court Justices that I appointed against great opposition, Neil Gorsuch and Amy Coney Barrett, whether people like it or not, never seems to happen with Democrats. They vote against the Republicans, and never against themselves, almost every single time, no matter how good a case we have. At least I didn’t appoint Roberts, who led the effort to allow Foreign Countries that have been ripping us off for years to continue to do so — But we won’t let it happen. The new TARIFFS, totally tested and accepted as Law, are on their way! PRESIDENT DONALD J. TRUMP What happened today with the two United States Supreme Court Justices that I appointed against great opposition, Neil Gorsuch and Amy Coney Barrett, whether people like it or not, never seems to happen with Democrats. They vote against the Republicans, and never against themselves, almost every single time, no matter how good a case we have. At least I didn’t appoint Roberts, who led the effort to allow Foreign Countries that have been ripping us off for years to continue to do so — But we won’t let it happen. The new TARIFFS, totally tested and accepted as Law, are on their way! PRESIDENT DONALD J. TRUMP"
@realDonaldTrump,2026-02-20 18:04,2026,https://truthsocial.com/@realDonaldTrump/posts/116105691693335080,"Those members of the Supreme Court who voted against our very acceptable and proper method of TARIFFS should be ashamed of themselves. Their decision was ridiculous but, now the adjustment process begins, and we will do everything possible to take in even more money than we were taking in before! Those members of the Supreme Court who voted against our very acceptable and proper method of TARIFFS should be ashamed of themselves. Their decision was ridiculous but, now the adjustment process begins, and we will do everything possible to take in even more money than we were taking in before!"
@realDonaldTrump,2026-02-20 17:39,2026,https://truthsocial.com/@realDonaldTrump/posts/116105594741987893,"It is my Great Honor to have just signed, from the Oval Office, a Global 10% Tariff on all Countries, which will be effective almost immediately. Thank you for your attention to this matter! PRESIDENT DONALD J. TRUMP It is my Great Honor to have just signed, from the Oval Office, a Global 10% Tariff on all Countries, which will be effective almost immediately. Thank you for your attention to this matter! PRESIDENT DONALD J. TRUMP"
@realDonaldTrump,2026-02-19 19:13,2026,https://truthsocial.com/@realDonaldTrump/posts/116100300268316472,"Based on the tremendous interest shown, I will be directing the Secretary of War, and other relevant Departments and Agencies, to begin the process of identifying and releasing Government files related to alien and extraterrestrial life, unidentified aerial phenomena (UAP), and unidentified flying objects (UFOs), and any and all other information connected to these highly complex, but extremely interesting and important, matters. GOD BLESS AMERICA! Based on the tremendous interest shown, I will be directing the Secretary of War, and other relevant Departments and Agencies, to begin the process of identifying and releasing Government files related to alien and extraterrestrial life, unidentified aerial phenomena (UAP), and unidentified flying objects (UFOs), and any and all other information connected to these highly complex, but extremely interesting and important, matters. GOD BLESS AMERICA!"
@realDonaldTrump,2026-02-19 19:08,2026,https://truthsocial.com/@realDonaldTrump/posts/116100280662640693,"To the Great People of East Palestine, Ohio, who were disgracefully betrayed and forgotten about by Crooked Joe Biden — “TRUMP” has never forgotten about you, and never will! In addition to our Administration’s Longterm Health Study for the benefit of the residents, we are providing $10 Million Dollars through the Economic Development Administration to help the Community continue its Economic Recovery from the disastrous train derailment. We want to see East Palestine grow, flourish, and be able to take advantage of our now BOOMING Economy. It was horrible what was allowed to happen there, and we are with you for the LONG HAUL. MAKE AMERICA GREAT AGAIN! To the Great People of East Palestine, Ohio, who were disgracefully betrayed and forgotten about by Crooked Joe Biden — “TRUMP” has never forgotten about you, and never will! In addition to our Administration’s Longterm Health Study for the benefit of the residents, we are providing $10 Million Dollars through the Economic Development Administration to help the Community continue its Economic Recovery from the disastrous train derailment. We want to see East Palestine grow, flourish, and be able to take advantage of our now BOOMING Economy. It was horrible what was allowed to happen there, and we are with you for the LONG HAUL. MAKE AMERICA GREAT AGAIN!"
@realDonaldTrump,2026-02-19 19:03,2026,https://truthsocial.com/@realDonaldTrump/posts/116100261275870241,null
@realDonaldTrump,2026-02-19 18:06,2026,https://truthsocial.com/@realDonaldTrump/posts/116100037023571458,null
@realDonaldTrump,2026-02-19 18:05,2026,https://truthsocial.com/@realDonaldTrump/posts/116100035649028113,null
@realDonaldTrump,2026-02-19 14:12,2026,https://truthsocial.com/@realDonaldTrump/posts/116099119307195442,"We are going to have the Save America Act, one way or the other, after approval by Congress through the very proper use of the Filibuster or, at minimum, by a Talking Filibuster, à la “Mr. Smith Goes to Washington.” SAVE AMERICA ACT! 1. ALL VOTERS MUST SHOW VOTER I.D. (IDENTIFICATION!). 2. ALL VOTERS MUST SHOW PROOF OF CITIZENSHIP IN ORDER TO VOTE. 3. NO MAIL-IN BALLOTS (EXCEPT FOR ILLNESS, DISABILITY, MILITARY, OR TRAVEL!). We are going to have the Save America Act, one way or the other, after approval by Congress through the very proper use of the Filibuster or, at minimum, by a Talking Filibuster, à la “Mr. Smith Goes to Washington.” SAVE AMERICA ACT! 1. ALL VOTERS MUST SHOW VOTER I.D. (IDENTIFICATION!). 2. ALL VOTERS MUST SHOW PROOF OF CITIZENSHIP IN ORDER TO VOTE. 3. NO MAIL-IN BALLOTS (EXCEPT FOR ILLNESS, DISABILITY, MILITARY, OR TRAVEL!)."
@realDonaldTrump,2026-02-19 11:52,2026,https://truthsocial.com/@realDonaldTrump/posts/116098568222664684,"The Commission of Fine Arts just approved, unanimously, 6 to 0, with one recusal because he had a conflict in that he worked professionally on the job, the White House Ballroom. Great accolades were paid to the building’s beauty and scale. Thank you to the members of the Commission! President DJT The Commission of Fine Arts just approved, unanimously, 6 to 0, with one recusal because he had a conflict in that he worked professionally on the job, the White House Ballroom. Great accolades were paid to the building’s beauty and scale. Thank you to the members of the Commission! President DJT"
@realDonaldTrump,2026-02-19 06:26,2026,https://truthsocial.com/@realDonaldTrump/posts/116097286980069304,I only want Americans to Vote in American Elections! I only want Americans to Vote in American Elections!
@realDonaldTrump,2026-02-18 15:19,2026,https://truthsocial.com/@realDonaldTrump/posts/116093719961011955,null
@realDonaldTrump,2026-02-18 15:19,2026,https://truthsocial.com/@realDonaldTrump/posts/116093719071243747,"Will be the Greatest Ballroom ever built, now rising at the site of the White House — Fully paid for by American Patriot Donors. ZERO cost to our United States Taxpayers! Will be the Greatest Ballroom ever built, now rising at the site of the White House — Fully paid for by American Patriot Donors. ZERO cost to our United States Taxpayers!"
@realDonaldTrump,2026-02-18 06:04,2026,https://truthsocial.com/@realDonaldTrump/posts/116091534872593127,null
@realDonaldTrump,2026-02-18 06:03,2026,https://truthsocial.com/@realDonaldTrump/posts/116091531183692853,null
@realDonaldTrump,2026-02-18 05:32,2026,https://truthsocial.com/@realDonaldTrump/posts/116091412418659980,null
@realDonaldTrump,2026-02-18 05:05,2026,https://truthsocial.com/@realDonaldTrump/posts/116091304981296302,null
@realDonaldTrump,2026-02-17 21:57,2026,https://truthsocial.com/@realDonaldTrump/posts/116089622233377615,Crooked Elections cannot be allowed in the U.S.A. President DJT Crooked Elections cannot be allowed in the U.S.A. President DJT
@realDonaldTrump,2026-02-17 20:01,2026,https://truthsocial.com/@realDonaldTrump/posts/116089164279508195,null
@realDonaldTrump,2026-02-17 18:43,2026,https://truthsocial.com/@realDonaldTrump/posts/116088857079776597,null
@realDonaldTrump,2026-02-17 14:26,2026,https://truthsocial.com/@realDonaldTrump/posts/116087850037092347,null
@realDonaldTrump,2026-02-17 14:25,2026,https://truthsocial.com/@realDonaldTrump/posts/116087845874018125,null
@realDonaldTrump,2026-02-17 14:21,2026,https://truthsocial.com/@realDonaldTrump/posts/116087827602935657,"Our MASSIVE Trade Deal with Japan has just launched! Japan is now officially, and financially, moving forward with the FIRST set of Investments under its $550 BILLION Dollar Commitment to invest in the United States of America — part of our Historic Trade Deal to REVITALIZE the American Industrial Base, create HUNDREDS OF THOUSANDS of GREAT American Jobs, and strengthen our National and Economic Security like never before. Today, I am pleased to announce three TREMENDOUS Projects in the Strategic Areas of Oil & Gas in the Great State of Texas, Power Generation in the Great State of Ohio, and Critical Minerals in the Great State of Georgia. The scale of these projects are so large, and could not be done without one very special word, TARIFFS. The Gas Power Plant in Ohio (A State I won THREE TIMES!) will be the largest in History, the LNG Facility in the Gulf of America will drive Exports, and further our Country's Energy DOMINANCE, and our Critical Minerals Facility will end our FOOLISH dependance on Foreign Sources. America is building again. America is producing again. And America is WINNING again. This is a very exciting and HISTORIC time for the United States of America and Japan. Congratulations to all! Thank you for your attention to this matter!PRESIDENT DONALD J. TRUMP Our MASSIVE Trade Deal with Japan has just launched! Japan is now officially, and financially, moving forward with the FIRST set of Investments under its $550 BILLION Dollar Commitment to invest in the United States of America — part of our Historic Trade Deal to REVITALIZE the American Industrial Base, create HUNDREDS OF THOUSANDS of GREAT American Jobs, and strengthen our National and Economic Security like never before. Today, I am pleased to announce three TREMENDOUS Projects in the Strategic Areas of Oil & Gas in the Great State of Texas, Power Generation in the Great State of Ohio, and Critical Minerals in the Great State of Georgia. The scale of these projects are so large, and could not be done without one very special word, TARIFFS. The Gas Power Plant in Ohio (A State I won THREE TIMES!) will be the largest in History, the LNG Facility in the Gulf of America will drive Exports, and further our Country's Energy DOMINANCE, and our Critical Minerals Facility will end our FOOLISH dependance on Foreign Sources. America is building again. America is producing again. And America is WINNING again. This is a very exciting and HISTORIC time for the United States of America and Japan. Congratulations to all! Thank you for your attention to this matter!PRESIDENT DONALD J. TRUMP"
@realDonaldTrump,2026-02-17 12:50,2026,https://truthsocial.com/@realDonaldTrump/posts/116087471985064124,null
@realDonaldTrump,2026-02-17 12:50,2026,https://truthsocial.com/@realDonaldTrump/posts/116087470851539427,null
@realDonaldTrump,2026-02-17 12:50,2026,https://truthsocial.com/@realDonaldTrump/posts/116087470097941891,null
@realDonaldTrump,2026-02-17 12:49,2026,https://truthsocial.com/@realDonaldTrump/posts/116087468615746566,null
@realDonaldTrump,2026-02-17 12:49,2026,https://truthsocial.com/@realDonaldTrump/posts/116087467958406201,null
@realDonaldTrump,2026-02-17 12:46,2026,https://truthsocial.com/@realDonaldTrump/posts/116087456334547808,null
@realDonaldTrump,2026-02-17 12:46,2026,https://truthsocial.com/@realDonaldTrump/posts/116087455405989113,null
@realDonaldTrump,2026-02-17 11:56,2026,https://truthsocial.com/@realDonaldTrump/posts/116087259160100035,"Tax Refunds this year, because of “THE GREAT BIG BEAUTIFUL BILL,” are substantially greater than ever before. In some cases, estimates are that over 20% will be returned to the Taxpayer. So, when you get your Tax Refund, think about what a wonderful President you have — NO TAX ON TIPS, NO TAX ON SOCIAL SECURITY FOR OUR GREAT SENIORS, NO TAX ON OVERTIME, INTEREST DEDUCTIONS ON CAR LOANS, AND MUCH MORE. Don’t spend all of this money in one place! President DJT Tax Refunds this year, because of “THE GREAT BIG BEAUTIFUL BILL,” are substantially greater than ever before. In some cases, estimates are that over 20% will be returned to the Taxpayer. So, when you get your Tax Refund, think about what a wonderful President you have — NO TAX ON TIPS, NO TAX ON SOCIAL SECURITY FOR OUR GREAT SENIORS, NO TAX ON OVERTIME, INTEREST DEDUCTIONS ON CAR LOANS, AND MUCH MORE. Don’t spend all of this money in one place! President DJT"
@realDonaldTrump,2026-02-17 09:55,2026,https://truthsocial.com/@realDonaldTrump/posts/116086782319939311,"Maryland, Virginia, and Washington, D.C., who are responsible for the massive sewage spill in the Potomac River, must get to work, IMMEDIATELY. If they can’t do the job, they have to call me and ask, politely, to get it fixed. The Federal Government is not at all involved with what has taken place, but we can fix it. But remember, even in that case, with the Democrat Shutdown, we’ll have to bring in true Patriots to do the work because many are not working right now. These Democrat caused Disasters, both River and Shutdown, will only get worse. The two Governors and the Mayor of D.C. must act, IMMEDIATELY. This is a Radical Left caused Environmental Hazard. With all of their talk about carbon footprints and everything else, they’re allowing hundreds of tons of sewage to pour into the Mighty Potomac, making it much less mighty. ACT FAST. I am awaiting your call. Thank you for your attention to this matter! PRESIDENT DONALD J. TRUMP Maryland, Virginia, and Washington, D.C., who are responsible for the massive sewage spill in the Potomac River, must get to work, IMMEDIATELY. If they can’t do the job, they have to call me and ask, politely, to get it fixed. The Federal Government is not at all involved with what has taken place, but we can fix it. But remember, even in that case, with the Democrat Shutdown, we’ll have to bring in true Patriots to do the work because many are not working right now. These Democrat caused Disasters, both River and Shutdown, will only get worse. The two Governors and the Mayor of D.C. must act, IMMEDIATELY. This is a Radical Left caused Environmental Hazard. With all of their talk about carbon footprints and everything else, they’re allowing hundreds of tons of sewage to pour into the Mighty Potomac, making it much less mighty. ACT FAST. I am awaiting your call. Thank you for your attention to this matter! PRESIDENT DONALD J. TRUMP"
@realDonaldTrump,2026-02-04 17:31,2026,https://truthsocial.com/@realDonaldTrump/posts/116014966605970564,"It is my Great Honor to endorse America First Patriot, Clay Fuller, who is running to represent the wonderful people of Georgia’s 14th Congressional District. As District Attorney for the Lookout Mountain Judicial Circuit, and Air National Guard Officer, Clay knows the Wisdom and Courage required to Defend our Country, Support our Brave Military/Veterans, and Ensure PEACE THROUGH STRENGTH. As your next Congressman, Clay will fight tirelessly to Grow the Economy, Cut Taxes and Regulations, Promote MADE IN THE U.S.A., Unleash American Energy DOMINANCE, Keep our Border SECURE, Stop Migrant Crime, Safeguard our Elections, Champion School Choice, and Defend our always under siege Second Amendment. He is strongly supported by the most Highly Respected MAGA Warriors in Georgia, and many Republicans in the U.S. House of Representatives. Clay Fuller has my Complete and Total Endorsement to be the next Representative from Georgia’s 14th Congressional District – HE WILL NOT LET YOU DOWN! It is my Great Honor to endorse America First Patriot, Clay Fuller, who is running to represent the wonderful people of Georgia’s 14th Congressional District. As District Attorney for the Lookout Mountain Judicial Circuit, and Air National Guard Officer, Clay knows the Wisdom and Courage required to Defend our Country, Support our Brave Military/Veterans, and Ensure PEACE THROUGH STRENGTH. As your next Congressman, Clay will fight tirelessly to Grow the Economy, Cut Taxes and Regulations, Promote MADE IN THE U.S.A., Unleash American Energy DOMINANCE, Keep our Border SECURE, Stop Migrant Crime, Safeguard our Elections, Champion School Choice, and Defend our always under siege Second Amendment. He is strongly supported by the most Highly Respected MAGA Warriors in Georgia, and many Republicans in the U.S. House of Representatives. Clay Fuller has my Complete and Total Endorsement to be the next Representative from Georgia’s 14th Congressional District – HE WILL NOT LET YOU DOWN!"
@realDonaldTrump,2026-02-16 20:12,2026,https://truthsocial.com/@realDonaldTrump/posts/116083545552204769,"Congressman Greg Murphy, M.D., is a Tremendous Champion for the incredible people of North Carolina’s 3rd Congressional District! A distinguished Surgeon and Member of the House Veterans' Affairs Committee, Greg knows the Wisdom and Courage required to Defend our Country, Support our Brave Military/Veterans, and Ensure PEACE THROUGH STRENGTH. In Congress, Greg is working hard to Grow our Economy, Cut Taxes and Regulations, Promote MADE IN THE U.S.A., Champion American Energy DOMINANCE, Keep our now very Secure Border, SECURE, and Protect our always under siege Second Amendment. Dr. Greg Murphy has my Complete and Total Endorsement for Re-Election – HE WILL NEVER LET YOU DOWN! Congressman Greg Murphy, M.D., is a Tremendous Champion for the incredible people of North Carolina’s 3rd Congressional District! A distinguished Surgeon and Member of the House Veterans' Affairs Committee, Greg knows the Wisdom and Courage required to Defend our Country, Support our Brave Military/Veterans, and Ensure PEACE THROUGH STRENGTH. In Congress, Greg is working hard to Grow our Economy, Cut Taxes and Regulations, Promote MADE IN THE U.S.A., Champion American Energy DOMINANCE, Keep our now very Secure Border, SECURE, and Protect our always under siege Second Amendment. Dr. Greg Murphy has my Complete and Total Endorsement for Re-Election – HE WILL NEVER LET YOU DOWN!"
@realDonaldTrump,2026-02-16 20:11,2026,https://truthsocial.com/@realDonaldTrump/posts/116083542631076246,"America First Patriot Michael Whatley will be an amazing United States Senator for the Great State of North Carolina, which I love and WON BIG, six times, including Primaries, in 2016, 2020, and 2024! Michael is fantastic at everything he does, and was certainly a STAR as Co-Chair of the RNC where, in the Presidential Election, we won every Swing State, the Popular Vote, and the Electoral College by a landslide. Michael is a wonderful man, has ALWAYS delivered for North Carolina, especially after the terrible floods, where the Biden Administration did nothing, and will continue doing so as your next U.S. Senator, where he will fight tirelessly to Grow our Economy, Cut Taxes and Regulations, Promote MADE IN THE U.S.A., Champion American Energy DOMINANCE, Keep our now very Secure Border, SECURE, Stop Migrant Crime, Strengthen our Incredible Military/Veterans, and Protect our always under siege Second Amendment. Michael Whatley has my Complete and Total Endorsement – HE WILL NEVER LET YOU DOWN! America First Patriot Michael Whatley will be an amazing United States Senator for the Great State of North Carolina, which I love and WON BIG, six times, including Primaries, in 2016, 2020, and 2024! Michael is fantastic at everything he does, and was certainly a STAR as Co-Chair of the RNC where, in the Presidential Election, we won every Swing State, the Popular Vote, and the Electoral College by a landslide. Michael is a wonderful man, has ALWAYS delivered for North Carolina, especially after the terrible floods, where the Biden Administration did nothing, and will continue doing so as your next U.S. Senator, where he will fight tirelessly to Grow our Economy, Cut Taxes and Regulations, Promote MADE IN THE U.S.A., Champion American Energy DOMINANCE, Keep our now very Secure Border, SECURE, Stop Migrant Crime, Strengthen our Incredible Military/Veterans, and Protect our always under siege Second Amendment. Michael Whatley has my Complete and Total Endorsement – HE WILL NEVER LET YOU DOWN!"
@realDonaldTrump,2026-02-16 20:11,2026,https://truthsocial.com/@realDonaldTrump/posts/116083542092282954,"Congressman Tim Moore is a Tremendous Champion for North Carolina’s 14th Congressional District! Tim served as the Highly Respected Speaker of the North Carolina House of Representatives for a decade, prior to becoming a very distinguished U.S. Congressman. In Congress, he is fighting tirelessly to Grow our Economy, Cut Taxes and Regulations, Promote MADE IN THE U.S.A., Champion American Energy DOMINANCE, Keep our now very Secure Border, SECURE, Stop Migrant Crime, Murderers, and other Criminals from illegally entering our Country, Strengthen our Great Military/Veterans, and Protect our always under siege Second Amendment. Tim Moore has my Complete and Total Endorsement for Re-Election — HE WILL NEVER LET YOU DOWN! Congressman Tim Moore is a Tremendous Champion for North Carolina’s 14th Congressional District! Tim served as the Highly Respected Speaker of the North Carolina House of Representatives for a decade, prior to becoming a very distinguished U.S. Congressman. In Congress, he is fighting tirelessly to Grow our Economy, Cut Taxes and Regulations, Promote MADE IN THE U.S.A., Champion American Energy DOMINANCE, Keep our now very Secure Border, SECURE, Stop Migrant Crime, Murderers, and other Criminals from illegally entering our Country, Strengthen our Great Military/Veterans, and Protect our always under siege Second Amendment. Tim Moore has my Complete and Total Endorsement for Re-Election — HE WILL NEVER LET YOU DOWN!"
@realDonaldTrump,2026-02-16 20:11,2026,https://truthsocial.com/@realDonaldTrump/posts/116083541625057957,"Congressman Brad Knott is a terrific Representative for the incredible people of North Carolina’s 13th Congressional District! As a former Criminal Prosecutor, Brad knows the Wisdom and Courage necessary to uphold our Constitution, and ensure LAW AND ORDER. A true America First Patriot, Brad is fighting tirelessly to Strengthen our Military, Care for our Brave Veterans, Stand with our Incredible Law Enforcement, Keep our now very Secure Border, SECURE, Stop Migrant Crime, Grow our Economy, Cut Taxes and Regulations, Promote MADE IN THE U.S.A., Advance American Energy DOMINANCE, and Defend our always under siege Second Amendment. Brad Knott has my Complete and Total Endorsement for Re-Election — HE WILL NEVER LET YOU DOWN! Congressman Brad Knott is a terrific Representative for the incredible people of North Carolina’s 13th Congressional District! As a former Criminal Prosecutor, Brad knows the Wisdom and Courage necessary to uphold our Constitution, and ensure LAW AND ORDER. A true America First Patriot, Brad is fighting tirelessly to Strengthen our Military, Care for our Brave Veterans, Stand with our Incredible Law Enforcement, Keep our now very Secure Border, SECURE, Stop Migrant Crime, Grow our Economy, Cut Taxes and Regulations, Promote MADE IN THE U.S.A., Advance American Energy DOMINANCE, and Defend our always under siege Second Amendment. Brad Knott has my Complete and Total Endorsement for Re-Election — HE WILL NEVER LET YOU DOWN!"
@realDonaldTrump,2026-02-16 20:11,2026,https://truthsocial.com/@realDonaldTrump/posts/116083541144234890,"Congressman Chuck Edwards is a MAGA Warrior who is doing a fantastic job representing North Carolina’s 11th Congressional District! A proud Businessman, Civic Leader, and Highly Respected State Senator, prior to becoming a very distinguished U.S. Congressman, Chuck has dedicated his life to serving his Community. In Congress, he is working tirelessly to Grow our Economy, Cut Taxes and Regulations, Advance Election Integrity, Champion American Energy DOMINANCE, Promote MADE IN THE U.S.A., Keep our now very Secure Border, SECURE, Stop Migrant Crime, Strengthen our Military/Veterans, and Defend our always under siege Second Amendment. Chuck Edwards has my Complete and Total Endorsement for Re-Election — HE WILL NEVER LET YOU DOWN! Congressman Chuck Edwards is a MAGA Warrior who is doing a fantastic job representing North Carolina’s 11th Congressional District! A proud Businessman, Civic Leader, and Highly Respected State Senator, prior to becoming a very distinguished U.S. Congressman, Chuck has dedicated his life to serving his Community. In Congress, he is working tirelessly to Grow our Economy, Cut Taxes and Regulations, Advance Election Integrity, Champion American Energy DOMINANCE, Promote MADE IN THE U.S.A., Keep our now very Secure Border, SECURE, Stop Migrant Crime, Strengthen our Military/Veterans, and Defend our always under siege Second Amendment. Chuck Edwards has my Complete and Total Endorsement for Re-Election — HE WILL NEVER LET YOU DOWN!"
@realDonaldTrump,2026-02-16 20:10,2026,https://truthsocial.com/@realDonaldTrump/posts/116083540250496291,"Pat Harrigan is a tremendous Representative for the Great People of North Carolina’s 10th Congressional District! A West Point Graduate and a Combat Decorated Green Beret, Pat knows the Wisdom and Courage that is required to Defend our Country, Support our Incredible Military/Veterans, and Ensure PEACE THROUGH STRENGTH. In Congress, Pat is working hard to Keep our Border SECURE, Stop Migrant Crime, Grow our Economy, Cut Taxes, Promote MADE IN THE U.S.A., Champion Small Business, Ensure American Energy DOMINANCE, and Protect our always under siege Second Amendment. Pat Harrigan has my Complete and Total Endorsement for Re-Election — HE WILL NEVER LET YOU DOWN! Pat Harrigan is a tremendous Representative for the Great People of North Carolina’s 10th Congressional District! A West Point Graduate and a Combat Decorated Green Beret, Pat knows the Wisdom and Courage that is required to Defend our Country, Support our Incredible Military/Veterans, and Ensure PEACE THROUGH STRENGTH. In Congress, Pat is working hard to Keep our Border SECURE, Stop Migrant Crime, Grow our Economy, Cut Taxes, Promote MADE IN THE U.S.A., Champion Small Business, Ensure American Energy DOMINANCE, and Protect our always under siege Second Amendment. Pat Harrigan has my Complete and Total Endorsement for Re-Election — HE WILL NEVER LET YOU DOWN!"
@realDonaldTrump,2026-02-16 20:09,2026,https://truthsocial.com/@realDonaldTrump/posts/116083533250062812,"Congressman Pete Sessions is a Tremendous Champion for Texas’ 17th Congressional District! As former Chairman of the House Rules Committee and the National Republican Congressional Committee, Pete has served in Congress during a career “loaded up” with accolades and WINS, always fighting tirelessly for our America First Agenda. He is working hard to Support our Amazing Farmers and Ranchers, Cut Taxes and Regulations, Champion American Energy DOMINANCE, Promote MADE IN THE U.S.A., Keep our now very Secure Border, SECURE, Strengthen our Military/Veterans, and Protect our always under siege Second Amendment. Pete Sessions has my Complete and Total Endorsement for Re-Election — HE WILL NEVER LET YOU DOWN! Congressman Pete Sessions is a Tremendous Champion for Texas’ 17th Congressional District! As former Chairman of the House Rules Committee and the National Republican Congressional Committee, Pete has served in Congress during a career “loaded up” with accolades and WINS, always fighting tirelessly for our America First Agenda. He is working hard to Support our Amazing Farmers and Ranchers, Cut Taxes and Regulations, Champion American Energy DOMINANCE, Promote MADE IN THE U.S.A., Keep our now very Secure Border, SECURE, Strengthen our Military/Veterans, and Protect our always under siege Second Amendment. Pete Sessions has my Complete and Total Endorsement for Re-Election — HE WILL NEVER LET YOU DOWN!"
@realDonaldTrump,2026-02-16 20:09,2026,https://truthsocial.com/@realDonaldTrump/posts/116083532769140354,"Congresswoman Monica De La Cruz is doing an incredible job representing the wonderful people of Texas’ 15th Congressional District! A very successful Small Businesswoman, Monica knows the AMERICA FIRST Policies necessary to Create GREAT Jobs, Unleash Innovation, and Restore American Energy DOMINANCE. She is fighting tirelessly to Cut Taxes and Regulations, Secure our now VERY Secure (Record Setting!) Southern Border, Champion our Farmers and American Agriculture, Support our Brave Military/Veterans, and Protect our always under siege Second Amendment. Monica De La Cruz has my Complete and Total Endorsement for Re-Election — SHE WILL NEVER LET YOU DOWN! Congresswoman Monica De La Cruz is doing an incredible job representing the wonderful people of Texas’ 15th Congressional District! A very successful Small Businesswoman, Monica knows the AMERICA FIRST Policies necessary to Create GREAT Jobs, Unleash Innovation, and Restore American Energy DOMINANCE. She is fighting tirelessly to Cut Taxes and Regulations, Secure our now VERY Secure (Record Setting!) Southern Border, Champion our Farmers and American Agriculture, Support our Brave Military/Veterans, and Protect our always under siege Second Amendment. Monica De La Cruz has my Complete and Total Endorsement for Re-Election — SHE WILL NEVER LET YOU DOWN!"
@realDonaldTrump,2026-02-16 20:08,2026,https://truthsocial.com/@realDonaldTrump/posts/116083532244475357,"Congressman Craig Goldman is an incredible Representative of Texas’ 12th Congressional District! A Fifth Generation Texan, Craig served as a State Representative for 12 years prior to becoming a distinguished and Highly Respected Congressman. In Congress, he is fighting tirelessly to Champion our Great Farmers and American Agriculture, Cut Taxes and Regulations, Advance American Energy DOMINANCE, Promote MADE IN THE U.S.A., Keep our now very Secure Border, SECURE, Stop Migrant Crime, Strengthen our Military/Veterans, and Protect our always under siege Second Amendment. Craig Goldman has my Complete and Total Endorsement for Re-Election — HE WILL NOT LET YOU DOWN! Congressman Craig Goldman is an incredible Representative of Texas’ 12th Congressional District! A Fifth Generation Texan, Craig served as a State Representative for 12 years prior to becoming a distinguished and Highly Respected Congressman. In Congress, he is fighting tirelessly to Champion our Great Farmers and American Agriculture, Cut Taxes and Regulations, Advance American Energy DOMINANCE, Promote MADE IN THE U.S.A., Keep our now very Secure Border, SECURE, Stop Migrant Crime, Strengthen our Military/Veterans, and Protect our always under siege Second Amendment. Craig Goldman has my Complete and Total Endorsement for Re-Election — HE WILL NOT LET YOU DOWN!"
@realDonaldTrump,2026-02-16 20:06,2026,https://truthsocial.com/@realDonaldTrump/posts/116083522794287716,"Congressman Brian Babin, D.D.S, is an incredible Representative of Texas’ 36th Congressional District! As the Highly Respected Chairman of the House Science Committee, Brian is fighting hard to Grow our Economy, Cut Taxes and Regulations, Champion American Energy DOMINANCE, Promote MADE IN THE U.S.A., Keep our now very Secure Border, SECURE, Strongly Support Law Enforcement and our Military, Deliver Quality Care to our Brave Veterans, and Protect our always under siege Second Amendment. Brian Babin has my Complete and Total Endorsement for Re-Election — HE WILL NEVER LET YOU DOWN! Congressman Brian Babin, D.D.S, is an incredible Representative of Texas’ 36th Congressional District! As the Highly Respected Chairman of the House Science Committee, Brian is fighting hard to Grow our Economy, Cut Taxes and Regulations, Champion American Energy DOMINANCE, Promote MADE IN THE U.S.A., Keep our now very Secure Border, SECURE, Strongly Support Law Enforcement and our Military, Deliver Quality Care to our Brave Veterans, and Protect our always under siege Second Amendment. Brian Babin has my Complete and Total Endorsement for Re-Election — HE WILL NEVER LET YOU DOWN!"
@realDonaldTrump,2026-02-16 20:06,2026,https://truthsocial.com/@realDonaldTrump/posts/116083522279284720,"It is my Great Honor to endorse America First Patriot, Eric Flores, who is running to represent the wonderful people of Texas’ 34th Congressional District. A Brave U.S. Army Veteran, and former Criminal Prosecutor, Eric knows the Wisdom and Courage it takes to Ensure LAW AND ORDER, Strongly Support our Great Heroes in Law Enforcement, and Champion our Military and Veterans. In Congress, Eric will fight tirelessly to Grow our Economy, Cut Taxes and Regulations, Promote MADE IN THE U.S.A., Advance American Energy DOMINANCE, Keep our now very Secure Border, SECURE, Stop Migrant Crime, and Protect our always under siege Second Amendment. Eric Flores has my Complete and Total Endorsement to be the next Congressman from Texas’ 34th Congressional District — HE WILL NEVER LET YOU DOWN! It is my Great Honor to endorse America First Patriot, Eric Flores, who is running to represent the wonderful people of Texas’ 34th Congressional District. A Brave U.S. Army Veteran, and former Criminal Prosecutor, Eric knows the Wisdom and Courage it takes to Ensure LAW AND ORDER, Strongly Support our Great Heroes in Law Enforcement, and Champion our Military and Veterans. In Congress, Eric will fight tirelessly to Grow our Economy, Cut Taxes and Regulations, Promote MADE IN THE U.S.A., Advance American Energy DOMINANCE, Keep our now very Secure Border, SECURE, Stop Migrant Crime, and Protect our always under siege Second Amendment. Eric Flores has my Complete and Total Endorsement to be the next Congressman from Texas’ 34th Congressional District — HE WILL NEVER LET YOU DOWN!"
@realDonaldTrump,2026-02-16 20:06,2026,https://truthsocial.com/@realDonaldTrump/posts/116083521755181713,"It is my Great Honor to endorse America First Patriot, Jace Yarbrough, who is running to represent the wonderful people of Texas’ 32nd Congressional District. A Brave Air Force Veteran, Jace knows the Wisdom and Courage required to Defend our Country, Support our Military/Veterans, and Ensure PEACE THROUGH STRENGTH. Additionally, as a very successful Stanford Law School Graduate and Business Attorney, Jace knows how to Create Jobs, Cut Taxes and Regulations, Promote MADE IN THE U.S.A., Unleash American Energy Dominance, and Champion our Nation’s Golden Age. In Congress, he will fight tirelessly to Keep our Border SECURE, Stop Migrant Crime, Ensure LAW AND ORDER, Safeguard our Elections, and Protect our always under siege Second Amendment. Jace Yarbrough has my Complete and Total Endorsement to be the next Representative from Texas’ 32nd Congressional District — HE WILL NEVER LET YOU DOWN! It is my Great Honor to endorse America First Patriot, Jace Yarbrough, who is running to represent the wonderful people of Texas’ 32nd Congressional District. A Brave Air Force Veteran, Jace knows the Wisdom and Courage required to Defend our Country, Support our Military/Veterans, and Ensure PEACE THROUGH STRENGTH. Additionally, as a very successful Stanford Law School Graduate and Business Attorney, Jace knows how to Create Jobs, Cut Taxes and Regulations, Promote MADE IN THE U.S.A., Unleash American Energy Dominance, and Champion our Nation’s Golden Age. In Congress, he will fight tirelessly to Keep our Border SECURE, Stop Migrant Crime, Ensure LAW AND ORDER, Safeguard our Elections, and Protect our always under siege Second Amendment. Jace Yarbrough has my Complete and Total Endorsement to be the next Representative from Texas’ 32nd Congressional District — HE WILL NEVER LET YOU DOWN!"
@realDonaldTrump,2026-02-16 20:05,2026,https://truthsocial.com/@realDonaldTrump/posts/116083519711241581,"Congressman Michael Cloud is a Tremendous Advocate for the Great People of Texas’ 27th Congressional District! As a Member of the POWERFUL House Appropriations Committee, Michael is fighting hard to Grow our Economy, Cut Taxes and Regulations, Promote MADE IN THE U.S.A., Advance American Energy DOMINANCE, Keep our now very Secure Border, SECURE, Stop Migrant Crime, Support our Brave Military/Veterans, and Defend our always under siege Second Amendment. Michael Cloud has my Complete and Total Endorsement for Re-Election — HE WILL NOT LET YOU DOWN! Congressman Michael Cloud is a Tremendous Advocate for the Great People of Texas’ 27th Congressional District! As a Member of the POWERFUL House Appropriations Committee, Michael is fighting hard to Grow our Economy, Cut Taxes and Regulations, Promote MADE IN THE U.S.A., Advance American Energy DOMINANCE, Keep our now very Secure Border, SECURE, Stop Migrant Crime, Support our Brave Military/Veterans, and Defend our always under siege Second Amendment. Michael Cloud has my Complete and Total Endorsement for Re-Election — HE WILL NOT LET YOU DOWN!"
@realDonaldTrump,2026-02-16 20:05,2026,https://truthsocial.com/@realDonaldTrump/posts/116083518237544490,"Congressman Brandon Gill is a “MAGA” Warrior for the wonderful people of Texas’ 26th Congressional District! I have known Brandon’s family for many years. He has an incredible wife, Danielle, two beautiful children, and a truly great father-in-law, Dinesh D’Souza. As the Freshman Class President in Congress, Brandon is doing a tremendous job advancing our AMERICA FIRST Agenda. He is working tirelessly to Grow our Economy, Cut Taxes and Regulations, Help Secure our now VERY Secure (Record Setting!) Southern Border, Stop Migrant Crime, Murderers, and other Criminals from illegally entering our Country, Strengthen our Incredible Military/Veterans, Champion American Energy DOMINANCE, and Protect our always under siege Second Amendment. Brandon Gill has my Complete and Total Endorsement for Re-Election — HE WILL NEVER LET YOU DOWN! Congressman Brandon Gill is a “MAGA” Warrior for the wonderful people of Texas’ 26th Congressional District! I have known Brandon’s family for many years. He has an incredible wife, Danielle, two beautiful children, and a truly great father-in-law, Dinesh D’Souza. As the Freshman Class President in Congress, Brandon is doing a tremendous job advancing our AMERICA FIRST Agenda. He is working tirelessly to Grow our Economy, Cut Taxes and Regulations, Help Secure our now VERY Secure (Record Setting!) Southern Border, Stop Migrant Crime, Murderers, and other Criminals from illegally entering our Country, Strengthen our Incredible Military/Veterans, Champion American Energy DOMINANCE, and Protect our always under siege Second Amendment. Brandon Gill has my Complete and Total Endorsement for Re-Election — HE WILL NEVER LET YOU DOWN!"
@realDonaldTrump,2026-02-16 20:05,2026,https://truthsocial.com/@realDonaldTrump/posts/116083517548295708,"Congressman Tony Gonzales is a terrific Representative for the wonderful people of Texas’ 23rd Congressional District! A retired Master Chief Petty Officer from the U.S. Navy, who bravely deployed to Iraq and Afghanistan, Tony knows the Wisdom and Courage that is required to Defend our Country, Support our Brave Military/Veterans, and Ensure PEACE THROUGH STRENGTH. In Congress, Tony is working hard to Grow our Economy, Cut Taxes and Regulations, Promote MADE IN THE U.S.A., Champion American Energy DOMINANCE, Keep our now very Secure Border, SECURE, and Defend our always under siege Second Amendment. Tony Gonzales has my Complete and Total Endorsement for Re-Election — HE WILL NOT LET YOU DOWN! Congressman Tony Gonzales is a terrific Representative for the wonderful people of Texas’ 23rd Congressional District! A retired Master Chief Petty Officer from the U.S. Navy, who bravely deployed to Iraq and Afghanistan, Tony knows the Wisdom and Courage that is required to Defend our Country, Support our Brave Military/Veterans, and Ensure PEACE THROUGH STRENGTH. In Congress, Tony is working hard to Grow our Economy, Cut Taxes and Regulations, Promote MADE IN THE U.S.A., Champion American Energy DOMINANCE, Keep our now very Secure Border, SECURE, and Defend our always under siege Second Amendment. Tony Gonzales has my Complete and Total Endorsement for Re-Election — HE WILL NOT LET YOU DOWN!"
@realDonaldTrump,2026-02-16 20:04,2026,https://truthsocial.com/@realDonaldTrump/posts/116083513277583218,"Congressman Jake Ellzey is an America First Patriot who is doing an incredible job representing Texas’ 6th Congressional District! A former Navy fighter pilot and Combat Veteran, Jake knows the Wisdom and Courage required to Defend our Country, Support our Brave Military/Veterans, and Ensure PEACE THROUGH STRENGTH. In Congress, he is working hard to Keep our now very Secure Border, SECURE, Stop Migrant Crime, Cut Taxes and Regulations, Unleash American Energy DOMINANCE, Promote MADE IN THE U.S.A., Grow our Economy, and Protect our always under siege Second Amendment. Jake Ellzey has my Complete and Total Endorsement for Re-Election — HE WILL NEVER LET YOU DOWN! Congressman Jake Ellzey is an America First Patriot who is doing an incredible job representing Texas’ 6th Congressional District! A former Navy fighter pilot and Combat Veteran, Jake knows the Wisdom and Courage required to Defend our Country, Support our Brave Military/Veterans, and Ensure PEACE THROUGH STRENGTH. In Congress, he is working hard to Keep our now very Secure Border, SECURE, Stop Migrant Crime, Cut Taxes and Regulations, Unleash American Energy DOMINANCE, Promote MADE IN THE U.S.A., Grow our Economy, and Protect our always under siege Second Amendment. Jake Ellzey has my Complete and Total Endorsement for Re-Election — HE WILL NEVER LET YOU DOWN!"
@realDonaldTrump,2026-02-16 20:03,2026,https://truthsocial.com/@realDonaldTrump/posts/116083512378602146,"Congressman Pat Fallon is a fantastic Representative for the wonderful People of Texas’ 4th Congressional District! An Air Force Veteran, successful Businessman, former National Championship Winning Notre Dame football player under the LEGENDARY Coach Lou Holtz, and now, as Congressman, Pat has a Proven Record of Success — He is a WARRIOR! In Congress, Pat is fighting hard to Grow the Economy, Cut Taxes and Regulations, Promote MADE IN THE U.S.A., Champion American Energy DOMINANCE, Keep our now very Secure Border, SECURE, Strengthen our Military/Veterans, Ensure LAW AND ORDER, Advance Election Integrity, and Protect our always under siege Second Amendment. Pat Fallon has my Complete and Total Endorsement for Re-Election — HE WILL NEVER LET YOU DOWN! Congressman Pat Fallon is a fantastic Representative for the wonderful People of Texas’ 4th Congressional District! An Air Force Veteran, successful Businessman, former National Championship Winning Notre Dame football player under the LEGENDARY Coach Lou Holtz, and now, as Congressman, Pat has a Proven Record of Success — He is a WARRIOR! In Congress, Pat is fighting hard to Grow the Economy, Cut Taxes and Regulations, Promote MADE IN THE U.S.A., Champion American Energy DOMINANCE, Keep our now very Secure Border, SECURE, Strengthen our Military/Veterans, Ensure LAW AND ORDER, Advance Election Integrity, and Protect our always under siege Second Amendment. Pat Fallon has my Complete and Total Endorsement for Re-Election — HE WILL NEVER LET YOU DOWN!"
@realDonaldTrump,2026-02-16 20:03,2026,https://truthsocial.com/@realDonaldTrump/posts/116083509943686365,"Congressman Keith Self is a Tremendous Advocate for the Great People of Texas’ 3rd Congressional District! A West Point Graduate and retired Army Ranger, Keith knows the Wisdom and Courage required to Defend our Country, Support our Incredible Military/Veterans, and Ensure PEACE THROUGH STRENGTH. In Congress, he is working hard to Keep our now very Secure Border, SECURE, Stop Migrant Crime, Cut Taxes and Regulations, Unleash American Energy DOMINANCE, Promote MADE IN THE U.S.A., Safeguard our Elections, and Defend our always under siege Second Amendment. Keith Self has my Complete and Total Endorsement for Re-Election — HE WILL NEVER LET YOU DOWN! Congressman Keith Self is a Tremendous Advocate for the Great People of Texas’ 3rd Congressional District! A West Point Graduate and retired Army Ranger, Keith knows the Wisdom and Courage required to Defend our Country, Support our Incredible Military/Veterans, and Ensure PEACE THROUGH STRENGTH. In Congress, he is working hard to Keep our now very Secure Border, SECURE, Stop Migrant Crime, Cut Taxes and Regulations, Unleash American Energy DOMINANCE, Promote MADE IN THE U.S.A., Safeguard our Elections, and Defend our always under siege Second Amendment. Keith Self has my Complete and Total Endorsement for Re-Election — HE WILL NEVER LET YOU DOWN!"
@realDonaldTrump,2026-02-16 19:02,2026,https://truthsocial.com/@realDonaldTrump/posts/116083271828191452,"It is my Great Honor to endorse America First Patriot Alex Mealer, who is running to represent the incredible people of Texas’ 9th Congressional District. A West Point Graduate, and Combat Decorated Army Bomb Squad Officer, Alex knows the Wisdom and Courage required to Defend our Country, Support our Military/Veterans, and Ensure PEACE THROUGH STRENGTH. A Graduate of Harvard Business School and Harvard Law School, Alex is also a successful Business Executive who knows the America First Policies necessary to Create GREAT Jobs, Cut Taxes and Regulations, Unleash Innovation, Promote MADE IN THE U.S.A., and Ensure American Energy DOMINANCE. In Congress, she will work hard to Keep our Border SECURE, Stop Migrant Crime, Ensure LAW AND ORDER, Safeguard our Elections, and Defend our always under siege Second Amendment. Alex Mealer has my Complete and Total Endorsement to be the next Representative from Texas’ 9th Congressional District. Texas: Early Voting is February 17th to 27th, and Election Day is March 3rd. GET OUT AND VOTE FOR ALEX MEALER — SHE WILL NEVER LET YOU DOWN! Find your Voting Location here: https://swampthevoteusa.com/Texas/ It is my Great Honor to endorse America First Patriot Alex Mealer, who is running to represent the incredible people of Texas’ 9th Congressional District. A West Point Graduate, and Combat Decorated Army Bomb Squad Officer, Alex knows the Wisdom and Courage required to Defend our Country, Support our Military/Veterans, and Ensure PEACE THROUGH STRENGTH. A Graduate of Harvard Business School and Harvard Law School, Alex is also a successful Business Executive who knows the America First Policies necessary to Create GREAT Jobs, Cut Taxes and Regulations, Unleash Innovation, Promote MADE IN THE U.S.A., and Ensure American Energy DOMINANCE. In Congress, she will work hard to Keep our Border SECURE, Stop Migrant Crime, Ensure LAW AND ORDER, Safeguard our Elections, and Defend our always under siege Second Amendment. Alex Mealer has my Complete and Total Endorsement to be the next Representative from Texas’ 9th Congressional District. Texas: Early Voting is February 17th to 27th, and Election Day is March 3rd. GET OUT AND VOTE FOR ALEX MEALER — SHE WILL NEVER LET YOU DOWN! Find your Voting Location here: https://swampthevoteusa.com/Texas/"
@realDonaldTrump,2026-02-16 19:02,2026,https://truthsocial.com/@realDonaldTrump/posts/116083269727224876,"It is my Great Honor to endorse Carlos De La Cruz, a fantastic America First Candidate running to be the next Congressman from Texas’ 35th Congressional District! A Brave, 20 Year Air Force Veteran, and now, as a successful Businessman, Carlos has a Proven Record of Success — He is a WINNER! In Congress, Carlos will work tirelessly to Grow the Economy, Promote our Amazing Farmers and Ranchers, Cut Taxes and Regulations, Champion MADE IN THE U.S.A., Advance American Energy DOMINANCE, Keep our Border SECURE, Strengthen our Military/Veterans, Ensure LAW AND ORDER, Advocate for Election Integrity, and Protect our always under siege Second Amendment. Carlos De La Cruz has my Complete and Total Endorsement to be the next Representative from Texas’ 35th Congressional District. Texas: Early Voting is February 17th to 27th, and Election Day is March 3rd. GET OUT AND VOTE FOR CARLOS DE LA CRUZ — HE WILL NEVER LET YOU DOWN! Find your Voting Location here: https://swampthevoteusa.com/Texas/ It is my Great Honor to endorse Carlos De La Cruz, a fantastic America First Candidate running to be the next Congressman from Texas’ 35th Congressional District! A Brave, 20 Year Air Force Veteran, and now, as a successful Businessman, Carlos has a Proven Record of Success — He is a WINNER! In Congress, Carlos will work tirelessly to Grow the Economy, Promote our Amazing Farmers and Ranchers, Cut Taxes and Regulations, Champion MADE IN THE U.S.A., Advance American Energy DOMINANCE, Keep our Border SECURE, Strengthen our Military/Veterans, Ensure LAW AND ORDER, Advocate for Election Integrity, and Protect our always under siege Second Amendment. Carlos De La Cruz has my Complete and Total Endorsement to be the next Representative from Texas’ 35th Congressional District. Texas: Early Voting is February 17th to 27th, and Election Day is March 3rd. GET OUT AND VOTE FOR CARLOS DE LA CRUZ — HE WILL NEVER LET YOU DOWN! Find your Voting Location here: https://swampthevoteusa.com/Texas/"
@realDonaldTrump,2026-02-16 13:27,2026,https://truthsocial.com/@realDonaldTrump/posts/116081952122265348,"Happy President’s Day! Prices and Inflation are Way Down. The Stock Market, and your 401k’s, are Way Up. Our Military is Strong and Powerful, Our Law Enforcement is GREAT, and Our Border is 100% Secure. Murders (YEAR 1900!) and Crime are at RECORD LOWS, and Our Country is Bigger, Better, and Stronger than EVER BEFORE!!! Working Hard - ENJOY YOUR DAY! President DJT Happy President’s Day! Prices and Inflation are Way Down. The Stock Market, and your 401k’s, are Way Up. Our Military is Strong and Powerful, Our Law Enforcement is GREAT, and Our Border is 100% Secure. Murders (YEAR 1900!) and Crime are at RECORD LOWS, and Our Country is Bigger, Better, and Stronger than EVER BEFORE!!! Working Hard - ENJOY YOUR DAY! President DJT"
@realDonaldTrump,2026-02-13 16:02,2026,https://truthsocial.com/@realDonaldTrump/posts/116065576451150055,"We cannot let the Democrats get away with NO VOTER I.D. any longer. These are horrible, disingenuous CHEATERS. They have all sorts of reasons why it shouldn’t be passed, and then boldly laugh in the backrooms after their ridiculous presentations. If it weren’t such a serious matter, it would be considered a TOTAL JOKE! No Voter I.D. is even crazier, and more ridiculous, than Men playing in Women’s Sports, Open Borders, or Transgender for Everyone. Republicans must put this at the top of every speech — It is a CAN’T MISS FOR RE-ELECTION IN THE MIDTERMS, AND BEYOND! Even Democrat Voters agree, 85%, that there should be Voter I.D. It’s only the Political “Leaders,” Crooked Losers like Schumer and Jeffries, that have no shame, and explain why it’s “racist,” and every other thing that they can think of. This is an issue that must be fought, and must be fought, NOW! If we can’t get it through Congress, there are Legal reasons why this SCAM is not permitted. I will be presenting them shortly, in the form of an Executive Order. I hope the Supreme Court realizes, as they “painstakingly” review the very simple topic of Country Saving Tariffs (Those same Tariffs that have been used, by other Countries, against the U.S.A. to drain it of its Treasure and Security — for many years!), and all sorts of other things, that are making our Country Rich, Powerful, and Safe Again, that these Corrupt and Deranged Democrats, if they ever gain power, will not only be adding two States to our roster of 50, with all of the baggage thereto, but will also PACK THE COURT with a total of 21 Supreme Court Justices, THEIR DREAM, which they will submit easily and rapidly when they immediately move to terminate the Filibuster, probably in their first week, or sooner. Our Country will never be the same if they allow these demented and evil people to knowingly, and happily, destroy it. Thank you for your attention to this matter — SAVE AMERICA! PRESIDENT DONALD J. TRUMP We cannot let the Democrats get away with NO VOTER I.D. any longer. These are horrible, disingenuous CHEATERS. They have all sorts of reasons why it shouldn’t be passed, and then boldly laugh in the backrooms after their ridiculous presentations. If it weren’t such a serious matter, it would be considered a TOTAL JOKE! No Voter I.D. is even crazier, and more ridiculous, than Men playing in Women’s Sports, Open Borders, or Transgender for Everyone. Republicans must put this at the top of every speech — It is a CAN’T MISS FOR RE-ELECTION IN THE MIDTERMS, AND BEYOND! Even Democrat Voters agree, 85%, that there should be Voter I.D. It’s only the Political “Leaders,” Crooked Losers like Schumer and Jeffries, that have no shame, and explain why it’s “racist,” and every other thing that they can think of. This is an issue that must be fought, and must be fought, NOW! If we can’t get it through Congress, there are Legal reasons why this SCAM is not permitted. I will be presenting them shortly, in the form of an Executive Order. I hope the Supreme Court realizes, as they “painstakingly” review the very simple topic of Country Saving Tariffs (Those same Tariffs that have been used, by other Countries, against the U.S.A. to drain it of its Treasure and Security — for many years!), and all sorts of other things, that are making our Country Rich, Powerful, and Safe Again, that these Corrupt and Deranged Democrats, if they ever gain power, will not only be adding two States to our roster of 50, with all of the baggage thereto, but will also PACK THE COURT with a total of 21 Supreme Court Justices, THEIR DREAM, which they will submit easily and rapidly when they immediately move to terminate the Filibuster, probably in their first week, or sooner. Our Country will never be the same if they allow these demented and evil people to knowingly, and happily, destroy it. Thank you for your attention to this matter — SAVE AMERICA! PRESIDENT DONALD J. TRUMP"
@realDonaldTrump,2026-02-13 15:35,2026,https://truthsocial.com/@realDonaldTrump/posts/116065471857020644,"The Democrats refuse to vote for Voter I.D., or Citizenship. The reason is very simple — They want to continue to cheat in Elections. This was not what our Founders desired. I have searched the depths of Legal Arguments not yet articulated or vetted on this subject, and will be presenting an irrefutable one in the very near future. There will be Voter I.D. for the Midterm Elections, whether approved by Congress or not! Also, the People of our Country are insisting on Citizenship, and No Mail-In Ballots, with exceptions for Military, Disability, Illness, or Travel. Thank you for your attention to this matter! PRESIDENT DONALD J. TRUMP The Democrats refuse to vote for Voter I.D., or Citizenship. The reason is very simple — They want to continue to cheat in Elections. This was not what our Founders desired. I have searched the depths of Legal Arguments not yet articulated or vetted on this subject, and will be presenting an irrefutable one in the very near future. There will be Voter I.D. for the Midterm Elections, whether approved by Congress or not! Also, the People of our Country are insisting on Citizenship, and No Mail-In Ballots, with exceptions for Military, Disability, Illness, or Travel. Thank you for your attention to this matter! PRESIDENT DONALD J. TRUMP"
@realDonaldTrump,2026-02-13 17:33,2026,https://truthsocial.com/@realDonaldTrump/posts/116065934097816593,Secretary Kristi Noem addresses election security in Arizona:https://m.youtube.com/watch?v=adBYevXGxJ8 Secretary Kristi Noem addresses election security in Arizona:https://m.youtube.com/watch?v=adBYevXGxJ8
@realDonaldTrump,2026-02-13 17:31,2026,https://truthsocial.com/@realDonaldTrump/posts/116065926200307090,null
@realDonaldTrump,2026-02-13 17:30,2026,https://truthsocial.com/@realDonaldTrump/posts/116065923985625652,null
@realDonaldTrump,2026-02-13 16:54,2026,https://truthsocial.com/@realDonaldTrump/posts/116065782169280901,"Repeat Violent Offender DeCarlos Brown Jr. was put on the streets by Radical Roy Cooper, and his soft-on-crime agenda. He then went on to BRUTALLY murder Iryna Zarutska aboard the Charlotte light rail. We have learned that this MONSTER appears as part of a SECRET settlement made between Radical Roy and Far Left Activists to release 3,500 inmates from prison. Roy Cooper put Violent Criminals back on the streets. He has DISGRACED North Carolina, and disqualified himself from public office! LAW AND ORDER is coming back. Michael Whatley will stand with me to restore SAFETY, crush these INSANE Leftwing Policies, and put North Carolina, FIRST. Michael Whatley has my COMPLETE AND TOTAL ENDORSEMENT — HE WILL NEVER LET YOU DOWN! Repeat Violent Offender DeCarlos Brown Jr. was put on the streets by Radical Roy Cooper, and his soft-on-crime agenda. He then went on to BRUTALLY murder Iryna Zarutska aboard the Charlotte light rail. We have learned that this MONSTER appears as part of a SECRET settlement made between Radical Roy and Far Left Activists to release 3,500 inmates from prison. Roy Cooper put Violent Criminals back on the streets. He has DISGRACED North Carolina, and disqualified himself from public office! LAW AND ORDER is coming back. Michael Whatley will stand with me to restore SAFETY, crush these INSANE Leftwing Policies, and put North Carolina, FIRST. Michael Whatley has my COMPLETE AND TOTAL ENDORSEMENT — HE WILL NEVER LET YOU DOWN!"
@realDonaldTrump,2026-02-13 09:41,2026,https://truthsocial.com/@realDonaldTrump/posts/116064077737153290,"Highly Respected Prime Minister of Hungary, Viktor Orbán, is a truly strong and powerful Leader, with a proven track record of delivering phenomenal results. He fights tirelessly for, and loves, his Great Country and People, just like I do for the United States of America. Viktor works hard to Protect Hungary, Grow the Economy, Create Jobs, Promote Trade, Stop Illegal Immigration, and Ensure LAW AND ORDER! Relations between Hungary and the United States have reached new heights of cooperation and spectacular achievement under my Administration, thanks largely to Prime Minister Orbán. I look forward to continuing working closely with him so that both of our Countries can further advance this tremendous path to SUCCESS and cooperation. I was proud to ENDORSE Viktor for Re-Election in 2022, and am honored to do so again. Viktor Orbán is a true friend, fighter, and WINNER, and has my Complete and Total Endorsement for Re-Election as Prime Minister of Hungary — HE WILL NEVER LET THE GREAT PEOPLE OF HUNGARY DOWN! PRESIDENT DONALD J. TRUMP Highly Respected Prime Minister of Hungary, Viktor Orbán, is a truly strong and powerful Leader, with a proven track record of delivering phenomenal results. He fights tirelessly for, and loves, his Great Country and People, just like I do for the United States of America. Viktor works hard to Protect Hungary, Grow the Economy, Create Jobs, Promote Trade, Stop Illegal Immigration, and Ensure LAW AND ORDER! Relations between Hungary and the United States have reached new heights of cooperation and spectacular achievement under my Administration, thanks largely to Prime Minister Orbán. I look forward to continuing working closely with him so that both of our Countries can further advance this tremendous path to SUCCESS and cooperation. I was proud to ENDORSE Viktor for Re-Election in 2022, and am honored to do so again. Viktor Orbán is a true friend, fighter, and WINNER, and has my Complete and Total Endorsement for Re-Election as Prime Minister of Hungary — HE WILL NEVER LET THE GREAT PEOPLE OF HUNGARY DOWN! PRESIDENT DONALD J. TRUMP"
@realDonaldTrump,2026-02-12 16:06,2026,https://truthsocial.com/@realDonaldTrump/posts/116059929149671133,Trump has reversed the Biden-made manufacturing decline: https://www.washingtontimes.com/news/2026/feb/10/trump-reversed-biden-made-manufacturing-decline/ Trump has reversed the Biden-made manufacturing decline: https://www.washingtontimes.com/news/2026/feb/10/trump-reversed-biden-made-manufacturing-decline/
@realDonaldTrump,2026-02-12 10:06,2026,https://truthsocial.com/@realDonaldTrump/posts/116058514459647451,"Dow 50,000: Why Wall Street Keeps Misunderstanding Trumpnomics: https://www.realclearmarkets.com/articles/2026/02/09/dow_50000_why_wall_street_keeps_misunderstanding_trumpnomics_1163575.html Dow 50,000: Why Wall Street Keeps Misunderstanding Trumpnomics: https://www.realclearmarkets.com/articles/2026/02/09/dow_50000_why_wall_street_keeps_misunderstanding_trumpnomics_1163575.html"
@realDonaldTrump,2026-02-12 09:43,2026,https://truthsocial.com/@realDonaldTrump/posts/116058424559317277,"Remember, it was RINO Governor Kevin Stitt, of Oklahoma, who was massively behind his Opponent in his previous Election for Governor, who called me to ask for help. I Endorsed him (Barely!), and he won his Race. He then went on to modestly represent among the greatest people on Earth, the incredible Patriots of “The Sooner State,” who gave me unprecedented Voting acclimation in all three Elections, winning every County within the State, three times, and getting more Votes than anyone who has ever run for Office, including the Late, Great Ronald Reagan. In any event, we will soon have a Governor in Oklahoma who knows how to accurately write a Press Release to the Public, in this case, to state that I invited, not happily, almost all Democrat Governors to the Governor’s Dinner at the White House. Stitt, a wiseguy, knew this, but tried to get some cheap publicity by stating otherwise. Anyway, I’ll see whoever shows up at the White House, the fewer the better! PRESIDENT DONALD J. TRUMP Remember, it was RINO Governor Kevin Stitt, of Oklahoma, who was massively behind his Opponent in his previous Election for Governor, who called me to ask for help. I Endorsed him (Barely!), and he won his Race. He then went on to modestly represent among the greatest people on Earth, the incredible Patriots of “The Sooner State,” who gave me unprecedented Voting acclimation in all three Elections, winning every County within the State, three times, and getting more Votes than anyone who has ever run for Office, including the Late, Great Ronald Reagan. In any event, we will soon have a Governor in Oklahoma who knows how to accurately write a Press Release to the Public, in this case, to state that I invited, not happily, almost all Democrat Governors to the Governor’s Dinner at the White House. Stitt, a wiseguy, knew this, but tried to get some cheap publicity by stating otherwise. Anyway, I’ll see whoever shows up at the White House, the fewer the better! PRESIDENT DONALD J. TRUMP"
@realDonaldTrump,2026-02-12 09:43,2026,https://truthsocial.com/@realDonaldTrump/posts/116058422580851345,"It is my Great Honor to nominate Evan Rikhye to the U.S. District Court for the District of the Virgin Islands. A proud Graduate of American University, Evan has distinguished himself as a Federal Prosecutor, Department of Justice Attorney, and Assistant U.S. Attorney for the Virgin Islands — He will make an even better Judge! Throughout his career, Evan has demonstrated his commitment to the Rule of Law, and will always defend Liberty and Justice for ALL. Congratulations Evan! It is my Great Honor to nominate Evan Rikhye to the U.S. District Court for the District of the Virgin Islands. A proud Graduate of American University, Evan has distinguished himself as a Federal Prosecutor, Department of Justice Attorney, and Assistant U.S. Attorney for the Virgin Islands — He will make an even better Judge! Throughout his career, Evan has demonstrated his commitment to the Rule of Law, and will always defend Liberty and Justice for ALL. Congratulations Evan!"
@realDonaldTrump,2026-02-11 22:01,2026,https://truthsocial.com/@realDonaldTrump/posts/116055662880379359,null
@realDonaldTrump,2026-02-11 21:56,2026,https://truthsocial.com/@realDonaldTrump/posts/116055642128125203,null
@realDonaldTrump,2026-02-11 17:16,2026,https://truthsocial.com/@realDonaldTrump/posts/116054544240272433,"Canada has taken advantage of the United States on Trade for many years. They are among the worst in the World to deal with, especially as it relates to our Northern Border. TARIFFS make a WIN for us, EASY. Republicans must keep it that way! PRESIDENT DONALD J. TRUMP Canada has taken advantage of the United States on Trade for many years. They are among the worst in the World to deal with, especially as it relates to our Northern Border. TARIFFS make a WIN for us, EASY. Republicans must keep it that way! PRESIDENT DONALD J. TRUMP"
@realDonaldTrump,2026-02-11 17:16,2026,https://truthsocial.com/@realDonaldTrump/posts/116054542648712986,"Any Republican, in the House or the Senate, that votes against TARIFFS will seriously suffer the consequences come Election time, and that includes Primaries! Our Trade Deficit has been reduced by 78%, the Dow Jones has just hit 50,000, and the S&P, 7,000, all Numbers that were considered IMPOSSIBLE just one year ago. In addition, TARIFFS have given us Great National Security because the mere mention of the word has Countries agreeing to our strongest wishes. TARIFFS have given us Economic and National Security, and no Republican should be responsible for destroying this privilege. PRESIDENT DONALD J. TRUMP Any Republican, in the House or the Senate, that votes against TARIFFS will seriously suffer the consequences come Election time, and that includes Primaries! Our Trade Deficit has been reduced by 78%, the Dow Jones has just hit 50,000, and the S&P, 7,000, all Numbers that were considered IMPOSSIBLE just one year ago. In addition, TARIFFS have given us Great National Security because the mere mention of the word has Countries agreeing to our strongest wishes. TARIFFS have given us Economic and National Security, and no Republican should be responsible for destroying this privilege. PRESIDENT DONALD J. TRUMP"
@realDonaldTrump,2026-02-11 15:21,2026,https://truthsocial.com/@realDonaldTrump/posts/116054089500353661,"The RINO Governor of the Great State of Oklahoma, in which I won all 77 Counties, three times (The only person to do so!), incorrectly stated my position on the very exclusive Governors Annual Dinner and Meeting at the White House: “The White House intends to limit invitations to the annual business meeting, scheduled for February 20th, to Republican Governors only.” That is false! The invitations were sent to ALL Governors, other than two, who I feel are not worthy of being there. I did not invite the Governor of Colorado, who has unfairly incarcerated in solitary confinement a 73-year-old cancer stricken woman (A nine year term!), for attempting to fight Democrat Voter Fraud, plus the foul mouthed Governor of Maryland, who fraudulently stated that he received Military medals, A LIE, is doing a terrible job on the rebuilding of the Francis Scott Key Bridge, and has allowed Baltimore to continue to be a Crime Disaster. I even invited the SLOB of a Governor, JB Pritzker, and horrendous California Governor, Gavin Newscum, to the Dinner, despite the terrible job that they are doing. So, as usual with him, Stitt got it WRONG! The Invitations were sent out to all other Governors, Democrat and Republican. I look forward to seeing the Republican Governors, and some of the Democrats Governors who were worthy of being invited, but most of whom won’t show up. Thank you for your attention to this matter! PRESIDENT DONALD J. TRUMP The RINO Governor of the Great State of Oklahoma, in which I won all 77 Counties, three times (The only person to do so!), incorrectly stated my position on the very exclusive Governors Annual Dinner and Meeting at the White House: “The White House intends to limit invitations to the annual business meeting, scheduled for February 20th, to Republican Governors only.” That is false! The invitations were sent to ALL Governors, other than two, who I feel are not worthy of being there. I did not invite the Governor of Colorado, who has unfairly incarcerated in solitary confinement a 73-year-old cancer stricken woman (A nine year term!), for attempting to fight Democrat Voter Fraud, plus the foul mouthed Governor of Maryland, who fraudulently stated that he received Military medals, A LIE, is doing a terrible job on the rebuilding of the Francis Scott Key Bridge, and has allowed Baltimore to continue to be a Crime Disaster. I even invited the SLOB of a Governor, JB Pritzker, and horrendous California Governor, Gavin Newscum, to the Dinner, despite the terrible job that they are doing. So, as usual with him, Stitt got it WRONG! The Invitations were sent out to all other Governors, Democrat and Republican. I look forward to seeing the Republican Governors, and some of the Democrats Governors who were worthy of being invited, but most of whom won’t show up. Thank you for your attention to this matter! PRESIDENT DONALD J. TRUMP"
@realDonaldTrump,2026-02-11 08:44,2026,https://truthsocial.com/@realDonaldTrump/posts/116052530788677155,How quickly people forget. So sad! President DJT How quickly people forget. So sad! President DJT
@realDonaldTrump,2026-02-11 08:41,2026,https://truthsocial.com/@realDonaldTrump/posts/116052519446452332,null
@realDonaldTrump,2026-02-11 08:39,2026,https://truthsocial.com/@realDonaldTrump/posts/116052509995375648,null
@realDonaldTrump,2026-02-11 08:39,2026,https://truthsocial.com/@realDonaldTrump/posts/116052508598427779,null
@realDonaldTrump,2026-02-11 08:38,2026,https://truthsocial.com/@realDonaldTrump/posts/116052504406545203,null
@realDonaldTrump,2026-02-11 08:37,2026,https://truthsocial.com/@realDonaldTrump/posts/116052503337013015,null
@realDonaldTrump,2026-02-11 08:36,2026,https://truthsocial.com/@realDonaldTrump/posts/116052496277232069,null
@realDonaldTrump,2026-02-11 08:34,2026,https://truthsocial.com/@realDonaldTrump/posts/116052491954589130,null
@realDonaldTrump,2026-02-11 08:33,2026,https://truthsocial.com/@realDonaldTrump/posts/116052485407330071,null
@realDonaldTrump,2026-02-11 08:32,2026,https://truthsocial.com/@realDonaldTrump/posts/116052482209097467,null
@realDonaldTrump,2026-02-11 08:29,2026,https://truthsocial.com/@realDonaldTrump/posts/116052470064146254,null
@realDonaldTrump,2026-02-11 08:29,2026,https://truthsocial.com/@realDonaldTrump/posts/116052468945665197,null
@realDonaldTrump,2026-02-11 08:23,2026,https://truthsocial.com/@realDonaldTrump/posts/116052446578832906,null
@realDonaldTrump,2026-02-11 05:16,2026,https://truthsocial.com/@realDonaldTrump/posts/116051710786898097,null
@realDonaldTrump,2026-02-11 05:13,2026,https://truthsocial.com/@realDonaldTrump/posts/116051699816487318,null
@realDonaldTrump,2026-02-11 05:13,2026,https://truthsocial.com/@realDonaldTrump/posts/116051698712646534,null
@realDonaldTrump,2026-02-11 05:12,2026,https://truthsocial.com/@realDonaldTrump/posts/116051697370308230,A must watch. 100% Correct. MAGA! A must watch. 100% Correct. MAGA!
@realDonaldTrump,2026-02-11 05:11,2026,https://truthsocial.com/@realDonaldTrump/posts/116051692757983702,null
@realDonaldTrump,2026-02-10 17:52,2026,https://truthsocial.com/@realDonaldTrump/posts/116049022411044647,"Congressman Brian Mast is a MAGA Warrior and Fantastic Advocate for Florida’s 21st Congressional District! As the Chairman of my WINNING 2024 Campaign’s Veterans for Trump Coalition, Brian is a true American Hero and Patriot. He knows the Wisdom and Courage required to Defend our Country, Support our Brave Military/Veterans, and Ensure PEACE THROUGH STRENGTH. In Congress, he is fighting hard to Grow the Economy, Cut Taxes and Regulations, Promote MADE IN THE U.S.A., Champion American Energy DOMINANCE, Keep our Border SECURE, Ensure PEACE THROUGH STRENGTH, and Protect our always under siege Second Amendment. Brian Mast has my Complete and Total Endorsement for Re-Election — HE WILL NEVER LET YOU DOWN! Congressman Brian Mast is a MAGA Warrior and Fantastic Advocate for Florida’s 21st Congressional District! As the Chairman of my WINNING 2024 Campaign’s Veterans for Trump Coalition, Brian is a true American Hero and Patriot. He knows the Wisdom and Courage required to Defend our Country, Support our Brave Military/Veterans, and Ensure PEACE THROUGH STRENGTH. In Congress, he is fighting hard to Grow the Economy, Cut Taxes and Regulations, Promote MADE IN THE U.S.A., Champion American Energy DOMINANCE, Keep our Border SECURE, Ensure PEACE THROUGH STRENGTH, and Protect our always under siege Second Amendment. Brian Mast has my Complete and Total Endorsement for Re-Election — HE WILL NEVER LET YOU DOWN!"
@realDonaldTrump,2026-02-10 17:52,2026,https://truthsocial.com/@realDonaldTrump/posts/116049020221132395,"Congressman Daniel Webster is doing an incredible job representing the Great People of Florida’s 11th Congressional District! A successful Businessman, Daniel knows the AMERICA FIRST Policies necessary to Create GREAT Jobs, Promote MADE IN THE U.S.A., Unleash Innovation, and Advance American Energy DOMINANCE. In Congress, he is fighting tirelessly to Grow our Economy, Cut Taxes and Regulations, Keep our Border SECURE, Stop Migrant Crime, Support our Brave Military/Veterans, and Protect our always under siege Second Amendment. Daniel Webster has my Complete and Total Endorsement for Re-Election — HE WILL NEVER LET YOU DOWN! Congressman Daniel Webster is doing an incredible job representing the Great People of Florida’s 11th Congressional District! A successful Businessman, Daniel knows the AMERICA FIRST Policies necessary to Create GREAT Jobs, Promote MADE IN THE U.S.A., Unleash Innovation, and Advance American Energy DOMINANCE. In Congress, he is fighting tirelessly to Grow our Economy, Cut Taxes and Regulations, Keep our Border SECURE, Stop Migrant Crime, Support our Brave Military/Veterans, and Protect our always under siege Second Amendment. Daniel Webster has my Complete and Total Endorsement for Re-Election — HE WILL NEVER LET YOU DOWN!"
@realDonaldTrump,2026-02-10 17:51,2026,https://truthsocial.com/@realDonaldTrump/posts/116049018753880504,"Congressman Cory Mills is an America First Patriot and Tremendous Champion for the Great People of Florida’s 7th Congressional District! A Successful Entrepreneur, and Brave U.S. Army Combat Veteran and Bronze Star recipient, Cory knows what is required to Defend our Country, Support our Military/Veterans, and Ensure PEACE THROUGH STRENGTH. In Congress, he is fighting tirelessly to Keep our Border SECURE, Stop Migrant Crime, Grow our Economy, Cut Taxes and Regulations, Unleash American Energy DOMINANCE, Promote MADE IN THE U.S.A., Safeguard our Elections, and Defend our always under siege Second Amendment. Cory Mills has my Complete and Total Endorsement for Re-Election — HE WILL NOT LET YOU DOWN! Congressman Cory Mills is an America First Patriot and Tremendous Champion for the Great People of Florida’s 7th Congressional District! A Successful Entrepreneur, and Brave U.S. Army Combat Veteran and Bronze Star recipient, Cory knows what is required to Defend our Country, Support our Military/Veterans, and Ensure PEACE THROUGH STRENGTH. In Congress, he is fighting tirelessly to Keep our Border SECURE, Stop Migrant Crime, Grow our Economy, Cut Taxes and Regulations, Unleash American Energy DOMINANCE, Promote MADE IN THE U.S.A., Safeguard our Elections, and Defend our always under siege Second Amendment. Cory Mills has my Complete and Total Endorsement for Re-Election — HE WILL NOT LET YOU DOWN!"
@realDonaldTrump,2026-02-10 17:50,2026,https://truthsocial.com/@realDonaldTrump/posts/116049014529870682,"Congressman Aaron Bean is a Tremendous Champion for Florida’s 4th Congressional District! As a Member of the POWERFUL Ways & Means Committee, Aaron knows the America First Policies required to Create GREAT Jobs, Cut Taxes and Regulations, Advance MADE IN THE U.S.A., Unleash American Energy DOMINANCE, and Champion our Nation’s Golden Age. He is also fighting tirelessly to Keep our Border SECURE, Stop Migrant Crime, Ensure LAW AND ORDER, Strengthen our Brave Military/Veterans, and Defend our always under siege Second Amendment. Aaron Bean has my Complete and Total Endorsement for Re-Election — HE WILL NEVER LET YOU DOWN! Congressman Aaron Bean is a Tremendous Champion for Florida’s 4th Congressional District! As a Member of the POWERFUL Ways & Means Committee, Aaron knows the America First Policies required to Create GREAT Jobs, Cut Taxes and Regulations, Advance MADE IN THE U.S.A., Unleash American Energy DOMINANCE, and Champion our Nation’s Golden Age. He is also fighting tirelessly to Keep our Border SECURE, Stop Migrant Crime, Ensure LAW AND ORDER, Strengthen our Brave Military/Veterans, and Defend our always under siege Second Amendment. Aaron Bean has my Complete and Total Endorsement for Re-Election — HE WILL NEVER LET YOU DOWN!"
@realDonaldTrump,2026-02-10 12:41,2026,https://truthsocial.com/@realDonaldTrump/posts/116047799547098230,"Two views of the Great Ballroom being built on the site of our wonderful White House — It is on budget, and ahead of schedule! When completed, it will be the finest Ballroom ever built anywhere in the World, one that has been sought by Presidents for over 150 years — and now they are getting THE BEST! Because of its unprecedented structural, safety, and security features, it will also be used for future Presidential Inaugurations. Thank you for your attention to this matter! PRESIDENT DONALD J. TRUMP Two views of the Great Ballroom being built on the site of our wonderful White House — It is on budget, and ahead of schedule! When completed, it will be the finest Ballroom ever built anywhere in the World, one that has been sought by Presidents for over 150 years — and now they are getting THE BEST! Because of its unprecedented structural, safety, and security features, it will also be used for future Presidential Inaugurations. Thank you for your attention to this matter! PRESIDENT DONALD J. TRUMP"
@realDonaldTrump,2026-02-10 05:34,2026,https://truthsocial.com/@realDonaldTrump/posts/116046118344224496,null
@realDonaldTrump,2026-02-10 05:31,2026,https://truthsocial.com/@realDonaldTrump/posts/116046109857035638,null
@realDonaldTrump,2026-02-10 05:30,2026,https://truthsocial.com/@realDonaldTrump/posts/116046105720384259,null
@realDonaldTrump,2026-02-10 01:32,2026,https://truthsocial.com/@realDonaldTrump/posts/116045166812782623,"Federal appeals court hands Trump big win, ends protections for migrants from three nations: https://justthenews.com/government/courts-law/federal-appeals-court-california-allows-dhs-end-tps-migrants-three-countries/ Federal appeals court hands Trump big win, ends protections for migrants from three nations: https://justthenews.com/government/courts-law/federal-appeals-court-california-allows-dhs-end-tps-migrants-three-countries/"
@realDonaldTrump,2026-02-09 16:43,2026,https://truthsocial.com/@realDonaldTrump/posts/116043090074364624,"As everyone knows, the Country of Canada has treated the United States very unfairly for decades. Now, things are turning around for the U.S.A., and FAST! But imagine, Canada is building a massive bridge between Ontario and Michigan. They own both the Canada and the United States side and, of course, built it with virtually no U.S. content. President Barack Hussein Obama stupidly gave them a waiver so they could get around the BUY AMERICAN Act, and not use any American products, including our Steel. Now, the Canadian Government expects me, as President of the United States, to PERMIT them to just “take advantage of America!” What does the United States of America get — Absolutely NOTHING! Ontario won't even put U.S. spirits, beverages, and other alcoholic products, on their shelves, they are absolutely prohibited from doing so and now, on top of everything else, Prime Minister Carney wants to make a deal with China — which will eat Canada alive. We’ll just get the leftovers! I don't think so. The first thing China will do is terminate ALL Ice Hockey being played in Canada, and permanently eliminate The Stanley Cup. The Tariffs Canada charges us for our Dairy products have, for many years, been unacceptable, putting our Farmers at great financial risk. I will not allow this bridge to open until the United States is fully compensated for everything we have given them, and also, importantly, Canada treats the United States with the Fairness and Respect that we deserve. We will start negotiations, IMMEDIATELY. With all that we have given them, we should own, perhaps, at least one half of this asset. The revenues generated because of the U.S. Market will be astronomical. Thank you for your attention to this matter!PRESIDENT DONALD J. TRUMP As everyone knows, the Country of Canada has treated the United States very unfairly for decades. Now, things are turning around for the U.S.A., and FAST! But imagine, Canada is building a massive bridge between Ontario and Michigan. They own both the Canada and the United States side and, of course, built it with virtually no U.S. content. President Barack Hussein Obama stupidly gave them a waiver so they could get around the BUY AMERICAN Act, and not use any American products, including our Steel. Now, the Canadian Government expects me, as President of the United States, to PERMIT them to just “take advantage of America!” What does the United States of America get — Absolutely NOTHING! Ontario won't even put U.S. spirits, beverages, and other alcoholic products, on their shelves, they are absolutely prohibited from doing so and now, on top of everything else, Prime Minister Carney wants to make a deal with China — which will eat Canada alive. We’ll just get the leftovers! I don't think so. The first thing China will do is terminate ALL Ice Hockey being played in Canada, and permanently eliminate The Stanley Cup. The Tariffs Canada charges us for our Dairy products have, for many years, been unacceptable, putting our Farmers at great financial risk. I will not allow this bridge to open until the United States is fully compensated for everything we have given them, and also, importantly, Canada treats the United States with the Fairness and Respect that we deserve. We will start negotiations, IMMEDIATELY. With all that we have given them, we should own, perhaps, at least one half of this asset. The revenues generated because of the U.S. Market will be astronomical. Thank you for your attention to this matter! PRESIDENT DONALD J. TRUMP"
@realDonaldTrump,2026-02-08 22:47,2026,https://truthsocial.com/@realDonaldTrump/posts/116038858773552947,null
@realDonaldTrump,2026-02-08 22:47,2026,https://truthsocial.com/@realDonaldTrump/posts/116038855915542460,California governor race thrown into chaos as Democrat candidate Eric Swalwell is accused of lying about living in state: https://www.dailymail.co.uk/news/article-15463777/California-governor-race-Democrat-candidate-Eric-Swalwell-lying-living-state.html California governor race thrown into chaos as Democrat candidate Eric Swalwell is accused of lying about living in state: https://www.dailymail.co.uk/news/article-15463777/California-governor-race-Democrat-candidate-Eric-Swalwell-lying-living-state.html
@realDonaldTrump,2026-02-08 17:35,2026,https://truthsocial.com/@realDonaldTrump/posts/116037628806861509,Great job by Michael and Susan Dell on https://InvestAmerica.org — These are truly spectacular people! Great job by Michael and Susan Dell on https://InvestAmerica.org — These are truly spectacular people!
@realDonaldTrump,2026-02-08 17:13,2026,https://truthsocial.com/@realDonaldTrump/posts/116037545036564953,"Congratulations to Prime Minister Sanae Takaichi and her Coalition on a LANDSLIDE Victory in today’s very important Vote. She is a highly respected and very popular Leader. Sanae’s bold and wise decision to call for an Election paid off big time. Her Party now runs the Legislature, holding a HISTORIC TWO THIRDS SUPERMAJORITY — The first time since World War Il. Sanae: It was my Honor to Endorse you and your Coalition. I wish you Great Success in passing your Conservative, Peace Through Strength Agenda. The wonderful people of Japan, who voted with such enthusiasm, will always have my strong support. PRESIDENT DONALD J. TRUMP Congratulations to Prime Minister Sanae Takaichi and her Coalition on a LANDSLIDE Victory in today’s very important Vote. She is a highly respected and very popular Leader. Sanae’s bold and wise decision to call for an Election paid off big time. Her Party now runs the Legislature, holding a HISTORIC TWO THIRDS SUPERMAJORITY — The first time since World War Il. Sanae: It was my Honor to Endorse you and your Coalition. I wish you Great Success in passing your Conservative, Peace Through Strength Agenda. The wonderful people of Japan, who voted with such enthusiasm, will always have my strong support. PRESIDENT DONALD J. TRUMP"
@realDonaldTrump,2026-02-08 09:43,2026,https://truthsocial.com/@realDonaldTrump/posts/116035773358024034,"America’s Elections are Rigged, Stolen, and a Laughingstock all over the World. We are either going to fix them, or we won’t have a Country any longer. I am asking all Republicans to fight for the following: SAVE AMERICA ACT! 1. ALL VOTERS MUST SHOW VOTER ID (IDENTIFICATION!). 2. ALL VOTERS MUST SHOW PROOF OF UNITED STATES CITIZENSHIP TO REGISTER FOR VOTING. 3. NO MAIL-IN BALLOTS (EXCEPT FOR ILLNESS, DISABILITY, MILITARY, OR TRAVEL!). America’s Elections are Rigged, Stolen, and a Laughingstock all over the World. We are either going to fix them, or we won’t have a Country any longer. I am asking all Republicans to fight for the following: SAVE AMERICA ACT! 1. ALL VOTERS MUST SHOW VOTER ID (IDENTIFICATION!). 2. ALL VOTERS MUST SHOW PROOF OF UNITED STATES CITIZENSHIP TO REGISTER FOR VOTING. 3. NO MAIL-IN BALLOTS (EXCEPT FOR ILLNESS, DISABILITY, MILITARY, OR TRAVEL!)."
@realDonaldTrump,2026-02-07 22:20,2026,https://truthsocial.com/@realDonaldTrump/posts/116033087763930366,Poll: Majority prefer Trump's immigration policies over Biden's: https://justthenews.com/nation/states/center-square/poll-majority-prefer-trumps-immigration-policies-over-bidens/ Poll: Majority prefer Trump's immigration policies over Biden's: https://justthenews.com/nation/states/center-square/poll-majority-prefer-trumps-immigration-policies-over-bidens/
@realDonaldTrump,2026-02-07 22:19,2026,https://truthsocial.com/@realDonaldTrump/posts/116033085893903796,Appeals court sides with Trump admin with mass detention ruling: https://justthenews.com/government/courts-law/appeals-court-sides-trump-admin-mass-detention-ruling/ Appeals court sides with Trump admin with mass detention ruling: https://justthenews.com/government/courts-law/appeals-court-sides-trump-admin-mass-detention-ruling/
@realDonaldTrump,2026-02-07 20:55,2026,https://truthsocial.com/@realDonaldTrump/posts/116032756566803491,"I had a very important meeting with my friend, and the President of Honduras, Nasry “Tito” Asfura, today at Mar-a-Lago in Palm Beach, Florida. It was my Great Honor to support Tito's Campaign. Once I gave him my strongEndorsement, he won his Election! Tito and I share many of the same America First Values. We have a close partnership on Security, working together to counter dangerous Cartels and Drug Traffickers, and deporting Illegal Migrants and Gang Members out of the United States. We discussed many other issues, including Investment and Trade between our two Countries. He loves the people of Honduras, and is focused on their Health, Well-being, Education, and Economic Prosperity. I look forward to welcoming President Asfura back to the United States. Tito: Congratulations on your Great Victory! PRESIDENT DONALD J. TRUMP I had a very important meeting with my friend, and the President of Honduras, Nasry “Tito” Asfura, today at Mar-a-Lago in Palm Beach, Florida. It was my Great Honor to support Tito's Campaign. Once I gave him my strongEndorsement, he won his Election! Tito and I share many of the same America First Values. We have a close partnership on Security, working together to counter dangerous Cartels and Drug Traffickers, and deporting Illegal Migrants and Gang Members out of the United States. We discussed many other issues, including Investment and Trade between our two Countries. He loves the people of Honduras, and is focused on their Health, Well-being, Education, and Economic Prosperity. I look forward to welcoming President Asfura back to the United States. Tito: Congratulations on your Great Victory! PRESIDENT DONALD J. TRUMP"
@realDonaldTrump,2026-02-07 08:20,2026,https://truthsocial.com/@realDonaldTrump/posts/116029787218135275,Appeals court sides with Trump admin with mass detention ruling: https://justthenews.com/government/courts-law/appeals-court-sides-trump-admin-mass-detention-ruling/ Appeals court sides with Trump admin with mass detention ruling: https://justthenews.com/government/courts-law/appeals-court-sides-trump-admin-mass-detention-ruling/
@realDonaldTrump,2026-02-06 21:42,2026,https://truthsocial.com/@realDonaldTrump/posts/116027276004100776,Ruddy to Schmitt: Trump 'Liberator' of Latin America: https://www.newsmax.com/newsmax-tv/chris-ruddy-rob-schmitt-trump/2026/02/06/id/1245151/ Ruddy to Schmitt: Trump 'Liberator' of Latin America: https://www.newsmax.com/newsmax-tv/chris-ruddy-rob-schmitt-trump/2026/02/06/id/1245151/
@realDonaldTrump,2026-02-06 20:18,2026,https://truthsocial.com/@realDonaldTrump/posts/116026948622072067,Does America have the resolve to deport illegal border crossers: https://www.washingtonexaminer.com/daily-memo/4434193/america-resolve-deport-illegal-border-crossers/ Does America have the resolve to deport illegal border crossers: https://www.washingtonexaminer.com/daily-memo/4434193/america-resolve-deport-illegal-border-crossers/
@realDonaldTrump,2026-02-06 20:16,2026,https://truthsocial.com/@realDonaldTrump/posts/116026937874135066,Europeans would be better off if they had listened to Trump: https://www.washingtonexaminer.com/daily-memo/4432331/europeans-better-off-if-they-listened-to-trump/ Europeans would be better off if they had listened to Trump: https://www.washingtonexaminer.com/daily-memo/4432331/europeans-better-off-if-they-listened-to-trump/
@realDonaldTrump,2026-02-06 20:12,2026,https://truthsocial.com/@realDonaldTrump/posts/116026924108392447,"Another BIG WIN for Maine, and all of New England! Hard to believe you vote for Democrats who did this to you, but not for “TRUMP,” who gets you out of this Environmental and Economic Malaise. VOTE REPUBLICAN FROM NOW ON! For far too long, the Radical Left has put Burdensome and Unnecessary Restrictions on EVERYTHING, including our Great American Fishermen. In my First Term, I reversed the prohibitions placed on Commercial Fishing, but Joe Biden, or whoever was using the AUTOPEN, foolishly reinstated them. Since Day One, I have taken historic action to END these disastrous policies and, today, I signed a Presidential Proclamation to UNLEASH Commercial Fishing in the Atlantic Ocean, advancing the America First Fishing Policy! I am restoring nearly 5,000 square miles of Fishing access off the Coast of New England, which will revitalize our Fishing Industry, and STRENGTHEN our Booming Economy. Congratulations to all of our Great Fishermen. Please remember I did this for you, against strong Democrat opposition, and VOTE REPUBLICAN IN THE MIDTERMS! PRESIDENT DONALD J. TRUMP Another BIG WIN for Maine, and all of New England! Hard to believe you vote for Democrats who did this to you, but not for “TRUMP,” who gets you out of this Environmental and Economic Malaise. VOTE REPUBLICAN FROM NOW ON! For far too long, the Radical Left has put Burdensome and Unnecessary Restrictions on EVERYTHING, including our Great American Fishermen. In my First Term, I reversed the prohibitions placed on Commercial Fishing, but Joe Biden, or whoever was using the AUTOPEN, foolishly reinstated them. Since Day One, I have taken historic action to END these disastrous policies and, today, I signed a Presidential Proclamation to UNLEASH Commercial Fishing in the Atlantic Ocean, advancing the America First Fishing Policy! I am restoring nearly 5,000 square miles of Fishing access off the Coast of New England, which will revitalize our Fishing Industry, and STRENGTHEN our Booming Economy. Congratulations to all of our Great Fishermen. Please remember I did this for you, against strong Democrat opposition, and VOTE REPUBLICAN IN THE MIDTERMS! PRESIDENT DONALD J. TRUMP"
@realDonaldTrump,2026-02-06 19:59,2026,https://truthsocial.com/@realDonaldTrump/posts/116026870779552701,FCC launching probe into ABC's 'The View' amid crackdown on equal time for candidates: https://www.foxnews.com/media/fcc-launching-probe-abcs-the-view-amid-crackdown-equal-time-candidates/ FCC launching probe into ABC's 'The View' amid crackdown on equal time for candidates: https://www.foxnews.com/media/fcc-launching-probe-abcs-the-view-amid-crackdown-equal-time-candidates/
@realDonaldTrump,2026-02-06 15:55,2026,https://truthsocial.com/@realDonaldTrump/posts/116025913811185827,"White House touts arrests of more than 4,000 criminal illegal immigrants in Minneapolis: https://nypost.com/2026/02/04/us-news/white-house-touts-arrests-of-more-than-4000-criminal-illegal-immigrants-in-minneapolis/ White House touts arrests of more than 4,000 criminal illegal immigrants in Minneapolis: https://nypost.com/2026/02/04/us-news/white-house-touts-arrests-of-more-than-4000-criminal-illegal-immigrants-in-minneapolis/"
@realDonaldTrump,2026-02-06 15:53,2026,https://truthsocial.com/@realDonaldTrump/posts/116025906382300155,Trump Announces Dramatic Drop in Ozempic Price: https://dailycaller.com/2026/02/05/trump-announces-drop-price-ozempic/ Trump Announces Dramatic Drop in Ozempic Price: https://dailycaller.com/2026/02/05/trump-announces-drop-price-ozempic/
@realDonaldTrump,2026-02-06 13:47,2026,https://truthsocial.com/@realDonaldTrump/posts/116025411185339692,"The Dow Jones Industrial Average just hit 50,000 for the first time in History. CONGRATULATIONS AMERICA! The Dow Jones Industrial Average just hit 50,000 for the first time in History. CONGRATULATIONS AMERICA!"
@realDonaldTrump,2026-02-06 12:33,2026,https://truthsocial.com/@realDonaldTrump/posts/116025119531262831,null
@realDonaldTrump,2026-02-06 12:33,2026,https://truthsocial.com/@realDonaldTrump/posts/116025117036840745,null
@realDonaldTrump,2026-02-06 11:38,2026,https://truthsocial.com/@realDonaldTrump/posts/116024903533053292,"Just had my first meeting with the Committee for the Preservation of the White House, and it went really well — Terrific people who adore the Building, and love our Country even more. Toured them in and around the Lincoln Bedroom, the Queens’ Room, the Yellow Oval, the Map Room, the East Room, and more. They loved it all. The White House, after many years, is being cherished, and properly taken care of! PRESIDENT DONALD J. TRUMP Just had my first meeting with the Committee for the Preservation of the White House, and it went really well — Terrific people who adore the Building, and love our Country even more. Toured them in and around the Lincoln Bedroom, the Queens’ Room, the Yellow Oval, the Map Room, the East Room, and more. They loved it all. The White House, after many years, is being cherished, and properly taken care of! PRESIDENT DONALD J. TRUMP"
@realDonaldTrump,2026-02-06 04:46,2026,https://truthsocial.com/@realDonaldTrump/posts/116023281412873623,null
@realDonaldTrump,2026-02-06 04:45,2026,https://truthsocial.com/@realDonaldTrump/posts/116023278950884111,null
@realDonaldTrump,2026-02-06 04:45,2026,https://truthsocial.com/@realDonaldTrump/posts/116023277877459539,null
@realDonaldTrump,2026-02-06 04:45,2026,https://truthsocial.com/@realDonaldTrump/posts/116023276355641169,null
@realDonaldTrump,2026-02-06 04:44,2026,https://truthsocial.com/@realDonaldTrump/posts/116023275152458900,null
@realDonaldTrump,2026-02-05 22:59,2026,https://truthsocial.com/@realDonaldTrump/posts/116021919099752946,null
@realDonaldTrump,2026-02-05 22:59,2026,https://truthsocial.com/@realDonaldTrump/posts/116021917293908318,null
@realDonaldTrump,2026-02-05 22:57,2026,https://truthsocial.com/@realDonaldTrump/posts/116021908198706100,null
@realDonaldTrump,2026-02-05 22:51,2026,https://truthsocial.com/@realDonaldTrump/posts/116021885308183463,null
@realDonaldTrump,2026-02-05 22:50,2026,https://truthsocial.com/@realDonaldTrump/posts/116021884303371774,null
@realDonaldTrump,2026-02-05 22:50,2026,https://truthsocial.com/@realDonaldTrump/posts/116021880757365499,null
@realDonaldTrump,2026-02-05 22:49,2026,https://truthsocial.com/@realDonaldTrump/posts/116021879778183157,null
@realDonaldTrump,2026-02-05 22:47,2026,https://truthsocial.com/@realDonaldTrump/posts/116021870374071886,null
@realDonaldTrump,2026-02-05 22:47,2026,https://truthsocial.com/@realDonaldTrump/posts/116021868976310797,null
@realDonaldTrump,2026-02-05 22:46,2026,https://truthsocial.com/@realDonaldTrump/posts/116021867660807012,null
@realDonaldTrump,2026-02-05 22:46,2026,https://truthsocial.com/@realDonaldTrump/posts/116021866653600292,null
@realDonaldTrump,2026-02-05 22:43,2026,https://truthsocial.com/@realDonaldTrump/posts/116021853852286037,null
@realDonaldTrump,2026-02-05 22:40,2026,https://truthsocial.com/@realDonaldTrump/posts/116021841598107106,null
@realDonaldTrump,2026-02-05 22:39,2026,https://truthsocial.com/@realDonaldTrump/posts/116021839325919531,null
@realDonaldTrump,2026-02-05 22:37,2026,https://truthsocial.com/@realDonaldTrump/posts/116021833186119573,null
@realDonaldTrump,2026-02-05 22:37,2026,https://truthsocial.com/@realDonaldTrump/posts/116021831980102054,null
@realDonaldTrump,2026-02-05 22:36,2026,https://truthsocial.com/@realDonaldTrump/posts/116021827182206318,null
@realDonaldTrump,2026-02-05 22:36,2026,https://truthsocial.com/@realDonaldTrump/posts/116021825864498690,null
@realDonaldTrump,2026-02-05 22:35,2026,https://truthsocial.com/@realDonaldTrump/posts/116021823422525782,null
@realDonaldTrump,2026-02-05 22:35,2026,https://truthsocial.com/@realDonaldTrump/posts/116021822136424317,null
@realDonaldTrump,2026-02-05 22:28,2026,https://truthsocial.com/@realDonaldTrump/posts/116021795262448073,null
@realDonaldTrump,2026-02-05 22:27,2026,https://truthsocial.com/@realDonaldTrump/posts/116021790838223054,null
@realDonaldTrump,2026-02-05 22:26,2026,https://truthsocial.com/@realDonaldTrump/posts/116021789649098677,null
@realDonaldTrump,2026-02-05 21:55,2026,https://truthsocial.com/@realDonaldTrump/posts/116021667387611255,null
@realDonaldTrump,2026-02-05 21:49,2026,https://truthsocial.com/@realDonaldTrump/posts/116021643885761892,null
@realDonaldTrump,2026-02-05 21:47,2026,https://truthsocial.com/@realDonaldTrump/posts/116021634738649071,Wow. So nice. Thank you Anna Paulina! President DJThttps://www.onemoreforrushmore.com Wow. So nice. Thank you Anna Paulina! President DJThttps://www.onemoreforrushmore.com
@realDonaldTrump,2026-02-05 21:39,2026,https://truthsocial.com/@realDonaldTrump/posts/116021604174429230,null
@realDonaldTrump,2026-02-05 21:39,2026,https://truthsocial.com/@realDonaldTrump/posts/116021603206858436,null
@realDonaldTrump,2026-02-05 16:57,2026,https://truthsocial.com/@realDonaldTrump/posts/116020492708362364,"I am hearing that Highly Respected MAGA Warrior, Cody Simpson, is considering launching his Campaign for Commissioner of Agriculture in the wonderful State of South Carolina, which I won in 2016, 2020, and 2024, with the Highest Vote in South Carolina History! Cody is a Fifth Generation Farmer, and Former Agriculture Advisor and Chief Executive Assistant to GREAT Governor Henry McMaster. As South Carolina State Executive Director of the USDA Farm Service Agency in my Administration, he has continued to serve the Palmetto State with distinction, delivering outstanding results. A true America First Patriot, who has been with us from the very beginning, Cody is an incredibly effective Voice for South Carolina Agriculture, and our amazing Farmers and Ranchers. As your next Agriculture Commissioner, Cody would work tirelessly to Grow our Economy, Cut Taxes and Regulations, Promote MADE IN THE U.S.A., Champion American Energy DOMINANCE, Keep our Border SECURE, Stop Migrant Crime, Murderers, and other Criminals from illegally entering our Country, Ensure LAW AND ORDER, Support our Military/Veterans, and Defend our always under siege Second Amendment. Should he decide to enter this Race, Cody Simpson has my Complete and Total Endorsement. RUN, CODY, RUN! I am hearing that Highly Respected MAGA Warrior, Cody Simpson, is considering launching his Campaign for Commissioner of Agriculture in the wonderful State of South Carolina, which I won in 2016, 2020, and 2024, with the Highest Vote in South Carolina History! Cody is a Fifth Generation Farmer, and Former Agriculture Advisor and Chief Executive Assistant to GREAT Governor Henry McMaster. As South Carolina State Executive Director of the USDA Farm Service Agency in my Administration, he has continued to serve the Palmetto State with distinction, delivering outstanding results. A true America First Patriot, who has been with us from the very beginning, Cody is an incredibly effective Voice for South Carolina Agriculture, and our amazing Farmers and Ranchers. As your next Agriculture Commissioner, Cody would work tirelessly to Grow our Economy, Cut Taxes and Regulations, Promote MADE IN THE U.S.A., Champion American Energy DOMINANCE, Keep our Border SECURE, Stop Migrant Crime, Murderers, and other Criminals from illegally entering our Country, Ensure LAW AND ORDER, Support our Military/Veterans, and Defend our always under siege Second Amendment. Should he decide to enter this Race, Cody Simpson has my Complete and Total Endorsement. RUN, CODY, RUN!"
@realDonaldTrump,2026-02-05 12:47,2026,https://truthsocial.com/@realDonaldTrump/posts/116019511106186158,"The United States is the most powerful Country in the World. I completely rebuilt its Military in my First Term, including new and many refurbished nuclear weapons. I also added Space Force and now, continue to rebuild our Military at levels never seen before. We are even adding Battleships, which are 100 times more powerful than the ones that roamed the Seas during World War II — The Iowa, Missouri, Alabama, and others. I have stopped Nuclear Wars from breaking out across the World between Pakistan and India, Iran and Israel, and Russia and Ukraine. Rather than extend “NEW START” (A badly negotiated deal by the United States that, aside from everything else, is being grossly violated), we should have our Nuclear Experts work on a new, improved, and modernized Treaty that can last long into the future. Thank you for your attention to this matter! PRESIDENT DONALD J. TRUMP The United States is the most powerful Country in the World. I completely rebuilt its Military in my First Term, including new and many refurbished nuclear weapons. I also added Space Force and now, continue to rebuild our Military at levels never seen before. We are even adding Battleships, which are 100 times more powerful than the ones that roamed the Seas during World War II — The Iowa, Missouri, Alabama, and others. I have stopped Nuclear Wars from breaking out across the World between Pakistan and India, Iran and Israel, and Russia and Ukraine. Rather than extend “NEW START” (A badly negotiated deal by the United States that, aside from everything else, is being grossly violated), we should have our Nuclear Experts work on a new, improved, and modernized Treaty that can last long into the future. Thank you for your attention to this matter! PRESIDENT DONALD J. TRUMP"
@realDonaldTrump,2026-02-05 11:59,2026,https://truthsocial.com/@realDonaldTrump/posts/116019322824567248,"Highly Respected Prime Minister of Hungary, Viktor Orbán, is a truly strong and powerful Leader, with a proven track record of delivering phenomenal results. He fights tirelessly for, and loves, his Great Country and People, just like I do for the United States of America. Viktor works hard to Protect Hungary, Grow the Economy, Create Jobs, Promote Trade, Stop Illegal Immigration, and Ensure LAW AND ORDER! Relations between Hungary and the United States have reached new heights of cooperation and spectacular achievement under my Administration, thanks largely to Prime Minister Orbán. I look forward to continuing working closely with him so that both of our Countries can further advance this tremendous path to SUCCESS and cooperation. I was proud to ENDORSE Viktor for Re-Election in 2022, and am honored to do so again. Viktor Orbán is a true friend, fighter, and WINNER, and has my Complete and Total Endorsement for Re-Election as Prime Minister of Hungary — HE WILL NEVER LET THE GREAT PEOPLE OF HUNGARY DOWN! PRESIDENT DONALD J. TRUMP Highly Respected Prime Minister of Hungary, Viktor Orbán, is a truly strong and powerful Leader, with a proven track record of delivering phenomenal results. He fights tirelessly for, and loves, his Great Country and People, just like I do for the United States of America. Viktor works hard to Protect Hungary, Grow the Economy, Create Jobs, Promote Trade, Stop Illegal Immigration, and Ensure LAW AND ORDER! Relations between Hungary and the United States have reached new heights of cooperation and spectacular achievement under my Administration, thanks largely to Prime Minister Orbán. I look forward to continuing working closely with him so that both of our Countries can further advance this tremendous path to SUCCESS and cooperation. I was proud to ENDORSE Viktor for Re-Election in 2022, and am honored to do so again. Viktor Orbán is a true friend, fighter, and WINNER, and has my Complete and Total Endorsement for Re-Election as Prime Minister of Hungary — HE WILL NEVER LET THE GREAT PEOPLE OF HUNGARY DOWN! PRESIDENT DONALD J. TRUMP"
@realDonaldTrump,2026-02-05 11:42,2026,https://truthsocial.com/@realDonaldTrump/posts/116019257556623305,"The Great Country of Japan is having a very important Legislative Election on Sunday, February 8, 2026. The results of this Election are very important to the future of Japan. The Prime Minister, Sanae Takaichi, has already proven to be a strong, powerful, and wise Leader, and one that truly loves her Country. I look forward to welcoming Prime Minister Takaichi to the White House on March 19th. In my visit to Japan I, and all of my Representatives, were extremely impressed with her. In addition to National Security, the United States and Japan have worked closely together on making a very substantial Trade Deal, one that strongly benefits both Countries. Prime Minister Takaichi is someone who deserves powerful recognition for the job she and her Coalition are doing and, therefore, as President of the United States of America, it is my Honor to give a Complete and Total Endorsement of her, and what her highly respected Coalition is representing. SHE WILL NOT LET THE PEOPLE OF JAPAN DOWN! Good luck on your very important Sunday Vote. PRESIDENT DONALD J. TRUMP The Great Country of Japan is having a very important Legislative Election on Sunday, February 8, 2026. The results of this Election are very important to the future of Japan. The Prime Minister, Sanae Takaichi, has already proven to be a strong, powerful, and wise Leader, and one that truly loves her Country. I look forward to welcoming Prime Minister Takaichi to the White House on March 19th. In my visit to Japan I, and all of my Representatives, were extremely impressed with her. In addition to National Security, the United States and Japan have worked closely together on making a very substantial Trade Deal, one that strongly benefits both Countries. Prime Minister Takaichi is someone who deserves powerful recognition for the job she and her Coalition are doing and, therefore, as President of the United States of America, it is my Honor to give a Complete and Total Endorsement of her, and what her highly respected Coalition is representing. SHE WILL NOT LET THE PEOPLE OF JAPAN DOWN! Good luck on your very important Sunday Vote. PRESIDENT DONALD J. TRUMP"
@realDonaldTrump,2026-02-05 07:05,2026,https://truthsocial.com/@realDonaldTrump/posts/116018165763165983,null
@realDonaldTrump,2026-02-05 07:05,2026,https://truthsocial.com/@realDonaldTrump/posts/116018164715298086,null
@realDonaldTrump,2026-02-05 07:04,2026,https://truthsocial.com/@realDonaldTrump/posts/116018163712932907,null
@realDonaldTrump,2026-02-05 06:37,2026,https://truthsocial.com/@realDonaldTrump/posts/116018054847348561,Miranda Devine: Justice Ketanji Brown Jackson removed any shred of impartiality by applauding anti-ICE speeches at the Grammys: https://nypost.com/2026/02/04/opinion/miranda-devine-justice-ketanji-brown-jackson-removed-any-shred-of-impartiality-by-applauding-anti-ice-speeches-at-the-grammys/ Miranda Devine: Justice Ketanji Brown Jackson removed any shred of impartiality by applauding anti-ICE speeches at the Grammys: https://nypost.com/2026/02/04/opinion/miranda-devine-justice-ketanji-brown-jackson-removed-any-shred-of-impartiality-by-applauding-anti-ice-speeches-at-the-grammys/
@realDonaldTrump,2026-02-05 05:07,2026,https://truthsocial.com/@realDonaldTrump/posts/116017702721284286,Jim Banks Calls for Passage of SAVE America Act to Require Proof of Citizenship to Vote: https://www.breitbart.com/politics/2026/02/04/jim-banks-calls-for-passage-save-america-act-require-proof-citizenship-vote/ Jim Banks Calls for Passage of SAVE America Act to Require Proof of Citizenship to Vote: https://www.breitbart.com/politics/2026/02/04/jim-banks-calls-for-passage-save-america-act-require-proof-citizenship-vote/
@realDonaldTrump,2026-02-05 05:07,2026,https://truthsocial.com/@realDonaldTrump/posts/116017700690606409,null
@realDonaldTrump,2026-02-05 05:06,2026,https://truthsocial.com/@realDonaldTrump/posts/116017699532493891,null
@realDonaldTrump,2026-02-05 05:06,2026,https://truthsocial.com/@realDonaldTrump/posts/116017697969097435,null
@realDonaldTrump,2026-02-05 00:07,2026,https://truthsocial.com/@realDonaldTrump/posts/116016523789296914,null
@realDonaldTrump,2026-02-05 00:07,2026,https://truthsocial.com/@realDonaldTrump/posts/116016522427379373,null
@realDonaldTrump,2026-02-05 00:06,2026,https://truthsocial.com/@realDonaldTrump/posts/116016519138654706,null
@realDonaldTrump,2026-02-04 22:34,2026,https://truthsocial.com/@realDonaldTrump/posts/116016157793181303,Inspector General confirms whistleblower complaint against Tulsi Gabbard ‘did not appear credible’: https://justthenews.com/accountability/watchdogs/inspector-general-confirms-whistleblower-complaint-against-tulsi-gabbard Inspector General confirms whistleblower complaint against Tulsi Gabbard ‘did not appear credible’: https://justthenews.com/accountability/watchdogs/inspector-general-confirms-whistleblower-complaint-against-tulsi-gabbard
@realDonaldTrump,2026-02-04 20:08,2026,https://truthsocial.com/@realDonaldTrump/posts/116015584302654813,"Mark Teixeira is a former Major League Baseball STAR, and tremendous America First Candidate, who is running to represent the incredible people of Texas’ 21st Congressional District! I know Mark well, and he is a TOTAL WINNER, on and off the field! An MLB All-Star, Mark’s career was “loaded up” with Accolades and WINS, including five Gold Gloves, three Silver Sluggers, and a World Series Championship. Mark has a great wife, Leigh, and three beautiful children. In Congress, Mark will work hard to Grow our Economy, Cut Taxes and Regulations, Promote MADE IN THE U.S.A., Unleash American Energy DOMINANCE, Keep our Border SECURE, Stop Migrant Crime, Strengthen our Military/Veterans, Ensure LAW AND ORDER, Champion School Choice, Safeguard our Elections, and Defend our always under siege Second Amendment. Mark Teixeira has my Complete and Total Endorsement to be the next Representative from Texas’ 21st Congressional District – HE WILL NEVER LET YOU DOWN! Mark Teixeira is a former Major League Baseball STAR, and tremendous America First Candidate, who is running to represent the incredible people of Texas’ 21st Congressional District! I know Mark well, and he is a TOTAL WINNER, on and off the field! An MLB All-Star, Mark’s career was “loaded up” with Accolades and WINS, including five Gold Gloves, three Silver Sluggers, and a World Series Championship. Mark has a great wife, Leigh, and three beautiful children. In Congress, Mark will work hard to Grow our Economy, Cut Taxes and Regulations, Promote MADE IN THE U.S.A., Unleash American Energy DOMINANCE, Keep our Border SECURE, Stop Migrant Crime, Strengthen our Military/Veterans, Ensure LAW AND ORDER, Champion School Choice, Safeguard our Elections, and Defend our always under siege Second Amendment. Mark Teixeira has my Complete and Total Endorsement to be the next Representative from Texas’ 21st Congressional District – HE WILL NEVER LET YOU DOWN!"
@realDonaldTrump,2026-02-04 18:40,2026,https://truthsocial.com/@realDonaldTrump/posts/116015238116488956,"It is my Great Honor to endorse MAGA Warrior, Blake Miguez, who is running to represent the tremendous people of Louisiana’s 5th Congressional District. A Seventh Generation Louisianian, and very popular State Senator, Blake has dedicated his life to serving his Community. As your next Congressman, Blake will work tirelessly to Champion our Amazing Farmers and Ranchers, Grow our Economy, Cut Taxes and Regulations, Promote MADE IN THE U.S.A., Unleash American Energy DOMINANCE, Keep our Border SECURE, Stop Migrant Crime, Ensure LAW AND ORDER, Support our Brave Military, Veterans, and Law Enforcement, Advance Election Integrity, and Protect our always under siege Second Amendment. Blake Miguez has my Complete and Total Endorsement to be the next Representative from Louisiana’s 5th Congressional District — HE WILL NOT LET YOU DOWN! It is my Great Honor to endorse MAGA Warrior, Blake Miguez, who is running to represent the tremendous people of Louisiana’s 5th Congressional District. A Seventh Generation Louisianian, and very popular State Senator, Blake has dedicated his life to serving his Community. As your next Congressman, Blake will work tirelessly to Champion our Amazing Farmers and Ranchers, Grow our Economy, Cut Taxes and Regulations, Promote MADE IN THE U.S.A., Unleash American Energy DOMINANCE, Keep our Border SECURE, Stop Migrant Crime, Ensure LAW AND ORDER, Support our Brave Military, Veterans, and Law Enforcement, Advance Election Integrity, and Protect our always under siege Second Amendment. Blake Miguez has my Complete and Total Endorsement to be the next Representative from Louisiana’s 5th Congressional District — HE WILL NOT LET YOU DOWN!"
@realDonaldTrump,2026-02-04 18:37,2026,https://truthsocial.com/@realDonaldTrump/posts/116015225028724019,"It is my Great Honor to endorse Peter Oberacker, an incredible Candidate who is running to represent the fantastic people of New York’s 19th Congressional District. He is running against Josh Riley, a true Radical Left Extremist who does not represent the Values of Central New York. Josh Riley wants Open Borders, Men playing in Women’s Sports, Transgender for Everyone, Defund the Police, and wants to take away your Second Amendment, meaning, your guns. Sadly, he voted against the Biggest Tax Cut in History, and fought ferociously to knock out Rural Healthcare, a big factor in New York’s District 19. He represented Sleepy Joe Biden as his Counsel, in the White House. How did that work out? He is totally controlled by the Radical Left who have only one goal in mind, DESTROYING OUR COUNTRY! Peter Oberacker, on the other hand, is a very successful “Meat Market” Businessman, Dedicated Public Servant, and now, as State Senator, who has strongly served his Community with a career “loaded up” with accolades and wins. As your next Congressman, he will fight tirelessly to Grow the Economy, Cut Taxes and Regulations, Unleash American Energy DOMINANCE, Keep our Border SECURE, Stop Migrant Crime, Ensure LAW AND ORDER, Strengthen our Brave Military/Veterans, Advance Election Integrity, and Protect our always under siege Second Amendment. Peter Oberacker has my Complete and Total Endorsement to be the next Representative from New York’s 19th Congressional District – HE WILL NEVER LET YOU DOWN! It is my Great Honor to endorse Peter Oberacker, an incredible Candidate who is running to represent the fantastic people of New York’s 19th Congressional District. He is running against Josh Riley, a true Radical Left Extremist who does not represent the Values of Central New York. Josh Riley wants Open Borders, Men playing in Women’s Sports, Transgender for Everyone, Defund the Police, and wants to take away your Second Amendment, meaning, your guns. Sadly, he voted against the Biggest Tax Cut in History, and fought ferociously to knock out Rural Healthcare, a big factor in New York’s District 19. He represented Sleepy Joe Biden as his Counsel, in the White House. How did that work out? He is totally controlled by the Radical Left who have only one goal in mind, DESTROYING OUR COUNTRY! Peter Oberacker, on the other hand, is a very successful “Meat Market” Businessman, Dedicated Public Servant, and now, as State Senator, who has strongly served his Community with a career “loaded up” with accolades and wins. As your next Congressman, he will fight tirelessly to Grow the Economy, Cut Taxes and Regulations, Unleash American Energy DOMINANCE, Keep our Border SECURE, Stop Migrant Crime, Ensure LAW AND ORDER, Strengthen our Brave Military/Veterans, Advance Election Integrity, and Protect our always under siege Second Amendment. Peter Oberacker has my Complete and Total Endorsement to be the next Representative from New York’s 19th Congressional District – HE WILL NEVER LET YOU DOWN!"
@realDonaldTrump,2026-02-04 20:08,2026,https://truthsocial.com/@realDonaldTrump/posts/116015583395173909,"It is my Great Honor to endorse America First Patriot, Jace Yarbrough, who is running to represent the wonderful people of Texas’ 32nd Congressional District. A Brave Air Force Veteran, Jace knows the Wisdom and Courage required to Defend our Country, Support our Military/Veterans, and Ensure PEACE THROUGH STRENGTH. Additionally, as a very successful Stanford Law School Graduate and Business Attorney, Jace knows how to Create Jobs, Cut Taxes and Regulations, Promote MADE IN THE U.S.A., Unleash American Energy Dominance, and Champion our Nation’s Golden Age. In Congress, he will fight tirelessly to Keep our Border SECURE, Stop Migrant Crime, Ensure LAW AND ORDER, Safeguard our Elections, and Protect our always under siege Second Amendment. Jace Yarbrough has my Complete and Total Endorsement to be the next Representative from Texas’ 32nd Congressional District — HE WILL NEVER LET YOU DOWN! It is my Great Honor to endorse America First Patriot, Jace Yarbrough, who is running to represent the wonderful people of Texas’ 32nd Congressional District. A Brave Air Force Veteran, Jace knows the Wisdom and Courage required to Defend our Country, Support our Military/Veterans, and Ensure PEACE THROUGH STRENGTH. Additionally, as a very successful Stanford Law School Graduate and Business Attorney, Jace knows how to Create Jobs, Cut Taxes and Regulations, Promote MADE IN THE U.S.A., Unleash American Energy Dominance, and Champion our Nation’s Golden Age. In Congress, he will fight tirelessly to Keep our Border SECURE, Stop Migrant Crime, Ensure LAW AND ORDER, Safeguard our Elections, and Protect our always under siege Second Amendment. Jace Yarbrough has my Complete and Total Endorsement to be the next Representative from Texas’ 32nd Congressional District — HE WILL NEVER LET YOU DOWN!"
@realDonaldTrump,2026-02-04 19:59,2026,https://truthsocial.com/@realDonaldTrump/posts/116015545880326010,"I spoke with Savannah Guthrie, and let her know that I am directing ALL Federal Law Enforcement to be at the family’s, and Local Law Enforcement’s, complete disposal, IMMEDIATELY. We are deploying all resources to get her mother home safely. The prayers of our Nation are with her and her family. GOD BLESS AND PROTECT NANCY! PRESIDENT DONALD J. TRUMP I spoke with Savannah Guthrie, and let her know that I am directing ALL Federal Law Enforcement to be at the family’s, and Local Law Enforcement’s, complete disposal, IMMEDIATELY. We are deploying all resources to get her mother home safely. The prayers of our Nation are with her and her family. GOD BLESS AND PROTECT NANCY! PRESIDENT DONALD J. TRUMP"
@realDonaldTrump,2026-02-04 18:05,2026,https://truthsocial.com/@realDonaldTrump/posts/116015098439079378,"It is my Great Honor to endorse Chris McGowan, a fantastic Candidate running to be the next Congressman from Iowa’s 4th Congressional District! A Brave Iowa Air National Guard Veteran, successful Attorney, and now, as President of the Siouxland Chamber of Commerce, Chris has a Proven Record of Success — He is a WINNER! In Congress, Chris will fight hard to Grow the Economy, Promote our Amazing Farmers and Ranchers, Cut Taxes and Regulations, Advocate for MADE IN THE U.S.A., Champion American Energy DOMINANCE, Keep our Border SECURE, Strengthen our Military/Veterans, Ensure LAW AND ORDER, Safeguard our Elections, and Defend our always under siege Second Amendment. Chris McGowan has my Complete and Total Endorsement to be the next Representative from Iowa’s 4th Congressional District, HE WILL NEVER LET YOU DOWN! It is my Great Honor to endorse Chris McGowan, a fantastic Candidate running to be the next Congressman from Iowa’s 4th Congressional District! A Brave Iowa Air National Guard Veteran, successful Attorney, and now, as President of the Siouxland Chamber of Commerce, Chris has a Proven Record of Success — He is a WINNER! In Congress, Chris will fight hard to Grow the Economy, Promote our Amazing Farmers and Ranchers, Cut Taxes and Regulations, Advocate for MADE IN THE U.S.A., Champion American Energy DOMINANCE, Keep our Border SECURE, Strengthen our Military/Veterans, Ensure LAW AND ORDER, Safeguard our Elections, and Defend our always under siege Second Amendment. Chris McGowan has my Complete and Total Endorsement to be the next Representative from Iowa’s 4th Congressional District, HE WILL NEVER LET YOU DOWN!"
@realDonaldTrump,2026-02-04 09:38,2026,https://truthsocial.com/@realDonaldTrump/posts/116013105630663812,"I have just completed an excellent telephone conversation with President Xi, of China. It was a long and thorough call, where many important subjects were discussed, including Trade, Military, the April trip that I will be making to China (which I very much look forward to!), Taiwan, the War between Russia/Ukraine, the current situation with Iran, the purchase of Oil and Gas by China from the United States, the consideration by China of the purchase of additional Agricultural products including lifting the Soybean count to 20 Million Tons for the current season (They have committed to 25 Million Tons for next season!), Airplane engine deliveries, and numerous other subjects, all very positive! The relationship with China, and my personal relationship with President Xi, is an extremely good one, and we both realize how important it is to keep it that way. I believe that there will be many positive results achieved over the next three years of my Presidency having to do with President Xi, and the People’s Republic of China! PRESIDENT DONALD J. TRUMP I have just completed an excellent telephone conversation with President Xi, of China. It was a long and thorough call, where many important subjects were discussed, including Trade, Military, the April trip that I will be making to China (which I very much look forward to!), Taiwan, the War between Russia/Ukraine, the current situation with Iran, the purchase of Oil and Gas by China from the United States, the consideration by China of the purchase of additional Agricultural products including lifting the Soybean count to 20 Million Tons for the current season (They have committed to 25 Million Tons for next season!), Airplane engine deliveries, and numerous other subjects, all very positive! The relationship with China, and my personal relationship with President Xi, is an extremely good one, and we both realize how important it is to keep it that way. I believe that there will be many positive results achieved over the next three years of my Presidency having to do with President Xi, and the People’s Republic of China! PRESIDENT DONALD J. TRUMP"
@realDonaldTrump,2026-02-03 14:12,2026,https://truthsocial.com/@realDonaldTrump/posts/116008521863954604,null
@realDonaldTrump,2026-02-03 08:53,2026,https://truthsocial.com/@realDonaldTrump/posts/116007264985679550,Was Ilhan Omar there to protect her corrupt “homeland?”US forces strike ISIS-Somalia leaders in Somalia caves:https://www.foxnews.com/video/6388672630112 Was Ilhan Omar there to protect her corrupt “homeland?” US forces strike ISIS-Somalia leaders in Somalia caves:https://www.foxnews.com/video/6388672630112
@realDonaldTrump,2026-02-03 06:56,2026,https://truthsocial.com/@realDonaldTrump/posts/116006806271950721,"Why hasn’t the Fake News New York Times adjusted its phony article on the corruption and antisemitism which has taken place at Harvard. They never call for facts, or factchecks, because the Times’ is a corrupt, unprincipled, and pathetic vehicle of the Left. They wrote only negatively about me in the last Election, and I won in a landslide. To anyone who knows, they have ZERO credibility, a “Rag” at the lowest level. I look forward to watching their rapidly falling circulation force them to finally close their doors. That would be great news for America! Why hasn’t the Fake News New York Times adjusted its phony article on the corruption and antisemitism which has taken place at Harvard. They never call for facts, or factchecks, because the Times’ is a corrupt, unprincipled, and pathetic vehicle of the Left. They wrote only negatively about me in the last Election, and I won in a landslide. To anyone who knows, they have ZERO credibility, a “Rag” at the lowest level. I look forward to watching their rapidly falling circulation force them to finally close their doors. That would be great news for America!"
@realDonaldTrump,2026-02-02 23:11,2026,https://truthsocial.com/@realDonaldTrump/posts/116004978871320100,"The Failing New York Times story was completely wrong concerning Harvard University. I hereby demand that the morons that run (into the ground!) the Times’ change their story, immediately. SEE TRUTH BELOW! Also, just like their incorrectly called (by the Times!) Election results, where they got it ALL WRONG, my Poll Numbers are Great! The New York Times coverage of me is so purposely wrong. We will soon see how I do in my lawsuit against these fraudsters! FAKE NEWS! The Failing New York Times story was completely wrong concerning Harvard University. I hereby demand that the morons that run (into the ground!) the Times’ change their story, immediately. SEE TRUTH BELOW! Also, just like their incorrectly called (by the Times!) Election results, where they got it ALL WRONG, my Poll Numbers are Great! The New York Times coverage of me is so purposely wrong. We will soon see how I do in my lawsuit against these fraudsters! FAKE NEWS!"
@realDonaldTrump,2026-02-02 14:42,2026,https://truthsocial.com/@realDonaldTrump/posts/116002977324733248,"People are saying that Thomas Massie became a Liberal because his new wife, blessed be their marriage, is supposedly a Radical Left “flamethrower.” This new union all went so fast that maybe he didn’t know what he was getting into but, nevertheless, he is an absolutely terrible and unreliable “Republican” — Perhaps a RINO, or maybe even worse! Ed Gallrein, a Farmer and War Hero, is running against Massie. He is a HIGH QUALITY individual, and there is no Candidate for Congress that could be better. He is running because he realizes Thomas Massie has been totally disloyal to the President of the United States, and the Republican Party. He never votes for us, he always goes with the Democrats. Thomas Massie is a Complete and Total Disaster, we must make sure he loses, BIG! People are saying that Thomas Massie became a Liberal because his new wife, blessed be their marriage, is supposedly a Radical Left “flamethrower.” This new union all went so fast that maybe he didn’t know what he was getting into but, nevertheless, he is an absolutely terrible and unreliable “Republican” — Perhaps a RINO, or maybe even worse! Ed Gallrein, a Farmer and War Hero, is running against Massie. He is a HIGH QUALITY individual, and there is no Candidate for Congress that could be better. He is running because he realizes Thomas Massie has been totally disloyal to the President of the United States, and the Republican Party. He never votes for us, he always goes with the Democrats. Thomas Massie is a Complete and Total Disaster, we must make sure he loses, BIG!"
@realDonaldTrump,2026-02-02 14:15,2026,https://truthsocial.com/@realDonaldTrump/posts/116002871169002695,"I am working hard with Speaker Johnson to get the current funding deal, which passed in the Senate last week, through the House and to my desk, where I will sign it into Law, IMMEDIATELY! We need to get the Government open, and I hope all Republicans and Democrats will join me in supporting this Bill, and send it to my desk WITHOUT DELAY. There can be NO CHANGES at this time. We will work together in good faith to address the issues that have been raised, but we cannot have another long, pointless, and destructive Shutdown that will hurt our Country so badly — One that will not benefit Republicans or Democrats. I hope everyone will vote, YES! I am working hard with Speaker Johnson to get the current funding deal, which passed in the Senate last week, through the House and to my desk, where I will sign it into Law, IMMEDIATELY! We need to get the Government open, and I hope all Republicans and Democrats will join me in supporting this Bill, and send it to my desk WITHOUT DELAY. There can be NO CHANGES at this time. We will work together in good faith to address the issues that have been raised, but we cannot have another long, pointless, and destructive Shutdown that will hurt our Country so badly — One that will not benefit Republicans or Democrats. I hope everyone will vote, YES!"
@realDonaldTrump,2026-02-02 12:18,2026,https://truthsocial.com/@realDonaldTrump/posts/116002410765945086,"Not only wasn’t I friendly with Jeffrey Epstein but, based upon information that has just been released by the Department of Justice, Epstein and a SLEAZEBAG lying “author” named Michael Wolff, conspired in order to damage me and/or my Presidency. So much for the Radical Left’s hope against hope, some of whom I’ll be suing. Additionally, unlike so many people that like to “talk” trash, I never went to the infested Epstein island but, almost all of these Crooked Democrats, and their Donors, did. Not only wasn’t I friendly with Jeffrey Epstein but, based upon information that has just been released by the Department of Justice, Epstein and a SLEAZEBAG lying “author” named Michael Wolff, conspired in order to damage me and/or my Presidency. So much for the Radical Left’s hope against hope, some of whom I’ll be suing. Additionally, unlike so many people that like to “talk” trash, I never went to the infested Epstein island but, almost all of these Crooked Democrats, and their Donors, did."
@realDonaldTrump,2026-02-02 10:28,2026,https://truthsocial.com/@realDonaldTrump/posts/116001978814669685,Trump open to Iran deal as US bolsters forces in Middle East: https://www.foxnews.com/video/6388674503112 Trump open to Iran deal as US bolsters forces in Middle East: https://www.foxnews.com/video/6388674503112
@realDonaldTrump,2026-02-02 10:28,2026,https://truthsocial.com/@realDonaldTrump/posts/116001976995912843,Iran is turning into the 'North Korea of the Middle East': Mark Levin: https://www.foxnews.com/video/6388654417112 Iran is turning into the 'North Korea of the Middle East': Mark Levin: https://www.foxnews.com/video/6388654417112
@realDonaldTrump,2026-02-02 08:29,2026,https://truthsocial.com/@realDonaldTrump/posts/116001510347595860,null
@realDonaldTrump,2026-02-02 08:29,2026,https://truthsocial.com/@realDonaldTrump/posts/116001509426580536,India’s beautiful Triumphal Arch. Ours will be the greatest of them all! India’s beautiful Triumphal Arch. Ours will be the greatest of them all!
@realDonaldTrump,2026-02-02 08:25,2026,https://truthsocial.com/@realDonaldTrump/posts/116001495092642291,"Trump Says He Welcomes China, India Investment in Venezuela Oil: https://www.bloomberg.com/news/articles/2026-02-01/trump-says-he-welcomes-china-india-investment-in-venezuela-oil/ Trump Says He Welcomes China, India Investment in Venezuela Oil: https://www.bloomberg.com/news/articles/2026-02-01/trump-says-he-welcomes-china-india-investment-in-venezuela-oil/"
@realDonaldTrump,2026-02-02 08:25,2026,https://truthsocial.com/@realDonaldTrump/posts/116001493028510365,null
@realDonaldTrump,2026-02-01 17:35,2026,https://truthsocial.com/@realDonaldTrump/posts/115997995239108549,"Just think? It has just been announced that the United States of America made more Steel last year, 2025, than the Great Country of Japan, a major Steelmaker. Thank you President Trump! Just think? It has just been announced that the United States of America made more Steel last year, 2025, than the Great Country of Japan, a major Steelmaker. Thank you President Trump!"
@realDonaldTrump,2026-02-01 17:21,2026,https://truthsocial.com/@realDonaldTrump/posts/115997939705121174,"After a one year review of The Trump Kennedy Center, that has taken place with Contractors, Musical Experts, Art Institutions, and other Advisors and Consultants, deciding between either Construction with Closure and Re-Opening or, Partial Construction while continuing Entertainment Operations through a much longer period of time, working in and around the Performances, I have determined that The Trump Kennedy Center, if temporarily closed for Construction, Revitalization, and Complete Rebuilding, can be, without question, the finest Performing Arts Facility of its kind, anywhere in the World. In other words, if we don’t close, the quality of Construction will not be nearly as good, and the time to completion, because of interruptions with Audiences from the many Events using the Facility, will be much longer. The temporary closure will produce a much faster and higher quality result! Based on these findings, and totally subject to Board approval, I have determined that the fastest way to bring The Trump Kennedy Center to the highest level of Success, Beauty, and Grandeur, is to cease Entertainment Operations for an approximately two year period of time, with a scheduled Grand Reopening that will rival and surpass anything that has taken place with respect to such a Facility before. Therefore, The Trump Kennedy Center will close on July 4th, 2026, in honor of the 250th Anniversary of our Country, whereupon we will simultaneously begin Construction of the new and spectacular Entertainment Complex. Financing is completed, and fully in place! This important decision, based on input from many Highly Respected Experts, will take a tired, broken, and dilapidated Center, one that has been in bad condition, both financially and structurally for many years, and turn it into a World Class Bastion of Arts, Music, and Entertainment, far better than it has ever been before. America will be very proud of its new and beautiful Landmark for many generations to come. Thank you for your attention to this matter! PRESIDENT DONALD J. TRUMP After a one year review of The Trump Kennedy Center, that has taken place with Contractors, Musical Experts, Art Institutions, and other Advisors and Consultants, deciding between either Construction with Closure and Re-Opening or, Partial Construction while continuing Entertainment Operations through a much longer period of time, working in and around the Performances, I have determined that The Trump Kennedy Center, if temporarily closed for Construction, Revitalization, and Complete Rebuilding, can be, without question, the finest Performing Arts Facility of its kind, anywhere in the World. In other words, if we don’t close, the quality of Construction will not be nearly as good, and the time to completion, because of interruptions with Audiences from the many Events using the Facility, will be much longer. The temporary closure will produce a much faster and higher quality result! Based on these findings, and totally subject to Board approval, I have determined that the fastest way to bring The Trump Kennedy Center to the highest level of Success, Beauty, and Grandeur, is to cease Entertainment Operations for an approximately two year period of time, with a scheduled Grand Reopening that will rival and surpass anything that has taken place with respect to such a Facility before. Therefore, The Trump Kennedy Center will close on July 4th, 2026, in honor of the 250th Anniversary of our Country, whereupon we will simultaneously begin Construction of the new and spectacular Entertainment Complex. Financing is completed, and fully in place! This important decision, based on input from many Highly Respected Experts, will take a tired, broken, and dilapidated Center, one that has been in bad condition, both financially and structurally for many years, and turn it into a World Class Bastion of Arts, Music, and Entertainment, far better than it has ever been before. America will be very proud of its new and beautiful Landmark for many generations to come. Thank you for your attention to this matter! PRESIDENT DONALD J. TRUMP"
@realDonaldTrump,2026-02-01 09:07,2026,https://truthsocial.com/@realDonaldTrump/posts/115995998838997278,"This is so GREAT for America, and our wonderful children. A MUST WATCH! This is so GREAT for America, and our wonderful children. A MUST WATCH!"
@realDonaldTrump,2026-02-01 12:53,2026,https://truthsocial.com/@realDonaldTrump/posts/115996883731995217,null
@realDonaldTrump,2026-02-01 12:52,2026,https://truthsocial.com/@realDonaldTrump/posts/115996883381163707,null
@realDonaldTrump,2026-01-27 18:46,2026,https://truthsocial.com/@realDonaldTrump/posts/115969963682592720,"It is my Great Honor to endorse MAGA Warrior and Fountain County GOP Chair, Paula Copenhaver, a terrific Candidate for Indiana's 23rd State Senate District (which I won by 26 points!). Paula is running against an incompetent and ineffective RINO incumbent named Spencer Deery who, for whatever reason, betrayed his voters by voting against Redistricting in Indiana. Deery and his RINO friends made Indiana, a State I love and have been very good to, the only State in the Country that essentially said they don’t care if Democrats and Radical Liberal Judges keep conspiring to steal seats in the United States Congress from Republicans. We could have easily picked up two seats in Indiana, but Deery, an America Last politician, would rather side with Far Left Democrats who will do anything and everything in their power to reverse the incredible progress we have made for the American people over the last year since I reassumed the Office of President. While “RINO” Spencer Deery prefers Democrats, Paula Copenhaver has helped REAL Republicans get elected across her Community, As your next State Senator, Paula will work hard to Protect ""Hoosier"" Values, Advocate for the Working Men and Women of Indiana, Grow the Economy, Cut Taxes and Regulations, Promote American Manufacturing, Advance MADE IN THE U.S.A., Unleash American Energy DOMINANCE, Keep our Border SECURE, Ensure LAW AND ORDER, Support our Brave Military, Veterans, and Law Enforcement, Safeguard our Elections, and Protect our always under siege Second Amendment. Paula Copenhaver has my Complete and Total Endorsement to be the next State Senator from Indiana's 23rd Senate District. Unlike incumbent Spencer Deery, a “RINO” who has become a favorite politician of the Far Left, PAULA COPENHAVER IS A WINNER WHO WILL NEVER LET YOU DOWN! It is my Great Honor to endorse MAGA Warrior and Fountain County GOP Chair, Paula Copenhaver, a terrific Candidate for Indiana's 23rd State Senate District (which I won by 26 points!). Paula is running against an incompetent and ineffective RINO incumbent named Spencer Deery who, for whatever reason, betrayed his voters by voting against Redistricting in Indiana. Deery and his RINO friends made Indiana, a State I love and have been very good to, the only State in the Country that essentially said they don’t care if Democrats and Radical Liberal Judges keep conspiring to steal seats in the United States Congress from Republicans. We could have easily picked up two seats in Indiana, but Deery, an America Last politician, would rather side with Far Left Democrats who will do anything and everything in their power to reverse the incredible progress we have made for the American people over the last year since I reassumed the Office of President. While “RINO” Spencer Deery prefers Democrats, Paula Copenhaver has helped REAL Republicans get elected across her Community, As your next State Senator, Paula will work hard to Protect ""Hoosier"" Values, Advocate for the Working Men and Women of Indiana, Grow the Economy, Cut Taxes and Regulations, Promote American Manufacturing, Advance MADE IN THE U.S.A., Unleash American Energy DOMINANCE, Keep our Border SECURE, Ensure LAW AND ORDER, Support our Brave Military, Veterans, and Law Enforcement, Safeguard our Elections, and Protect our always under siege Second Amendment. Paula Copenhaver has my Complete and Total Endorsement to be the next State Senator from Indiana's 23rd Senate District. Unlike incumbent Spencer Deery, a “RINO” who has become a favorite politician of the Far Left, PAULA COPENHAVER IS A WINNER WHO WILL NEVER LET YOU DOWN!"
@realDonaldTrump,2026-01-26 18:48,2026,https://truthsocial.com/@realDonaldTrump/posts/115964309300790101,"It is my Great Honor to endorse America First Patriot Tracey Powell, a fantastic Candidate for Indiana's 21st State Senate District (which I won by 24 points!). Tracey is running against a pathetic RINO incumbent named Jim Buck, who, for whatever reason, voted against Redistricting in Indiana, which puts the United States Congress in jeopardy. Buck and his RINO friends made Indiana, a State I love and have been very good to, the only State in the Country that essentially said they don’t care if Democrats steal Republican House seats to take over the United States Congress. We could have easily picked up two seats in Indiana, helping Democrat seat theft in Blue States, but instead, Buck, an America Last politician, would rather give away our Majority in the House of Representatives, thereby putting our Country in a very dangerous position that could cost us some of the magnificent gains that we have made over the last year, since I assumed the Office of President. Tracey Powell, on the other hand, is a successful Businessman, Chiropractor, Farmer, and Highly Respected Tipton County Commissioner, who has dedicated his life to serving his Community. As your next State Senator, Tracey will fight tirelessly to Protect ""Hoosier"" Values, Grow the Economy, Cut Taxes and Regulations, Promote MADE IN THE U.S.A., Champion our Amazing Farmers and Agriculture, Unleash American Energy DOMINANCE, Keep our Border SECURE, Ensure LAW AND ORDER, Support our Military, Veterans, and Law Enforcement, Advance Election Integrity, Defend our always under siege Second Amendment. Tracey Powell has my Complete and Total Endorsement to be the next State Senator from Indiana's 21st Senate District. Unlike incumbent Jim Buck, a “RINO” who failed the wonderful people of Indiana so badly, TRACEY POWELL IS A WINNER WHO WILL NOT LET YOU DOWN! It is my Great Honor to endorse America First Patriot Tracey Powell, a fantastic Candidate for Indiana's 21st State Senate District (which I won by 24 points!). Tracey is running against a pathetic RINO incumbent named Jim Buck, who, for whatever reason, voted against Redistricting in Indiana, which puts the United States Congress in jeopardy. Buck and his RINO friends made Indiana, a State I love and have been very good to, the only State in the Country that essentially said they don’t care if Democrats steal Republican House seats to take over the United States Congress. We could have easily picked up two seats in Indiana, helping Democrat seat theft in Blue States, but instead, Buck, an America Last politician, would rather give away our Majority in the House of Representatives, thereby putting our Country in a very dangerous position that could cost us some of the magnificent gains that we have made over the last year, since I assumed the Office of President. Tracey Powell, on the other hand, is a successful Businessman, Chiropractor, Farmer, and Highly Respected Tipton County Commissioner, who has dedicated his life to serving his Community. As your next State Senator, Tracey will fight tirelessly to Protect ""Hoosier"" Values, Grow the Economy, Cut Taxes and Regulations, Promote MADE IN THE U.S.A., Champion our Amazing Farmers and Agriculture, Unleash American Energy DOMINANCE, Keep our Border SECURE, Ensure LAW AND ORDER, Support our Military, Veterans, and Law Enforcement, Advance Election Integrity, Defend our always under siege Second Amendment. Tracey Powell has my Complete and Total Endorsement to be the next State Senator from Indiana's 21st Senate District. Unlike incumbent Jim Buck, a “RINO” who failed the wonderful people of Indiana so badly, TRACEY POWELL IS A WINNER WHO WILL NOT LET YOU DOWN!"
@realDonaldTrump,2026-01-22 18:25,2026,https://truthsocial.com/@realDonaldTrump/posts/115941568330748012,"I am hearing that Bluffton City Councilman Blake Fiechter, a True America First Patriot, is considering a primary challenge against “RINO” State Senator Travis Holdman, in Indiana’s 19th Senate District who, for whatever reason, voted against Redistricting in Indiana, in a District that I won by 39 points, which puts the United States Congress in jeopardy. Holdman and his RINO friends made Indiana, a State I love and have been very good to, the only State in the Country that essentially said they don’t care about what happens in the United States Congress. We could have easily picked up two seats in Indiana, so Holdman, an America Last politician, put our Majority in the House of Representatives at risk, thereby putting our Country in a very dangerous position in losing some of the magnificent gains that we have made over the last year, since I assumed the Office of President. On the other hand, Blake Fiechter, a very successful Real Estate Broker, Proud Husband, Loving Father to three girls, and a Highly Respected Councilman in the wonderful City of Bluffton, has dedicated his life to serving the Community which he loves so much. As your next State Senator, Blake would fight tirelessly to Protect ""Hoosier"" Values, Promote our Amazing Farmers and Ranchers, Grow our Economy, Cut Taxes and Regulations, Advance MADE IN THE U.S.A., Promote American Energy DOMINANCE, Keep our Border SECURE, Support our Brave Military, Veterans, and Law Enforcement, Ensure LAW AND ORDER, Safeguard our Elections, and Protect our always under siege Second Amendment. Should he decide to enter this Race, and hopefully he will, Blake Fiechter has my Complete and Total Endorsement against RINO Travis Holdman. RUN, BLAKE, RUN! I am hearing that Bluffton City Councilman Blake Fiechter, a True America First Patriot, is considering a primary challenge against “RINO” State Senator Travis Holdman, in Indiana’s 19th Senate District who, for whatever reason, voted against Redistricting in Indiana, in a District that I won by 39 points, which puts the United States Congress in jeopardy. Holdman and his RINO friends made Indiana, a State I love and have been very good to, the only State in the Country that essentially said they don’t care about what happens in the United States Congress. We could have easily picked up two seats in Indiana, so Holdman, an America Last politician, put our Majority in the House of Representatives at risk, thereby putting our Country in a very dangerous position in losing some of the magnificent gains that we have made over the last year, since I assumed the Office of President. On the other hand, Blake Fiechter, a very successful Real Estate Broker, Proud Husband, Loving Father to three girls, and a Highly Respected Councilman in the wonderful City of Bluffton, has dedicated his life to serving the Community which he loves so much. As your next State Senator, Blake would fight tirelessly to Protect ""Hoosier"" Values, Promote our Amazing Farmers and Ranchers, Grow our Economy, Cut Taxes and Regulations, Advance MADE IN THE U.S.A., Promote American Energy DOMINANCE, Keep our Border SECURE, Support our Brave Military, Veterans, and Law Enforcement, Ensure LAW AND ORDER, Safeguard our Elections, and Protect our always under siege Second Amendment. Should he decide to enter this Race, and hopefully he will, Blake Fiechter has my Complete and Total Endorsement against RINO Travis Holdman. RUN, BLAKE, RUN!"
@realDonaldTrump,2026-02-01 12:50,2026,https://truthsocial.com/@realDonaldTrump/posts/115996874753341191,null
@realDonaldTrump,2026-02-01 12:50,2026,https://truthsocial.com/@realDonaldTrump/posts/115996873715153496,null
@realDonaldTrump,2026-02-01 12:50,2026,https://truthsocial.com/@realDonaldTrump/posts/115996872863293592,Niall Ferguson: How Trump Won Davos: https://www.thefp.com/p/niall-ferguson-how-trump-won-davos/ Niall Ferguson: How Trump Won Davos: https://www.thefp.com/p/niall-ferguson-how-trump-won-davos/
@realDonaldTrump,2026-02-01 09:09,2026,https://truthsocial.com/@realDonaldTrump/posts/115996004887528511,null
@realDonaldTrump,2026-02-01 07:27,2026,https://truthsocial.com/@realDonaldTrump/posts/115995604245395993,BLOCKBUSTER!Melania Trump film on track for best opening weekend of any documentary in last 10 years: https://justthenews.com/government/white-house/melania-trump-film-track-largest-opening-weekend-any-documentary-last-10/ BLOCKBUSTER! Melania Trump film on track for best opening weekend of any documentary in last 10 years: https://justthenews.com/government/white-house/melania-trump-film-track-largest-opening-weekend-any-documentary-last-10/
@realDonaldTrump,2026-02-01 07:47,2026,https://truthsocial.com/@realDonaldTrump/posts/115995683487830110,https://youtu.be/IvgGnWcxRhE https://youtu.be/IvgGnWcxRhE
@realDonaldTrump,2026-02-01 00:32,2026,https://truthsocial.com/@realDonaldTrump/posts/115993971806457869,https://x.com/huberton/status/2017809513479327924/ https://x.com/huberton/status/2017809513479327924/
@realDonaldTrump,2026-01-31 20:57,2026,https://truthsocial.com/@realDonaldTrump/posts/115993128404500913,null
@realDonaldTrump,2026-01-31 11:17,2026,https://truthsocial.com/@realDonaldTrump/posts/115990846684434752,null
@realDonaldTrump,2026-01-31 11:15,2026,https://truthsocial.com/@realDonaldTrump/posts/115990836583962276,null
@realDonaldTrump,2026-01-31 11:14,2026,https://truthsocial.com/@realDonaldTrump/posts/115990834742814001,null
@realDonaldTrump,2026-01-31 11:13,2026,https://truthsocial.com/@realDonaldTrump/posts/115990828471327552,null
@realDonaldTrump,2026-01-31 11:12,2026,https://truthsocial.com/@realDonaldTrump/posts/115990827602274653,null
@realDonaldTrump,2026-01-31 10:27,2026,https://truthsocial.com/@realDonaldTrump/posts/115990648113489950,"The people of our once again great Country want Law, Order, and Justice! The people of our once again great Country want Law, Order, and Justice!"
@realDonaldTrump,2026-01-31 07:21,2026,https://truthsocial.com/@realDonaldTrump/posts/115989916560112535,"The Theft and Fraud in Minnesota is far greater than the 19 Billion Dollars originally projected. The Biden Administration knew this FRAUD was happening, and did absolutely nothing about it. “Scammer” Illhan Omar and her absolutely terrible friends from Somalia should all be in jail right now or, far worse, send them back to Somalia. “Governor” Waltz is either the most CORRUPT government official in history, or the most INCOMPETENT. Even a very low IQ person, of which there are many, should have known what was going on in Minnesota!!! President DJT The Theft and Fraud in Minnesota is far greater than the 19 Billion Dollars originally projected. The Biden Administration knew this FRAUD was happening, and did absolutely nothing about it. “Scammer” Illhan Omar and her absolutely terrible friends from Somalia should all be in jail right now or, far worse, send them back to Somalia. “Governor” Waltz is either the most CORRUPT government official in history, or the most INCOMPETENT. Even a very low IQ person, of which there are many, should have known what was going on in Minnesota!!! President DJT"
@realDonaldTrump,2026-01-30 21:01,2026,https://truthsocial.com/@realDonaldTrump/posts/115987481835523508,Border Czar (Plus!) Tom Homan is doing a FANTASTIC JOB. He is one of a kind. Thank you Tom!!! President DJT Border Czar (Plus!) Tom Homan is doing a FANTASTIC JOB. He is one of a kind. Thank you Tom!!! President DJT
@realDonaldTrump,2026-01-30 20:57,2026,https://truthsocial.com/@realDonaldTrump/posts/115987465493616768,"The Radical Left Lunatics, Insurrectionists, Agitators, and Thugs, are going after Kristi Noem, the Secretary of Homeland Security, because she is a woman, and has done a really GREAT JOB! The Border disaster that I inherited is fixed, the violent criminals that were allowed into our Country through Sleepy Joe’s “sick” Open Border Policy, are largely gone, or being strongly sought for purposes of removal, and the Murder Rate in the USA just reached the lowest level in history, 125 years! Washington, D.C., is now one of the safest cities in America - Likewise, numerous other once very dangerous cities! Republicans, don’t let these Crooked Democrats, who are stealing Billions of Dollars from Minnesota, and other Cities and States from all over the Country, push you around. They are using this aggressive protest SCAM to obfuscate, camouflage, and hide their CRIMINAL ACTS of theft and insurrection. They should all be in jail. I was elected on Strong Borders, and Law and Order, among many other things. Thank you to Secretary Kristi Noem. Remember, ELECTIONS HAVE CONSEQUENCES!!! PRESIDENT DONALD J. TRUMP The Radical Left Lunatics, Insurrectionists, Agitators, and Thugs, are going after Kristi Noem, the Secretary of Homeland Security, because she is a woman, and has done a really GREAT JOB! The Border disaster that I inherited is fixed, the violent criminals that were allowed into our Country through Sleepy Joe’s “sick” Open Border Policy, are largely gone, or being strongly sought for purposes of removal, and the Murder Rate in the USA just reached the lowest level in history, 125 years! Washington, D.C., is now one of the safest cities in America - Likewise, numerous other once very dangerous cities! Republicans, don’t let these Crooked Democrats, who are stealing Billions of Dollars from Minnesota, and other Cities and States from all over the Country, push you around. They are using this aggressive protest SCAM to obfuscate, camouflage, and hide their CRIMINAL ACTS of theft and insurrection. They should all be in jail. I was elected on Strong Borders, and Law and Order, among many other things. Thank you to Secretary Kristi Noem. Remember, ELECTIONS HAVE CONSEQUENCES!!! PRESIDENT DONALD J. TRUMP"
@realDonaldTrump,2026-01-30 06:34,2026,https://truthsocial.com/@realDonaldTrump/posts/115984071734301762,"Their was great speculation that highly respected Kevin Hassett was going to be named Chairman of the Fed, and a great Chairman he would have been but, quite honestly, he is doing such an outstanding job working with me and my team at the White House, that I just didn’t want to let him go. Kevin is indescribably good so, as the expression goes, “if you can’t do better, don’t try to fix it!” Thank you Kevin for doing such a great job! President DJT Their was great speculation that highly respected Kevin Hassett was going to be named Chairman of the Fed, and a great Chairman he would have been but, quite honestly, he is doing such an outstanding job working with me and my team at the White House, that I just didn’t want to let him go. Kevin is indescribably good so, as the expression goes, “if you can’t do better, don’t try to fix it!” Thank you Kevin for doing such a great job! President DJT"
@realDonaldTrump,2026-01-30 06:41,2026,https://truthsocial.com/@realDonaldTrump/posts/115984100084458641,null
@realDonaldTrump,2026-01-30 06:41,2026,https://truthsocial.com/@realDonaldTrump/posts/115984098944809941,null
@realDonaldTrump,2026-01-30 05:48,2026,https://truthsocial.com/@realDonaldTrump/posts/115983891481988557,"I am pleased to announce that I am nominating Kevin Warsh to be the CHAIRMAN OF THE BOARD OF GOVERNORS OF THE FEDERAL RESERVE SYSTEM. Kevin currently serves as the Shepard Family Distinguished Visiting Fellow in Economics at the Hoover Institution, and Lecturer at the Stanford Graduate School of Business. He is a Partner of Stanley Druckenmiller at Duquesne Family Office LLC. Kevin received his A.B. from Stanford University, and J.D. from Harvard Law School. He has conducted extensive research in the field of Economics and Finance. Kevin issued an Independent Report to the Bank of England proposing reforms in the conduct of Monetary Policy in the United Kingdom. Parliament adopted the Report's recommendations. Kevin Warsh became the youngest Fed Governor, ever, at 35, and served as a Member of the Board of Governors of the Federal Reserve System from 2006 until 2011, as the Federal Reserve's Representative to the Group of Twenty (G-20), and as the Board's Emissary to the Emerging and Advanced Economies in Asia. In addition, he was Administrative Governor, managing and overseeing the Board's operations, personnel, and financial performance. Prior to his appointment to the Board, from 2002 until 2006, Kevin served as Special Assistant to the President for Economic Policy, and Executive Secretary of the White House National Economic Council. Previously, Kevin was a member of the Mergers & Acquisitions Department at Morgan Stanley & Co., in New York, serving as Vice President and Executive Director. I have known Kevin for a long period of time, and have no doubt that he will go down as one of the GREAT Fed Chairmen, maybe the best. On top of everything else, he is “central casting,” and he will never let you down. Congratulations Kevin! PRESIDENT DONALD J. TRUMP I am pleased to announce that I am nominating Kevin Warsh to be the CHAIRMAN OF THE BOARD OF GOVERNORS OF THE FEDERAL RESERVE SYSTEM. Kevin currently serves as the Shepard Family Distinguished Visiting Fellow in Economics at the Hoover Institution, and Lecturer at the Stanford Graduate School of Business. He is a Partner of Stanley Druckenmiller at Duquesne Family Office LLC. Kevin received his A.B. from Stanford University, and J.D. from Harvard Law School. He has conducted extensive research in the field of Economics and Finance. Kevin issued an Independent Report to the Bank of England proposing reforms in the conduct of Monetary Policy in the United Kingdom. Parliament adopted the Report's recommendations. Kevin Warsh became the youngest Fed Governor, ever, at 35, and served as a Member of the Board of Governors of the Federal Reserve System from 2006 until 2011, as the Federal Reserve's Representative to the Group of Twenty (G-20), and as the Board's Emissary to the Emerging and Advanced Economies in Asia. In addition, he was Administrative Governor, managing and overseeing the Board's operations, personnel, and financial performance. Prior to his appointment to the Board, from 2002 until 2006, Kevin served as Special Assistant to the President for Economic Policy, and Executive Secretary of the White House National Economic Council. Previously, Kevin was a member of the Mergers & Acquisitions Department at Morgan Stanley & Co., in New York, serving as Vice President and Executive Director. I have known Kevin for a long period of time, and have no doubt that he will go down as one of the GREAT Fed Chairmen, maybe the best. On top of everything else, he is “central casting,” and he will never let you down. Congratulations Kevin! PRESIDENT DONALD J. TRUMP"
@realDonaldTrump,2026-01-30 00:57,2026,https://truthsocial.com/@realDonaldTrump/posts/115982747344520072,"Leigh Wambsganss, a Republican running for the State Senate in the suburbs of Fort Worth, Texas, will be a GREAT Candidate and has my Complete and Total Endorsement. Thank you for your attention to this matter!!! President DJT Leigh Wambsganss, a Republican running for the State Senate in the suburbs of Fort Worth, Texas, will be a GREAT Candidate and has my Complete and Total Endorsement. Thank you for your attention to this matter!!! President DJT"
@realDonaldTrump,2026-01-30 00:26,2026,https://truthsocial.com/@realDonaldTrump/posts/115982625271651077,"Agitator and, perhaps, insurrectionist, Alex Pretti’s stock has gone way down with the just released video of him screaming and spitting in the face of a very calm and under control ICE Officer, and then crazily kicking in a new and very expensive government vehicle, so hard and violent, in fact, that the taillight broke off in pieces. It was quite a display of abuse and anger, for all to see, crazed and out of control. The ICE Officer was calm and cool, not an easy thing to be under those circumstances! MAKE AMERICA GREAT AGAIN. Agitator and, perhaps, insurrectionist, Alex Pretti’s stock has gone way down with the just released video of him screaming and spitting in the face of a very calm and under control ICE Officer, and then crazily kicking in a new and very expensive government vehicle, so hard and violent, in fact, that the taillight broke off in pieces. It was quite a display of abuse and anger, for all to see, crazed and out of control. The ICE Officer was calm and cool, not an easy thing to be under those circumstances! MAKE AMERICA GREAT AGAIN."
@realDonaldTrump,2026-01-29 17:29,2026,https://truthsocial.com/@realDonaldTrump/posts/115980983698005555,"Based on the fact that Canada has wrongfully, illegally, and steadfastly refused to certify the Gulfstream 500, 600, 700, and 800 Jets, one of the greatest, most technologically advanced airplanes ever made, we are hereby decertifying their Bombardier Global Expresses, and all Aircraft made in Canada, until such time as Gulfstream, a Great American Company, is fully certified, as it should have been many years ago. Further, Canada is effectively prohibiting the sale of Gulfstream products in Canada through this very same certification process. If, for any reason, this situation is not immediately corrected, I am going to charge Canada a 50% Tariff on any and all Aircraft sold into the United States of America. Thank you for your attention to this matter!DONALD J. TRUMPPRESIDENT OF THE UNITED STATES OF AMERICA Based on the fact that Canada has wrongfully, illegally, and steadfastly refused to certify the Gulfstream 500, 600, 700, and 800 Jets, one of the greatest, most technologically advanced airplanes ever made, we are hereby decertifying their Bombardier Global Expresses, and all Aircraft made in Canada, until such time as Gulfstream, a Great American Company, is fully certified, as it should have been many years ago. Further, Canada is effectively prohibiting the sale of Gulfstream products in Canada through this very same certification process. If, for any reason, this situation is not immediately corrected, I am going to charge Canada a 50% Tariff on any and all Aircraft sold into the United States of America. Thank you for your attention to this matter! DONALD J. TRUMPPRESIDENT OF THE UNITED STATES OF AMERICA"
@realDonaldTrump,2026-01-29 05:02,2026,https://truthsocial.com/@realDonaldTrump/posts/115978045822911393,https://x.com/thescif/status/2016648324644839849?s=10 https://x.com/thescif/status/2016648324644839849?s=10
@realDonaldTrump,2026-01-29 04:59,2026,https://truthsocial.com/@realDonaldTrump/posts/115978035580347742,TRUMP WON BIG. Crooked Election! TRUMP WON BIG. Crooked Election!
@realDonaldTrump,2026-01-29 04:58,2026,https://truthsocial.com/@realDonaldTrump/posts/115978031218105674,null
@realDonaldTrump,2026-01-29 04:58,2026,https://truthsocial.com/@realDonaldTrump/posts/115978030093232724,null
@realDonaldTrump,2026-01-29 04:55,2026,https://truthsocial.com/@realDonaldTrump/posts/115978018196673150,null
@realDonaldTrump,2026-01-29 04:54,2026,https://truthsocial.com/@realDonaldTrump/posts/115978016656496914,null
@realDonaldTrump,2026-01-29 04:54,2026,https://truthsocial.com/@realDonaldTrump/posts/115978015637349856,null
@realDonaldTrump,2026-01-29 04:52,2026,https://truthsocial.com/@realDonaldTrump/posts/115978008041696617,null
@realDonaldTrump,2026-01-29 04:52,2026,https://truthsocial.com/@realDonaldTrump/posts/115978006663781152,null
@realDonaldTrump,2026-01-29 04:50,2026,https://truthsocial.com/@realDonaldTrump/posts/115977999942668304,null
@realDonaldTrump,2026-01-29 04:49,2026,https://truthsocial.com/@realDonaldTrump/posts/115977995942523042,null
@realDonaldTrump,2026-01-29 04:49,2026,https://truthsocial.com/@realDonaldTrump/posts/115977994861835048,null
@realDonaldTrump,2026-01-29 04:48,2026,https://truthsocial.com/@realDonaldTrump/posts/115977991146177531,null
@realDonaldTrump,2026-01-29 04:47,2026,https://truthsocial.com/@realDonaldTrump/posts/115977989092985244,null
@realDonaldTrump,2026-01-29 04:47,2026,https://truthsocial.com/@realDonaldTrump/posts/115977987613888341,null
@realDonaldTrump,2026-01-28 20:59,2026,https://truthsocial.com/@realDonaldTrump/posts/115976147900633194,null
@realDonaldTrump,2026-01-28 20:59,2026,https://truthsocial.com/@realDonaldTrump/posts/115976146596099501,null
@realDonaldTrump,2026-01-28 20:57,2026,https://truthsocial.com/@realDonaldTrump/posts/115976140276245215,null
@realDonaldTrump,2026-01-28 20:57,2026,https://truthsocial.com/@realDonaldTrump/posts/115976139000655425,null
@realDonaldTrump,2026-01-28 20:56,2026,https://truthsocial.com/@realDonaldTrump/posts/115976137518745262,null
@realDonaldTrump,2026-01-28 20:54,2026,https://truthsocial.com/@realDonaldTrump/posts/115976126679239316,null
@realDonaldTrump,2026-01-28 20:51,2026,https://truthsocial.com/@realDonaldTrump/posts/115976116441144595,null
@realDonaldTrump,2026-01-28 20:47,2026,https://truthsocial.com/@realDonaldTrump/posts/115976098840615554,null
@realDonaldTrump,2026-01-28 20:46,2026,https://truthsocial.com/@realDonaldTrump/posts/115976098021687841,null
@realDonaldTrump,2026-01-28 20:46,2026,https://truthsocial.com/@realDonaldTrump/posts/115976097090036927,null
@realDonaldTrump,2026-01-28 20:46,2026,https://truthsocial.com/@realDonaldTrump/posts/115976096172673055,null
@realDonaldTrump,2026-01-28 20:43,2026,https://truthsocial.com/@realDonaldTrump/posts/115976085116102023,null
@realDonaldTrump,2026-01-28 20:43,2026,https://truthsocial.com/@realDonaldTrump/posts/115976083051639204,https://x.com/thescif/status/2015360381938794633?s=46 https://x.com/thescif/status/2015360381938794633?s=46
@realDonaldTrump,2026-01-28 20:42,2026,https://truthsocial.com/@realDonaldTrump/posts/115976080539602378,null
@realDonaldTrump,2026-01-28 20:41,2026,https://truthsocial.com/@realDonaldTrump/posts/115976076724853674,null
@realDonaldTrump,2026-01-28 20:41,2026,https://truthsocial.com/@realDonaldTrump/posts/115976075152814006,null
@realDonaldTrump,2026-01-28 20:40,2026,https://truthsocial.com/@realDonaldTrump/posts/115976071594477677,null
@realDonaldTrump,2026-01-28 20:39,2026,https://truthsocial.com/@realDonaldTrump/posts/115976069795226326,null
@realDonaldTrump,2026-01-28 20:39,2026,https://truthsocial.com/@realDonaldTrump/posts/115976068860342912,null
@realDonaldTrump,2026-01-28 20:36,2026,https://truthsocial.com/@realDonaldTrump/posts/115976057163286505,null
@realDonaldTrump,2026-01-28 20:34,2026,https://truthsocial.com/@realDonaldTrump/posts/115976048596233531,null
@realDonaldTrump,2026-01-28 20:33,2026,https://truthsocial.com/@realDonaldTrump/posts/115976046399428716,null
@realDonaldTrump,2026-01-28 20:33,2026,https://truthsocial.com/@realDonaldTrump/posts/115976045485606687,null
@realDonaldTrump,2026-01-28 20:33,2026,https://truthsocial.com/@realDonaldTrump/posts/115976044566734223,null
@realDonaldTrump,2026-01-28 20:33,2026,https://truthsocial.com/@realDonaldTrump/posts/115976043575563522,null
@realDonaldTrump,2026-01-28 20:28,2026,https://truthsocial.com/@realDonaldTrump/posts/115976026734414117,null
@realDonaldTrump,2026-01-28 20:28,2026,https://truthsocial.com/@realDonaldTrump/posts/115976025713697412,null
@realDonaldTrump,2026-01-28 20:28,2026,https://truthsocial.com/@realDonaldTrump/posts/115976023784905122,null
@realDonaldTrump,2026-01-28 20:27,2026,https://truthsocial.com/@realDonaldTrump/posts/115976022136360776,null
@realDonaldTrump,2026-01-28 08:37,2026,https://truthsocial.com/@realDonaldTrump/posts/115973230205233959,The S&P 500 just hit 7000 for the FIRST TIME EVER. AMERICA IS BACK!!! The S&P 500 just hit 7000 for the FIRST TIME EVER. AMERICA IS BACK!!!
@realDonaldTrump,2026-01-28 07:23,2026,https://truthsocial.com/@realDonaldTrump/posts/115972940749866695,"Surprisingly, Mayor Jacob Frey just stated that, “Minneapolis does not, and will not, enforce Federal Immigration Laws.” This is after having had a very good conversation with him. Could somebody in his inner sanctum please explain that this statement is a very serious violation of the Law, and that he is PLAYING WITH FIRE! Surprisingly, Mayor Jacob Frey just stated that, “Minneapolis does not, and will not, enforce Federal Immigration Laws.” This is after having had a very good conversation with him. Could somebody in his inner sanctum please explain that this statement is a very serious violation of the Law, and that he is PLAYING WITH FIRE!"
@realDonaldTrump,2026-01-28 06:26,2026,https://truthsocial.com/@realDonaldTrump/posts/115972714460477814,"It is the same mindset that gave pro football the new and unwatchable “Sissy” Kickoff Rule, that made it possible for Bill Belichick to not be elected into the Pro Football Hall of Fame. Both are ridiculous and should be overturned! It is the same mindset that gave pro football the new and unwatchable “Sissy” Kickoff Rule, that made it possible for Bill Belichick to not be elected into the Pro Football Hall of Fame. Both are ridiculous and should be overturned!"
@realDonaldTrump,2026-01-28 06:12,2026,https://truthsocial.com/@realDonaldTrump/posts/115972658725010644,"A massive Armada is heading to Iran. It is moving quickly, with great power, enthusiasm, and purpose. It is a larger fleet, headed by the great Aircraft Carrier Abraham Lincoln, than that sent to Venezuela. Like with Venezuela, it is, ready, willing, and able to rapidly fulfill its mission, with speed and violence, if necessary. Hopefully Iran will quickly “Come to the Table” and negotiate a fair and equitable deal - NO NUCLEAR WEAPONS - one that is good for all parties. Time is running out, it is truly of the essence! As I told Iran once before, MAKE A DEAL! They didn’t, and there was “Operation Midnight Hammer,” a major destruction of Iran. The next attack will be far worse! Don’t make that happen again. Thank you for your attention to this matter! President DONALD J. TRUMP A massive Armada is heading to Iran. It is moving quickly, with great power, enthusiasm, and purpose. It is a larger fleet, headed by the great Aircraft Carrier Abraham Lincoln, than that sent to Venezuela. Like with Venezuela, it is, ready, willing, and able to rapidly fulfill its mission, with speed and violence, if necessary. Hopefully Iran will quickly “Come to the Table” and negotiate a fair and equitable deal - NO NUCLEAR WEAPONS - one that is good for all parties. Time is running out, it is truly of the essence! As I told Iran once before, MAKE A DEAL! They didn’t, and there was “Operation Midnight Hammer,” a major destruction of Iran. The next attack will be far worse! Don’t make that happen again. Thank you for your attention to this matter! President DONALD J. TRUMP"
@realDonaldTrump,2026-01-27 19:00,2026,https://truthsocial.com/@realDonaldTrump/posts/115970017665991958,https://www.thegatewaypundit.com/2026/01/lol-trump-nukes-abc-reporter-she-hasnt-asked/ https://www.thegatewaypundit.com/2026/01/lol-trump-nukes-abc-reporter-she-hasnt-asked/
@realDonaldTrump,2026-01-27 18:58,2026,https://truthsocial.com/@realDonaldTrump/posts/115970009433933657,"It is my Great Honor to endorse MAGA Warrior, Michael Alfonso, a young “STAR” who is running to represent the incredible people of Wisconsin’s 7th Congressional District. Michael is the son-in-law of our GREAT Secretary of Transportation, Sean Duffy, and the wonderful Rachel Campos-Duffy, of FoxNews, one of the most popular (and talented!) anchors in all of Television. His family has been fierce advocates for our Movement to, MAKE AMERICA GREAT AGAIN! As your next Congressman, Michael will work tirelessly to Grow our Economy, Cut Taxes and Regulations, Champion our Amazing Farmers and Ranchers, Promote MADE IN THE U.S.A., Advance American Energy DOMINANCE, Keep our Border SECURE, Stop Migrant Crime, Support our Military/Veterans, Safeguard our Elections, and Protect our always under siege Second Amendment. Michael Alfonso has been a WINNER all of his life, comes from a truly spectacular family, and has my Complete and Total Endorsement to be the next Representative from Wisconsin’s 7th Congressional District — HE WILL NEVER LET YOU DOWN! It is my Great Honor to endorse MAGA Warrior, Michael Alfonso, a young “STAR” who is running to represent the incredible people of Wisconsin’s 7th Congressional District. Michael is the son-in-law of our GREAT Secretary of Transportation, Sean Duffy, and the wonderful Rachel Campos-Duffy, of FoxNews, one of the most popular (and talented!) anchors in all of Television. His family has been fierce advocates for our Movement to, MAKE AMERICA GREAT AGAIN! As your next Congressman, Michael will work tirelessly to Grow our Economy, Cut Taxes and Regulations, Champion our Amazing Farmers and Ranchers, Promote MADE IN THE U.S.A., Advance American Energy DOMINANCE, Keep our Border SECURE, Stop Migrant Crime, Support our Military/Veterans, Safeguard our Elections, and Protect our always under siege Second Amendment. Michael Alfonso has been a WINNER all of his life, comes from a truly spectacular family, and has my Complete and Total Endorsement to be the next Representative from Wisconsin’s 7th Congressional District — HE WILL NEVER LET YOU DOWN!"
@realDonaldTrump,2026-01-27 18:53,2026,https://truthsocial.com/@realDonaldTrump/posts/115969989606605553,"It is my Great Honor to endorse America First Patriot, Jeff Ellington, a terrific Candidate for Indiana's 39th State Senate District (which I won by a whopping 55 points!). Jeff will be a fantastic replacement for RINO Eric Bassler, who may not even run again because Republicans are so angry with him over his betrayal he committed when he, for whatever reason, voted against Redistricting in Indiana, which essentially made him a partner to the Radical Left Democrats in their quest to take control of the United States House of Representatives, and reverse the great progress we have made in the last year. Bassler and his RINO friends made Indiana, a State I love that is full of Patriots who love America, the only State in the Nation that would rather turn over our Country to Democrats than fight back against their corruption, and finish the job we started over 10 years ago. We could have easily picked up two seats in Indiana, but Bassler, an America Last politician, was played for a fool by the Democrats who want to destroy our Country. Now, because Bassler looks to be getting “run out of town” by his Voters, Indiana’s Chief RINO Rod Bray has recruited a new “pawn” in his game named Kristi Risk to run for this seat. She, like Bassler and Bray, was nowhere to be found for Republicans during Redistricting, which means she will never be there for you when the going gets tough. She said there were “more important things” than keeping the House Majority, and protecting the progress we have made over the last year to, MAKE AMERICA GREAT AGAIN. No smart, reliable Republican would ever say such a thing because they would never even think it. For that reason, and more, she cannot be trusted any more than the Failed and Weak “Senator” Bassler. Jeff Ellington, on the other hand, is a Successful Businessman, Retired Firefighter, Horse Farmer, Greene County GOP Chairman, and former State Representative, who has dedicated his life to serving his Community. As your next State Senator, Jeff will work tirelessly to Protect ""Hoosier"" Values, Champion our Amazing Farmers and Ranchers, Grow our Economy, Cut Taxes and Regulations, Promote MADE IN THE U.S.A., Advance American Energy DOMINANCE, Support our Brave Military, Veterans, and Law Enforcement, Safeguard our Elections, and Protect our always under siege Second Amendment. Jeff Ellington has my Complete and Total Endorsement to be the next State Senator from Indiana's 39th Senate District. Unlike Eric Bassler or Kristi Risk, JEFF ELLINGTON WILL NEVER LET YOU DOWN! It is my Great Honor to endorse America First Patriot, Jeff Ellington, a terrific Candidate for Indiana's 39th State Senate District (which I won by a whopping 55 points!). Jeff will be a fantastic replacement for RINO Eric Bassler, who may not even run again because Republicans are so angry with him over his betrayal he committed when he, for whatever reason, voted against Redistricting in Indiana, which essentially made him a partner to the Radical Left Democrats in their quest to take control of the United States House of Representatives, and reverse the great progress we have made in the last year. Bassler and his RINO friends made Indiana, a State I love that is full of Patriots who love America, the only State in the Nation that would rather turn over our Country to Democrats than fight back against their corruption, and finish the job we started over 10 years ago. We could have easily picked up two seats in Indiana, but Bassler, an America Last politician, was played for a fool by the Democrats who want to destroy our Country. Now, because Bassler looks to be getting “run out of town” by his Voters, Indiana’s Chief RINO Rod Bray has recruited a new “pawn” in his game named Kristi Risk to run for this seat. She, like Bassler and Bray, was nowhere to be found for Republicans during Redistricting, which means she will never be there for you when the going gets tough. She said there were “more important things” than keeping the House Majority, and protecting the progress we have made over the last year to, MAKE AMERICA GREAT AGAIN. No smart, reliable Republican would ever say such a thing because they would never even think it. For that reason, and more, she cannot be trusted any more than the Failed and Weak “Senator” Bassler. Jeff Ellington, on the other hand, is a Successful Businessman, Retired Firefighter, Horse Farmer, Greene County GOP Chairman, and former State Representative, who has dedicated his life to serving his Community. As your next State Senator, Jeff will work tirelessly to Protect ""Hoosier"" Values, Champion our Amazing Farmers and Ranchers, Grow our Economy, Cut Taxes and Regulations, Promote MADE IN THE U.S.A., Advance American Energy DOMINANCE, Support our Brave Military, Veterans, and Law Enforcement, Safeguard our Elections, and Protect our always under siege Second Amendment. Jeff Ellington has my Complete and Total Endorsement to be the next State Senator from Indiana's 39th Senate District. Unlike Eric Bassler or Kristi Risk, JEFF ELLINGTON WILL NEVER LET YOU DOWN!"
@realDonaldTrump,2026-01-27 18:48,2026,https://truthsocial.com/@realDonaldTrump/posts/115969971098103360,"Vigo County Commissioner Brenda Wilson, a Proven America First Patriot, is running against “No Goode” Greg Goode (BAD FOR THE U.S.A.!) in the Republican Primary for Indiana’s 38th Senate District, which I won by 28 points! “No Goode” is an incompetent and ineffective RINO incumbent who, for whatever reason, voted against Redistricting in Indiana, which has made him a hero to Hakeem Jeffries, Ilhan Omar, and every other Radical Left Member of the U.S. House of Representatives. “No Goode” and his RINO friends made Indiana, a State I have tremendous love for, the only State in the Country that essentially said they don’t care about what happens to the United States Congress, and therefore to America’s future. We could have easily picked up two seats in Indiana, but No Goode, an America Last politician, threw in with the Democrats, thereby putting our Country in a very dangerous position, and risking the reversal of so much of the incredible progress we have made over the last year for our Country and our people. Brenda Wilson, on the other hand, is a Successful Family Farmer, and Highly Respected Vigo County Commissioner, who will be a strong and effective Voice for our amazing Farmers and Indiana Agriculture. As your next State Senator, Brenda will fight tirelessly to Protect ""Hoosier"" Values, Champion Small Businesses, Promote MADE IN THE U.S.A., Grow our Economy, Cut Taxes and Regulations, Advance American Energy DOMINANCE, Keep our Border SECURE, Support our incredible Military, Veterans, and Law Enforcement, Advance Election Integrity, and Protect our always under siege Second Amendment. Brenda Wilson has my Complete and Total Endorsement, and, unlike “No Goode” — BRENDA WILL NOT LET YOU DOWN! Vigo County Commissioner Brenda Wilson, a Proven America First Patriot, is running against “No Goode” Greg Goode (BAD FOR THE U.S.A.!) in the Republican Primary for Indiana’s 38th Senate District, which I won by 28 points! “No Goode” is an incompetent and ineffective RINO incumbent who, for whatever reason, voted against Redistricting in Indiana, which has made him a hero to Hakeem Jeffries, Ilhan Omar, and every other Radical Left Member of the U.S. House of Representatives. “No Goode” and his RINO friends made Indiana, a State I have tremendous love for, the only State in the Country that essentially said they don’t care about what happens to the United States Congress, and therefore to America’s future. We could have easily picked up two seats in Indiana, but No Goode, an America Last politician, threw in with the Democrats, thereby putting our Country in a very dangerous position, and risking the reversal of so much of the incredible progress we have made over the last year for our Country and our people. Brenda Wilson, on the other hand, is a Successful Family Farmer, and Highly Respected Vigo County Commissioner, who will be a strong and effective Voice for our amazing Farmers and Indiana Agriculture. As your next State Senator, Brenda will fight tirelessly to Protect ""Hoosier"" Values, Champion Small Businesses, Promote MADE IN THE U.S.A., Grow our Economy, Cut Taxes and Regulations, Advance American Energy DOMINANCE, Keep our Border SECURE, Support our incredible Military, Veterans, and Law Enforcement, Advance Election Integrity, and Protect our always under siege Second Amendment. Brenda Wilson has my Complete and Total Endorsement, and, unlike “No Goode” — BRENDA WILL NOT LET YOU DOWN!"
@realDonaldTrump,2026-01-26 16:17,2026,https://truthsocial.com/@realDonaldTrump/posts/115963713974102712,"I just had a very good telephone conversation with Mayor Jacob Frey, of Minneapolis. Lots of progress is being made! Tom Homan will be meeting with him tomorrow in order to continue the discussion. Thank you for your attention to this matter! PRESIDENT DONALD J. TRUMP I just had a very good telephone conversation with Mayor Jacob Frey, of Minneapolis. Lots of progress is being made! Tom Homan will be meeting with him tomorrow in order to continue the discussion. Thank you for your attention to this matter! PRESIDENT DONALD J. TRUMP"
@realDonaldTrump,2026-01-26 16:08,2026,https://truthsocial.com/@realDonaldTrump/posts/115963679718287297,"I am pleased to report that Venezuela is releasing its Political Prisoners at a rapid rate, which rate will be increasing over the coming short period of time. I’d like to thank the leadership of Venezuela for agreeing to this powerful humanitarian gesture! PRESIDENT DONALD J. TRUMP I am pleased to report that Venezuela is releasing its Political Prisoners at a rapid rate, which rate will be increasing over the coming short period of time. I’d like to thank the leadership of Venezuela for agreeing to this powerful humanitarian gesture! PRESIDENT DONALD J. TRUMP"
@realDonaldTrump,2026-01-26 15:57,2026,https://truthsocial.com/@realDonaldTrump/posts/115963633972056786,"Our Trade Deals are very important to America. In each of these Deals, we have acted swiftly to reduce our TARIFFS in line with the Transaction agreed to. We, of course, expect our Trading Partners to do the same. South Korea's Legislature is not living up to its Deal with the United States. President Lee and I reached a Great Deal for both Countries on July 30, 2025, and we reaffirmed these terms while I was in Korea on October 29, 2025. Why hasn't the Korean Legislature approved it? Because the Korean Legislature hasn't enacted our Historic Trade Agreement, which is their prerogative, I am hereby increasing South Korean TARIFFS on Autos, Lumber, Pharma, and all other Reciprocal TARIFFS, from 15% to 25%. Thank you for your attention to this matter! DONALD J. TRUMPPRESIDENT OF THE UNITED STATES OF AMERICA Our Trade Deals are very important to America. In each of these Deals, we have acted swiftly to reduce our TARIFFS in line with the Transaction agreed to. We, of course, expect our Trading Partners to do the same. South Korea's Legislature is not living up to its Deal with the United States. President Lee and I reached a Great Deal for both Countries on July 30, 2025, and we reaffirmed these terms while I was in Korea on October 29, 2025. Why hasn't the Korean Legislature approved it? Because the Korean Legislature hasn't enacted our Historic Trade Agreement, which is their prerogative, I am hereby increasing South Korean TARIFFS on Autos, Lumber, Pharma, and all other Reciprocal TARIFFS, from 15% to 25%. Thank you for your attention to this matter! DONALD J. TRUMPPRESIDENT OF THE UNITED STATES OF AMERICA"
@realDonaldTrump,2026-01-26 14:21,2026,https://truthsocial.com/@realDonaldTrump/posts/115963259137242895,"It is my Great Honor to endorse State Representative Michelle Davis, a REAL Republican running for Indiana's 41st State Senate District (which I won by 33 points!), against RINO incumbent Greg Walker! Michelle will be a fantastic replacement for Walker who, for whatever reason, voted against Redistricting in Indiana, which puts the United States Congress in jeopardy. Walker and his RINO friends made Indiana, a State I love and have been very good to, the only State in the Country that essentially said they don’t care about what happens in the United States Congress. We could have easily picked up two seats in Indiana, so Walker, an America Last politician, put our Majority in the House of Representatives at risk, thereby putting our Country in a very dangerous position in losing some of the magnificent gains that we have made over the last year, since I assumed the Office of President. State Representative Michelle Davis, on the other hand, strongly voted WITH Republicans to pass Redistricting in the State House, unlike “RINO” Greg Walker, who voted with the Democrats in the State Senate to stop it. As your next State Senator, Michelle will fight tirelessly to Protect ""Hoosier"" Values, Advocate for the Working Men and Women of Indiana, Grow our Economy, Cut Taxes and Regulations, Promote American Manufacturing, Advance MADE IN THE U.S.A., Unleash American Energy DOMINANCE, Keep our Border SECURE, Support our Military, Veterans, and Law Enforcement, Advance Election Integrity, and Defend our always under siege Second Amendment. Michelle Davis has my Complete and Total Endorsement to be the next State Senator from Indiana's 41st Senate District. Unlike incumbent Greg Walker, a “RINO” LOSER who has failed the fantastic people of Indiana so badly, MICHELLE DAVIS IS A WINNER WHO WILL NOT LET YOU DOWN! It is my Great Honor to endorse State Representative Michelle Davis, a REAL Republican running for Indiana's 41st State Senate District (which I won by 33 points!), against RINO incumbent Greg Walker! Michelle will be a fantastic replacement for Walker who, for whatever reason, voted against Redistricting in Indiana, which puts the United States Congress in jeopardy. Walker and his RINO friends made Indiana, a State I love and have been very good to, the only State in the Country that essentially said they don’t care about what happens in the United States Congress. We could have easily picked up two seats in Indiana, so Walker, an America Last politician, put our Majority in the House of Representatives at risk, thereby putting our Country in a very dangerous position in losing some of the magnificent gains that we have made over the last year, since I assumed the Office of President. State Representative Michelle Davis, on the other hand, strongly voted WITH Republicans to pass Redistricting in the State House, unlike “RINO” Greg Walker, who voted with the Democrats in the State Senate to stop it. As your next State Senator, Michelle will fight tirelessly to Protect ""Hoosier"" Values, Advocate for the Working Men and Women of Indiana, Grow our Economy, Cut Taxes and Regulations, Promote American Manufacturing, Advance MADE IN THE U.S.A., Unleash American Energy DOMINANCE, Keep our Border SECURE, Support our Military, Veterans, and Law Enforcement, Advance Election Integrity, and Defend our always under siege Second Amendment. Michelle Davis has my Complete and Total Endorsement to be the next State Senator from Indiana's 41st Senate District. Unlike incumbent Greg Walker, a “RINO” LOSER who has failed the fantastic people of Indiana so badly, MICHELLE DAVIS IS A WINNER WHO WILL NOT LET YOU DOWN!"
@realDonaldTrump,2026-01-26 14:16,2026,https://truthsocial.com/@realDonaldTrump/posts/115963236796090298,"The incredible people of Kentucky’s 4th Congressional District, who want desperately to get rid of Thomas Massie, the Worst “Republican” Congressman we have had in many years, gave us a mandate to, MAKE AMERICA GREAT AGAIN! The person that will help us do the job, and do it right, is Navy SEAL, Army Ranger, Fifth Generation Kentucky Farmer, and American Hero, Captain Ed Gallrein, a true Patriot. Today, Ed, who also happens to be central casting, officially filed to run for Congress. I have heard that there are other Candidates exploring a run for this seat, but I am asking all MAGA Warriors to rally behind Captain Ed Gallrein, the Candidate who is, far and away, best positioned to DEFEAT Third Rate Congressman Thomas Massie, a Weak and Pathetic RINO from the beautiful Commonwealth of Kentucky, a place I love, and won BIG, ALL THREE TIMES. A Brave Combat Veteran, Ed knows the Wisdom and Courage required to Defend our Country, Support our Military/Veterans, and Ensure PEACE THROUGH STRENGTH. He is a big fan of our recent attack on Nicolas Maduro, the Dictator of Venezuela. Additionally, as a very successful Businessman, Ed knows how to Create GREAT Jobs, Cut Taxes and Regulations, Promote MADE IN THE U.S.A., Support our Amazing Farmers and American Agriculture, Unleash American Energy Dominance, and Champion our Nation’s Golden Age. In Congress, he will fight tirelessly to Keep our now very Secure Border, SECURE, Stop Migrant Crime, and Defend our always under siege Second Amendment. Captain Ed Gallrein has my Complete and Total Endorsement against “Congressman” Thomas Massie — He only votes AGAINST the Republican Party, making life very easy for the Radical Left. Unlike “lightweight” Congressman Massie, a true hater of Israel, and a totally ineffective LOSER who has failed us so badly, CAPTAIN ED GALLREIN IS A WINNER WHO WILL NOT LET KENTUCKY DOWN! The incredible people of Kentucky’s 4th Congressional District, who want desperately to get rid of Thomas Massie, the Worst “Republican” Congressman we have had in many years, gave us a mandate to, MAKE AMERICA GREAT AGAIN! The person that will help us do the job, and do it right, is Navy SEAL, Army Ranger, Fifth Generation Kentucky Farmer, and American Hero, Captain Ed Gallrein, a true Patriot. Today, Ed, who also happens to be central casting, officially filed to run for Congress. I have heard that there are other Candidates exploring a run for this seat, but I am asking all MAGA Warriors to rally behind Captain Ed Gallrein, the Candidate who is, far and away, best positioned to DEFEAT Third Rate Congressman Thomas Massie, a Weak and Pathetic RINO from the beautiful Commonwealth of Kentucky, a place I love, and won BIG, ALL THREE TIMES. A Brave Combat Veteran, Ed knows the Wisdom and Courage required to Defend our Country, Support our Military/Veterans, and Ensure PEACE THROUGH STRENGTH. He is a big fan of our recent attack on Nicolas Maduro, the Dictator of Venezuela. Additionally, as a very successful Businessman, Ed knows how to Create GREAT Jobs, Cut Taxes and Regulations, Promote MADE IN THE U.S.A., Support our Amazing Farmers and American Agriculture, Unleash American Energy Dominance, and Champion our Nation’s Golden Age. In Congress, he will fight tirelessly to Keep our now very Secure Border, SECURE, Stop Migrant Crime, and Defend our always under siege Second Amendment. Captain Ed Gallrein has my Complete and Total Endorsement against “Congressman” Thomas Massie — He only votes AGAINST the Republican Party, making life very easy for the Radical Left. Unlike “lightweight” Congressman Massie, a true hater of Israel, and a totally ineffective LOSER who has failed us so badly, CAPTAIN ED GALLREIN IS A WINNER WHO WILL NOT LET KENTUCKY DOWN!"
@realDonaldTrump,2026-01-26 09:58,2026,https://truthsocial.com/@realDonaldTrump/posts/115962223670668620,"Just recovered the last Hostage body in GAZA. Thus, got back ALL 20 of the living Hostages, and ALL of the Dead! AMAZING JOB! Most thought of it as an impossible thing to do. Congratulations to my great team of Champions!!! President DJT Just recovered the last Hostage body in GAZA. Thus, got back ALL 20 of the living Hostages, and ALL of the Dead! AMAZING JOB! Most thought of it as an impossible thing to do. Congratulations to my great team of Champions!!! President DJT"
@realDonaldTrump,2026-01-26 07:31,2026,https://truthsocial.com/@realDonaldTrump/posts/115961647505369753,"I am sending Tom Homan to Minnesota tonight. He has not been involved in that area, but knows and likes many of the people there. Tom is tough but fair, and will report directly to me. Separately, a major investigation is going on with respect to the massive 20 Billion Dollar, Plus, Welfare Fraud that has taken place in Minnesota, and is at least partially responsible for the violent organized protests going on in the streets. Additionally, the DOJ and Congress are looking at “Congresswoman” Illhan Omar, who left Somalia with NOTHING, and is now reportedly worth more than 44 Million Dollars. Time will tell all. Thank you for your attention to this matter! President DJT I am sending Tom Homan to Minnesota tonight. He has not been involved in that area, but knows and likes many of the people there. Tom is tough but fair, and will report directly to me. Separately, a major investigation is going on with respect to the massive 20 Billion Dollar, Plus, Welfare Fraud that has taken place in Minnesota, and is at least partially responsible for the violent organized protests going on in the streets. Additionally, the DOJ and Congress are looking at “Congresswoman” Illhan Omar, who left Somalia with NOTHING, and is now reportedly worth more than 44 Million Dollars. Time will tell all. Thank you for your attention to this matter! President DJT"
@realDonaldTrump,2026-01-26 08:47,2026,https://truthsocial.com/@realDonaldTrump/posts/115961944680232406,"Fake and Fraudulent Polling should be, virtually, a criminal offense. As an example, all of the Anti Trump Media that covered me during the 2020 Election showed Polls that were knowingly wrong. They knew what they were doing, trying to influence the Election, but I won in a Landslide, including winning the Popular Vote, all 7 of the 7 Swing States, the Electoral College was a route, and 2,750 Counties to 525. You can’t do much better than that, and yet if people examined The Failing New York Times, ABC Fake News, NBC Fake News, CBS Fake News, Low Ratings CNN, or the now defunct MSDNC, Polls were all fraudulent, and bore nothing even close to the final results. Something has to be done about Fraudulent Polling. Even the Polls of FoxNews and The Wall Street Journal have been, over the years, terrible! There are great Pollsters that called the Election right, but the Media does not want to use them in any way, shape, or form. Isn’t it sad what has happened to American Journalism, but I am going to do everything possible to keep this Polling SCAM from moving forward! Fake and Fraudulent Polling should be, virtually, a criminal offense. As an example, all of the Anti Trump Media that covered me during the 2020 Election showed Polls that were knowingly wrong. They knew what they were doing, trying to influence the Election, but I won in a Landslide, including winning the Popular Vote, all 7 of the 7 Swing States, the Electoral College was a route, and 2,750 Counties to 525. You can’t do much better than that, and yet if people examined The Failing New York Times, ABC Fake News, NBC Fake News, CBS Fake News, Low Ratings CNN, or the now defunct MSDNC, Polls were all fraudulent, and bore nothing even close to the final results. Something has to be done about Fraudulent Polling. Even the Polls of FoxNews and The Wall Street Journal have been, over the years, terrible! There are great Pollsters that called the Election right, but the Media does not want to use them in any way, shape, or form. Isn’t it sad what has happened to American Journalism, but I am going to do everything possible to keep this Polling SCAM from moving forward!"
@realDonaldTrump,2026-01-25 16:36,2026,https://truthsocial.com/@realDonaldTrump/posts/115958124569932540,"During the four years of Crooked Joe Biden and Democrat failed leadership, Tens of Millions of Illegal Alien Criminals poured into our Country, including Hundreds of Thousands of Convicted Murderers, Rapists, Kidnappers, Drug Dealers, and Terrorists. I won the Election in a Historic Landslide, and Republicans won Majorities in both the House and Senate, in large part, because we pledged to SEAL THE BORDER, which we have done, and launch the largest Mass Deportation of Illegal Alien Criminals in American History. This Deportation effort is underway, and in Republican run Cities and States, these operations are going peacefully and smoothly, because Local Law Enforcement Officers are allowed to work with their Federal counterparts. For example, in the five Republican run States of Texas, Georgia, Florida, Tennessee, and Louisiana, ICE has arrested 150,245 Criminal Illegal Aliens over the past year — with ZERO protests, riots, or chaos. Why? Because Local Police and ICE are cooperating and working together. Meanwhile, Democrat run Sanctuary Cities and States are REFUSING to cooperate with ICE, and they are actually encouraging Leftwing Agitators to unlawfully obstruct their operations to arrest the Worst of the Worst People! By doing this, Democrats are putting Illegal Alien Criminals over Taxpaying, Law-Abiding Citizens, and they have created dangerous circumstances for EVERYONE involved. Tragically, two American Citizens have lost their lives as a result of this Democrat ensued chaos. During the four years of Crooked Joe Biden and Democrat failed leadership, Tens of Millions of Illegal Alien Criminals poured into our Country, including Hundreds of Thousands of Convicted Murderers, Rapists, Kidnappers, Drug Dealers, and Terrorists. I won the Election in a Historic Landslide, and Republicans won Majorities in both the House and Senate, in large part, because we pledged to SEAL THE BORDER, which we have done, and launch the largest Mass Deportation of Illegal Alien Criminals in American History. This Deportation effort is underway, and in Republican run Cities and States, these operations are going peacefully and smoothly, because Local Law Enforcement Officers are allowed to work with their Federal counterparts. For example, in the five Republican run States of Texas, Georgia, Florida, Tennessee, and Louisiana, ICE has arrested 150,245 Criminal Illegal Aliens over the past year — with ZERO protests, riots, or chaos. Why? Because Local Police and ICE are cooperating and working together. Meanwhile, Democrat run Sanctuary Cities and States are REFUSING to cooperate with ICE, and they are actually encouraging Leftwing Agitators to unlawfully obstruct their operations to arrest the Worst of the Worst People! By doing this, Democrats are putting Illegal Alien Criminals over Taxpaying, Law-Abiding Citizens, and they have created dangerous circumstances for EVERYONE involved. Tragically, two American Citizens have lost their lives as a result of this Democrat ensued chaos."
@realDonaldTrump,2026-01-25 11:36,2026,https://truthsocial.com/@realDonaldTrump/posts/115956946816324221,"A MUST WATCH. Canada is systematically destroying itself. The China deal is a disaster for them. Will go down as one of the worst deals, of any kind, in history. All their businesses are moving to the USA. I want to see Canada SURVIVE AND THRIVE! President DJT A MUST WATCH. Canada is systematically destroying itself. The China deal is a disaster for them. Will go down as one of the worst deals, of any kind, in history. All their businesses are moving to the USA. I want to see Canada SURVIVE AND THRIVE! President DJT"
@realDonaldTrump,2026-01-25 11:18,2026,https://truthsocial.com/@realDonaldTrump/posts/115956876838938120,"Highly Respected Congressman Jamie Comer was GREAT in his Interview this morning with Maria Bartiromo. He said it all concerning Minnesota, Deranged Jack Smith, and many other topics of interest. Jamie is doing a fantastic job! President DJT Highly Respected Congressman Jamie Comer was GREAT in his Interview this morning with Maria Bartiromo. He said it all concerning Minnesota, Deranged Jack Smith, and many other topics of interest. Jamie is doing a fantastic job! President DJT"
@realDonaldTrump,2026-01-23 00:28,2026,https://truthsocial.com/@realDonaldTrump/posts/115942996348687671,null
@realDonaldTrump,2026-01-24 15:39,2026,https://truthsocial.com/@realDonaldTrump/posts/115952240781270662,null
@realDonaldTrump,2026-01-24 14:00,2026,https://truthsocial.com/@realDonaldTrump/posts/115951852007320342,"It is actually possible that the total amount of money stolen, over the years, by Corrupt Politicians and Fraudsters, from Minnesota, will exceed $100 Billion Dollars. In any event, whether it is or isn’t, the Theft, Incompetence, and Fraud is MASSIVE! Sadly, whatever numbers we find, California, and other Democrat run States, WILL BE WORSE. Stay tuned! PRESIDENT DONALD J. TRUMP It is actually possible that the total amount of money stolen, over the years, by Corrupt Politicians and Fraudsters, from Minnesota, will exceed $100 Billion Dollars. In any event, whether it is or isn’t, the Theft, Incompetence, and Fraud is MASSIVE! Sadly, whatever numbers we find, California, and other Democrat run States, WILL BE WORSE. Stay tuned! PRESIDENT DONALD J. TRUMP"
@realDonaldTrump,2026-01-24 13:12,2026,https://truthsocial.com/@realDonaldTrump/posts/115951663504789746,"AMONG OTHER THINGS, THIS IS A “COVER UP” FOR THE BILLIONS OF DOLLARS THAT HAVE BEEN STOLEN FROM THE ONCE GREAT STATE (BUT SOON TO BE GREAT AGAIN!) OF MINNESOTA! PRESIDENT DONALD J. TRUMP AMONG OTHER THINGS, THIS IS A “COVER UP” FOR THE BILLIONS OF DOLLARS THAT HAVE BEEN STOLEN FROM THE ONCE GREAT STATE (BUT SOON TO BE GREAT AGAIN!) OF MINNESOTA! PRESIDENT DONALD J. TRUMP"
@realDonaldTrump,2026-01-24 10:49,2026,https://truthsocial.com/@realDonaldTrump/posts/115951100180444245,"The GREAT and very BRAVE soldiers of the United Kingdom will always be with the United States of America! In Afghanistan, 457 died, many were badly injured, and they were among the greatest of all warriors. It’s a bond too strong to ever be broken. The U.K. Military, with tremendous Heart and Soul, is second to none (except for the U.S.A.!). We love you all, and always will! President DONALD J. TRUMP The GREAT and very BRAVE soldiers of the United Kingdom will always be with the United States of America! In Afghanistan, 457 died, many were badly injured, and they were among the greatest of all warriors. It’s a bond too strong to ever be broken. The U.K. Military, with tremendous Heart and Soul, is second to none (except for the U.S.A.!). We love you all, and always will! President DONALD J. TRUMP"
@realDonaldTrump,2026-01-24 10:36,2026,https://truthsocial.com/@realDonaldTrump/posts/115951048952031044,"The last thing the World needs is to have China take over Canada. It’s NOT going to happen, or even come close to happening! Thank you for your attention to this matter. President DONALD J.TRUMP The last thing the World needs is to have China take over Canada. It’s NOT going to happen, or even come close to happening! Thank you for your attention to this matter. President DONALD J.TRUMP"
@realDonaldTrump,2026-01-24 10:24,2026,https://truthsocial.com/@realDonaldTrump/posts/115951002275904202,null
@realDonaldTrump,2026-01-23 17:48,2026,https://truthsocial.com/@realDonaldTrump/posts/115947083395862222,"I want to thank President Aliyev of Azerbaijan, and Prime Minister Pashinyan of Armenia for upholding the Peace Agreement we signed last August. This was a nasty War, 1 of 8 that I have ended, but now we have Prosperity and Peace. In February, Vice President Vance will travel to both Countries to build on our Peace efforts, and advance the Trump Route for International Peace and Prosperity. We will strengthen our strategic partnership with Azerbaijan, a beautiful Agreement for Peaceful Nuclear Cooperation with Armenia, Deals for our Great Semiconductor Makers, and the sale of Made in the U.S.A. Defense Equipment, such as body armor and boats, and more, to Azerbaijan. Thank you! President DJT I want to thank President Aliyev of Azerbaijan, and Prime Minister Pashinyan of Armenia for upholding the Peace Agreement we signed last August. This was a nasty War, 1 of 8 that I have ended, but now we have Prosperity and Peace. In February, Vice President Vance will travel to both Countries to build on our Peace efforts, and advance the Trump Route for International Peace and Prosperity. We will strengthen our strategic partnership with Azerbaijan, a beautiful Agreement for Peaceful Nuclear Cooperation with Armenia, Deals for our Great Semiconductor Makers, and the sale of Made in the U.S.A. Defense Equipment, such as body armor and boats, and more, to Azerbaijan. Thank you! President DJT"
@realDonaldTrump,2026-01-23 17:38,2026,https://truthsocial.com/@realDonaldTrump/posts/115947045496805234,I have been briefed on the Record Cold Wave and Historic Winter Storm that will be hitting much of the United States this weekend. The Trump Administration is coordinating with State and Local Officials. FEMA is fully prepared to respond. Stay Safe and Stay Warm! President DJT I have been briefed on the Record Cold Wave and Historic Winter Storm that will be hitting much of the United States this weekend. The Trump Administration is coordinating with State and Local Officials. FEMA is fully prepared to respond. Stay Safe and Stay Warm! President DJT
@realDonaldTrump,2026-01-23 16:57,2026,https://truthsocial.com/@realDonaldTrump/posts/115946884254924862,"Congressman Tom Emmer is an America First Patriot who is a fantastic Champion for Minnesota’s 6th Congressional District! As the Majority Whip of the U.S. House of Representatives, Tom is doing a tremendous job advancing our America First Agenda. He is fighting tirelessly to Grow our Economy, Cut Taxes and Regulations, Promote MADE IN THE U.S.A., Unleash American Energy DOMINANCE, Keep our now very Secure Border, SECURE, Stop Migrant Crime, Strengthen our Military/Veterans, and Defend our always under siege Second Amendment. Tom Emmer has my Complete and Total Endorsement for Re-Election — HE WILL NEVER LET YOU DOWN! Congressman Tom Emmer is an America First Patriot who is a fantastic Champion for Minnesota’s 6th Congressional District! As the Majority Whip of the U.S. House of Representatives, Tom is doing a tremendous job advancing our America First Agenda. He is fighting tirelessly to Grow our Economy, Cut Taxes and Regulations, Promote MADE IN THE U.S.A., Unleash American Energy DOMINANCE, Keep our now very Secure Border, SECURE, Stop Migrant Crime, Strengthen our Military/Veterans, and Defend our always under siege Second Amendment. Tom Emmer has my Complete and Total Endorsement for Re-Election — HE WILL NEVER LET YOU DOWN!"
@realDonaldTrump,2026-01-23 17:28,2026,https://truthsocial.com/@realDonaldTrump/posts/115947006428092415,"Congresswoman Michelle Fischbach is a terrific Representative for the incredible people of Minnesota’s 7th Congressional District! A Proven Leader, Michelle served as the Highly Respected President of the Minnesota Senate, and Lieutenant Governor, prior to becoming a very distinguished U.S. Congresswoman. She is working tirelessly to Grow our Economy, Cut Taxes and Regulations, Advance American Energy DOMINANCE, Promote MADE IN THE U.S.A., Keep our now very Secure Border, SECURE, Stop Migrant Crime, Advocate for our Great Military/Veterans, and Defend our always under siege Second Amendment. Michelle Fischbach has my Complete and Total Endorsement for Re-Election — SHE WILL NEVER LET YOU DOWN! Congresswoman Michelle Fischbach is a terrific Representative for the incredible people of Minnesota’s 7th Congressional District! A Proven Leader, Michelle served as the Highly Respected President of the Minnesota Senate, and Lieutenant Governor, prior to becoming a very distinguished U.S. Congresswoman. She is working tirelessly to Grow our Economy, Cut Taxes and Regulations, Advance American Energy DOMINANCE, Promote MADE IN THE U.S.A., Keep our now very Secure Border, SECURE, Stop Migrant Crime, Advocate for our Great Military/Veterans, and Defend our always under siege Second Amendment. Michelle Fischbach has my Complete and Total Endorsement for Re-Election — SHE WILL NEVER LET YOU DOWN!"
@realDonaldTrump,2026-01-23 17:19,2026,https://truthsocial.com/@realDonaldTrump/posts/115946969970832896,General Motors to move Buick Envision SUV production from China to the United States:https://www.cbsnews.com/news/buick-envision-general-motors-propduction-us-china/ General Motors to move Buick Envision SUV production from China to the United States:https://www.cbsnews.com/news/buick-envision-general-motors-propduction-us-china/
@realDonaldTrump,2026-01-23 17:19,2026,https://truthsocial.com/@realDonaldTrump/posts/115946969213492152,"U.S., U.K. Strike Deal on Higher Drug Prices: Move marks victory for Trump administration campaign to get other countries to pay more for drugs: https://www.wsj.com/health/pharma/u-s-u-k-strike-deal-on-higher-drug-prices-a507f83c U.S., U.K. Strike Deal on Higher Drug Prices: Move marks victory for Trump administration campaign to get other countries to pay more for drugs: https://www.wsj.com/health/pharma/u-s-u-k-strike-deal-on-higher-drug-prices-a507f83c"
@realDonaldTrump,2026-01-23 17:15,2026,https://truthsocial.com/@realDonaldTrump/posts/115946953654029014,"The Great State of Utah, a place I love and WON BIG in 2016, 2020, and 2024, sent four terrific Republicans to Congress, and we want to keep it that way! A very important effort is underway in Utah to repeal Proposition 4, make Map Drawing accountable to Utah Voters, stop Radical Leftist Judges, and KEEP UTAH RED. But this can only happen if enough Citizens of Utah sign the Petition to put the Prop 4 Repeal on the Ballot for the November 3, 2026 Election. Utahns deserve Maps drawn by those they elect, not Rogue Judges or Leftwing Activists who never faced the Voters, and, therefore, I encourage all Patriotic Utahns, Republicans, and MAGA Supporters who love their Great State and Country to sign this initiative, ASAP. You must sign by February 15th! This is a very “Big Deal.” Thank you for your attention to this matter and, MAKE UTAH, AND AMERICA, GREAT AGAIN! Find where you can go sign here: https://www.ufrg.org/calendar The Great State of Utah, a place I love and WON BIG in 2016, 2020, and 2024, sent four terrific Republicans to Congress, and we want to keep it that way! A very important effort is underway in Utah to repeal Proposition 4, make Map Drawing accountable to Utah Voters, stop Radical Leftist Judges, and KEEP UTAH RED. But this can only happen if enough Citizens of Utah sign the Petition to put the Prop 4 Repeal on the Ballot for the November 3, 2026 Election. Utahns deserve Maps drawn by those they elect, not Rogue Judges or Leftwing Activists who never faced the Voters, and, therefore, I encourage all Patriotic Utahns, Republicans, and MAGA Supporters who love their Great State and Country to sign this initiative, ASAP. You must sign by February 15th! This is a very “Big Deal.” Thank you for your attention to this matter and, MAKE UTAH, AND AMERICA, GREAT AGAIN! Find where you can go sign here: https://www.ufrg.org/calendar"
@realDonaldTrump,2026-01-23 16:56,2026,https://truthsocial.com/@realDonaldTrump/posts/115946881557161946,"Congressman Mike Flood is doing a fantastic job representing Nebraska’s 1st Congressional District! A very successful Businessman, Civic Leader, and Highly Respected Speaker of the Nebraska Legislature, prior to becoming a very distinguished U.S. Congressman, Mike has dedicated his life to serving his Community. In Congress, he is fighting tirelessly to Grow our Economy, Cut Taxes and Regulations, Promote MADE IN THE U.S.A., Champion American Energy DOMINANCE, Keep our now very Secure Border, SECURE, Stop Migrant Crime, Ensure LAW AND ORDER, Strengthen our Military/Veterans, and Protect our always under siege Second Amendment. Mike Flood has my Complete and Total Endorsement for Re-Election — HE WILL NEVER LET YOU DOWN! Congressman Mike Flood is doing a fantastic job representing Nebraska’s 1st Congressional District! A very successful Businessman, Civic Leader, and Highly Respected Speaker of the Nebraska Legislature, prior to becoming a very distinguished U.S. Congressman, Mike has dedicated his life to serving his Community. In Congress, he is fighting tirelessly to Grow our Economy, Cut Taxes and Regulations, Promote MADE IN THE U.S.A., Champion American Energy DOMINANCE, Keep our now very Secure Border, SECURE, Stop Migrant Crime, Ensure LAW AND ORDER, Strengthen our Military/Veterans, and Protect our always under siege Second Amendment. Mike Flood has my Complete and Total Endorsement for Re-Election — HE WILL NEVER LET YOU DOWN!"
@realDonaldTrump,2026-01-23 16:56,2026,https://truthsocial.com/@realDonaldTrump/posts/115946879417276798,"Congressman Nick Langworthy is an America First Patriot, who is doing a fantastic job representing New York’s 23rd Congressional District! Nick served as the powerful Chairman of the New York Republican State Committee, prior to becoming a very distinguished and respected U.S. Congressman. A MAGA Warrior, who has been with us from the very beginning, Nick is working hard to Grow our Economy, Cut Taxes and Regulations, Promote MADE IN THE U.S.A., Advance American Energy DOMINANCE, Keep our now very Secure Border, SECURE, Support our Brave Military/Veterans, and Defend our always under siege Second Amendment. Nick Langworthy has my Complete and Total Endorsement for Re-Election — HE WILL NEVER LET YOU DOWN! Congressman Nick Langworthy is an America First Patriot, who is doing a fantastic job representing New York’s 23rd Congressional District! Nick served as the powerful Chairman of the New York Republican State Committee, prior to becoming a very distinguished and respected U.S. Congressman. A MAGA Warrior, who has been with us from the very beginning, Nick is working hard to Grow our Economy, Cut Taxes and Regulations, Promote MADE IN THE U.S.A., Advance American Energy DOMINANCE, Keep our now very Secure Border, SECURE, Support our Brave Military/Veterans, and Defend our always under siege Second Amendment. Nick Langworthy has my Complete and Total Endorsement for Re-Election — HE WILL NEVER LET YOU DOWN!"
@realDonaldTrump,2026-01-23 16:55,2026,https://truthsocial.com/@realDonaldTrump/posts/115946877623841494,"Congressman French Hill is doing an incredible job representing the amazing people of Arkansas’ 2nd Congressional District! As the Chairman of the House Financial Services Committee, French knows the America First Policies required to Create GREAT Jobs, Cut Taxes and Regulations, Promote MADE IN THE U.S.A., Unleash American Energy DOMINANCE, and Champion our Nation’s Golden Age. He is also fighting tirelessly to Keep our now very Secure Border, SECURE, Stop Migrant Crime, Strengthen our Military/Veterans, and Defend our always under siege Second Amendment. French Hill has my Complete and Total Endorsement for Re-Election — HE WILL NEVER LET YOU DOWN! Congressman French Hill is doing an incredible job representing the amazing people of Arkansas’ 2nd Congressional District! As the Chairman of the House Financial Services Committee, French knows the America First Policies required to Create GREAT Jobs, Cut Taxes and Regulations, Promote MADE IN THE U.S.A., Unleash American Energy DOMINANCE, and Champion our Nation’s Golden Age. He is also fighting tirelessly to Keep our now very Secure Border, SECURE, Stop Migrant Crime, Strengthen our Military/Veterans, and Defend our always under siege Second Amendment. French Hill has my Complete and Total Endorsement for Re-Election — HE WILL NEVER LET YOU DOWN!"
@realDonaldTrump,2026-01-23 16:53,2026,https://truthsocial.com/@realDonaldTrump/posts/115946867281669769,"Congressman Austin Scott is doing a truly fantastic job representing the wonderful people of Georgia’s 8th Congressional District! As Vice Chairman of the House Agriculture Committee, Austin is a strong and effective Voice for American Agriculture, and our amazing Farmers and Ranchers. In Congress, he is working hard to Grow our Economy, Cut Taxes and Regulations, Promote MADE IN THE U.S.A., Champion American Energy DOMINANCE, Keep our Border SECURE, Stop Migrant Crime, Ensure LAW AND ORDER, Strengthen our Military/Veterans, and Protect our always under siege Second Amendment. Austin Scott has my Complete and Total Endorsement for Re-Election — HE WILL NEVER LET YOU DOWN! Congressman Austin Scott is doing a truly fantastic job representing the wonderful people of Georgia’s 8th Congressional District! As Vice Chairman of the House Agriculture Committee, Austin is a strong and effective Voice for American Agriculture, and our amazing Farmers and Ranchers. In Congress, he is working hard to Grow our Economy, Cut Taxes and Regulations, Promote MADE IN THE U.S.A., Champion American Energy DOMINANCE, Keep our Border SECURE, Stop Migrant Crime, Ensure LAW AND ORDER, Strengthen our Military/Veterans, and Protect our always under siege Second Amendment. Austin Scott has my Complete and Total Endorsement for Re-Election — HE WILL NEVER LET YOU DOWN!"
@realDonaldTrump,2026-01-23 16:52,2026,https://truthsocial.com/@realDonaldTrump/posts/115946865805351323,"Congressman Rick Allen is an incredible Representative of Georgia’s 12th Congressional District! As a Member of the POWERFUL House Energy and Commerce Committee, Rick is working tirelessly to Promote MADE IN THE U.S.A., Advance American Energy DOMINANCE, Create GREAT Jobs, Cut Taxes and Regulations, and Champion our Nation’s Golden Age. He is also relentlessly focused on helping us Keep our Border SECURE, Stop Migrant Crime, Support our Brave Military/Veterans, Ensure LAW AND ORDER, and Protect our always under siege Second Amendment. Rick Allen has my Complete and Total Endorsement for Re-Election — HE WILL NEVER LET YOU DOWN! Congressman Rick Allen is an incredible Representative of Georgia’s 12th Congressional District! As a Member of the POWERFUL House Energy and Commerce Committee, Rick is working tirelessly to Promote MADE IN THE U.S.A., Advance American Energy DOMINANCE, Create GREAT Jobs, Cut Taxes and Regulations, and Champion our Nation’s Golden Age. He is also relentlessly focused on helping us Keep our Border SECURE, Stop Migrant Crime, Support our Brave Military/Veterans, Ensure LAW AND ORDER, and Protect our always under siege Second Amendment. Rick Allen has my Complete and Total Endorsement for Re-Election — HE WILL NEVER LET YOU DOWN!"
@realDonaldTrump,2026-01-23 16:52,2026,https://truthsocial.com/@realDonaldTrump/posts/115946864062168710,"Congressman Jim Baird is a Tremendous Champion for the Great People of Indiana’s 4th Congressional District! A recipient of the Bronze Star and Purple Heart, Jim bravely served in the Vietnam War, and brings that same Fighting Spirit to Congress. Jim is working tirelessly to Grow our Economy, Cut Taxes and Regulations, Advocate for our Great Farmers and American Agriculture, Advance MADE IN THE U.S.A., Unleash American Energy DOMINANCE, Strengthen our Military, Care for our Veterans, Stand with our Brave Law Enforcement, Ensure LAW AND ORDER, Keep our Border SECURE, Stop Migrant Crime, and Protect our always under siege Second Amendment. Jim Baird has my Complete and Total Endorsement for Re-Election — HE WILL NOT LET YOU DOWN! Congressman Jim Baird is a Tremendous Champion for the Great People of Indiana’s 4th Congressional District! A recipient of the Bronze Star and Purple Heart, Jim bravely served in the Vietnam War, and brings that same Fighting Spirit to Congress. Jim is working tirelessly to Grow our Economy, Cut Taxes and Regulations, Advocate for our Great Farmers and American Agriculture, Advance MADE IN THE U.S.A., Unleash American Energy DOMINANCE, Strengthen our Military, Care for our Veterans, Stand with our Brave Law Enforcement, Ensure LAW AND ORDER, Keep our Border SECURE, Stop Migrant Crime, and Protect our always under siege Second Amendment. Jim Baird has my Complete and Total Endorsement for Re-Election — HE WILL NOT LET YOU DOWN!"
@realDonaldTrump,2026-01-23 16:50,2026,https://truthsocial.com/@realDonaldTrump/posts/115946856565328563,"Congressman Clay Higgins is doing a truly fantastic job representing the incredible people of Louisiana's 3rd Congressional District! A tough Law Enforcement Officer, and brave U.S. Army Veteran, Clay strongly supports our incredible Law Enforcement, Military, and Veterans, and knows the Wisdom and Courage it takes to Ensure LAW AND ORDER. In Congress, he is working tirelessly to Cut Taxes and Regulations, Promote MADE IN THE U.S.A., Champion American Energy DOMINANCE, Keep our Border SECURE, Stop Migrant Crime, and Protect our always under siege Second Amendment. Clay Higgins has my Complete and Total Endorsement for Re-Election — HE WILL NOT LET YOU DOWN! Congressman Clay Higgins is doing a truly fantastic job representing the incredible people of Louisiana's 3rd Congressional District! A tough Law Enforcement Officer, and brave U.S. Army Veteran, Clay strongly supports our incredible Law Enforcement, Military, and Veterans, and knows the Wisdom and Courage it takes to Ensure LAW AND ORDER. In Congress, he is working tirelessly to Cut Taxes and Regulations, Promote MADE IN THE U.S.A., Champion American Energy DOMINANCE, Keep our Border SECURE, Stop Migrant Crime, and Protect our always under siege Second Amendment. Clay Higgins has my Complete and Total Endorsement for Re-Election — HE WILL NOT LET YOU DOWN!"
@realDonaldTrump,2026-01-23 16:49,2026,https://truthsocial.com/@realDonaldTrump/posts/115946854162846684,"Congressman Tom McClintock is doing a fantastic job representing California’s 5th Congressional District! As an Outspoken Member of the House Budget Committee, Tom knows the America First Policies required to Create GREAT Jobs, Cut Taxes and Regulations, Promote MADE IN THE U.S.A., Advance American Energy DOMINANCE, and Champion our Nation’s Golden Age. He is also working tirelessly to Keep our Border SECURE, Stop Migrant Crime, Strengthen our Brave Military/Veterans, Ensure LAW AND ORDER, and Protect our always under siege Second Amendment. Tom McClintock has my Complete and Total Endorsement for Re-Election — HE WILL NEVER LET YOU DOWN! Congressman Tom McClintock is doing a fantastic job representing California’s 5th Congressional District! As an Outspoken Member of the House Budget Committee, Tom knows the America First Policies required to Create GREAT Jobs, Cut Taxes and Regulations, Promote MADE IN THE U.S.A., Advance American Energy DOMINANCE, and Champion our Nation’s Golden Age. He is also working tirelessly to Keep our Border SECURE, Stop Migrant Crime, Strengthen our Brave Military/Veterans, Ensure LAW AND ORDER, and Protect our always under siege Second Amendment. Tom McClintock has my Complete and Total Endorsement for Re-Election — HE WILL NEVER LET YOU DOWN!"
@realDonaldTrump,2026-01-23 16:39,2026,https://truthsocial.com/@realDonaldTrump/posts/115946814032888163,"Congressman Darrell Issa is an America First Patriot and Highly Effective Representative for the incredible people of California’s 48th Congressional District! A Brave U.S. Army Veteran, Successful Businessman, and now, as Congressman, Darrell Issa has a Proven Record of Success — He is a WINNER! In Congress, Darrell is fighting hard to Grow the Economy, Cut Taxes and Regulations, Promote MADE IN THE U.S.A., Champion American Energy DOMINANCE, Keep our Border SECURE, Strengthen our Military/Veterans, Ensure LAW AND ORDER, Safeguard our Elections, and Defend our always under siege Second Amendment. Darrell Issa has my Complete and Total Endorsement for Re-Election — HE WILL NEVER LET YOU DOWN! Congressman Darrell Issa is an America First Patriot and Highly Effective Representative for the incredible people of California’s 48th Congressional District! A Brave U.S. Army Veteran, Successful Businessman, and now, as Congressman, Darrell Issa has a Proven Record of Success — He is a WINNER! In Congress, Darrell is fighting hard to Grow the Economy, Cut Taxes and Regulations, Promote MADE IN THE U.S.A., Champion American Energy DOMINANCE, Keep our Border SECURE, Strengthen our Military/Veterans, Ensure LAW AND ORDER, Safeguard our Elections, and Defend our always under siege Second Amendment. Darrell Issa has my Complete and Total Endorsement for Re-Election — HE WILL NEVER LET YOU DOWN!"
@realDonaldTrump,2026-01-23 11:00,2026,https://truthsocial.com/@realDonaldTrump/posts/115945478685595236,null
@realDonaldTrump,2026-01-23 10:59,2026,https://truthsocial.com/@realDonaldTrump/posts/115945477247439138,"Remember everybody, it is Chuck Schumer, the under siege Senator from New York, who is holding up the Gateway Project! Remember everybody, it is Chuck Schumer, the under siege Senator from New York, who is holding up the Gateway Project!"
@realDonaldTrump,2026-01-23 10:42,2026,https://truthsocial.com/@realDonaldTrump/posts/115945410631587384,null
@realDonaldTrump,2026-01-23 06:00,2026,https://truthsocial.com/@realDonaldTrump/posts/115944301622541391,null
@realDonaldTrump,2026-01-23 06:00,2026,https://truthsocial.com/@realDonaldTrump/posts/115944300641421762,null
@realDonaldTrump,2026-01-22 19:50,2026,https://truthsocial.com/@realDonaldTrump/posts/115941901312153410,"Dear Prime Minister Carney: Please let this Letter serve to represent that the Board of Peace is withdrawing its invitation to you regarding Canada’s joining, what will be, the most prestigious Board of Leaders ever assembled, at any time. Thank you for your attention to this matter! DONALD J. TRUMPPRESIDENT OF THE UNITED STATES OF AMERICA Dear Prime Minister Carney: Please let this Letter serve to represent that the Board of Peace is withdrawing its invitation to you regarding Canada’s joining, what will be, the most prestigious Board of Leaders ever assembled, at any time. Thank you for your attention to this matter! DONALD J. TRUMPPRESIDENT OF THE UNITED STATES OF AMERICA"
@realDonaldTrump,2026-01-22 19:27,2026,https://truthsocial.com/@realDonaldTrump/posts/115941811687438015,"Maybe we should have put NATO to the test: Invoked Article 5, and forced NATO to come here and protect our Southern Border from further Invasions of Illegal Immigrants, thus freeing up large numbers of Border Patrol Agents for other tasks. Maybe we should have put NATO to the test: Invoked Article 5, and forced NATO to come here and protect our Southern Border from further Invasions of Illegal Immigrants, thus freeing up large numbers of Border Patrol Agents for other tasks."
@realDonaldTrump,2026-01-22 19:23,2026,https://truthsocial.com/@realDonaldTrump/posts/115941794659998195,"Gavin Newscum, as a “Lame Duck” Governor of a Failing State, should not be at Davos running around screaming for the attention of Foreign Leaders, and embarrassing our Country. He made a mockery of himself, and everybody, including his staff, knows it! He should get the permits so that people can build their homes destroyed by the fire that he could have prevented if he would have allowed water to flow from the Pacific Northwest. He should finish his monstrously “overbudget and behind schedule” Railroad, from San Francisco to L.A., one of the Greatest Public Disasters in History, and focus on stopping Crime in the streets of California Cities — Then finish out his term, and GO HOME! With a record like he’s got, the ruination of one of the most beautiful places on Earth, where people are leaving in droves, it is unimaginable that he could run for President but, who knows, it’s a very strange World! Gavin Newscum, as a “Lame Duck” Governor of a Failing State, should not be at Davos running around screaming for the attention of Foreign Leaders, and embarrassing our Country. He made a mockery of himself, and everybody, including his staff, knows it! He should get the permits so that people can build their homes destroyed by the fire that he could have prevented if he would have allowed water to flow from the Pacific Northwest. He should finish his monstrously “overbudget and behind schedule” Railroad, from San Francisco to L.A., one of the Greatest Public Disasters in History, and focus on stopping Crime in the streets of California Cities — Then finish out his term, and GO HOME! With a record like he’s got, the ruination of one of the most beautiful places on Earth, where people are leaving in droves, it is unimaginable that he could run for President but, who knows, it’s a very strange World!"
@realDonaldTrump,2026-01-22 19:10,2026,https://truthsocial.com/@realDonaldTrump/posts/115941745683532182,"Mortgage Rates just hit a Three Year Low despite Jerome “Too Late” Powell, and his never ending quest to keep Interest Rates high (against “TRUMP!”). It just shows that he has been wrong all along, because the Market is overtaking his obstinance. The Fed has been hurt and discredited during Too Late’s reign! Mortgage Rates just hit a Three Year Low despite Jerome “Too Late” Powell, and his never ending quest to keep Interest Rates high (against “TRUMP!”). It just shows that he has been wrong all along, because the Market is overtaking his obstinance. The Fed has been hurt and discredited during Too Late’s reign!"
@realDonaldTrump,2026-01-22 18:39,2026,https://truthsocial.com/@realDonaldTrump/posts/115941624936659389,"Highly Respected Senator, “Coach” Tommy Tuberville, is running for Governor of Alabama, a place I love and WON BIG, six times, including Primaries, in 2016, 2020, and 2024! A former SEC Championship winning College Football Coach, and now, as a Highly Respected U.S. Senator, Tommy has proven he has the Courage and Wisdom to deliver strong results for the incredible people of his wonderful State and Nation. He is a Lifelong Leader, both on and off the field — A true WINNER! As your next Governor, “Coach” will work tirelessly to Grow the Economy, Cut Taxes and Regulations, Promote MADE IN THE U.S.A., Champion American Energy DOMINANCE, Keep our Border SECURE, Stop Migrant Crime, Ensure LAW AND ORDER, Strengthen our Military/Veterans, Safeguard our Elections, and Protect our always under siege Second Amendment. I was proud to endorse “Coach” when he ran for the Senate in 2020, and am honored to do so again. I’d love to keep him as a Senator, because he was great, but he wants to be the Governor in the State he loves, and that’s OK with me! Tommy Tuberville has my Complete and Total Endorsement to be the next Governor of the Great State of Alabama – COACH TUBERVILLE WILL NEVER LET YOU DOWN! Highly Respected Senator, “Coach” Tommy Tuberville, is running for Governor of Alabama, a place I love and WON BIG, six times, including Primaries, in 2016, 2020, and 2024! A former SEC Championship winning College Football Coach, and now, as a Highly Respected U.S. Senator, Tommy has proven he has the Courage and Wisdom to deliver strong results for the incredible people of his wonderful State and Nation. He is a Lifelong Leader, both on and off the field — A true WINNER! As your next Governor, “Coach” will work tirelessly to Grow the Economy, Cut Taxes and Regulations, Promote MADE IN THE U.S.A., Champion American Energy DOMINANCE, Keep our Border SECURE, Stop Migrant Crime, Ensure LAW AND ORDER, Strengthen our Military/Veterans, Safeguard our Elections, and Protect our always under siege Second Amendment. I was proud to endorse “Coach” when he ran for the Senate in 2020, and am honored to do so again. I’d love to keep him as a Senator, because he was great, but he wants to be the Governor in the State he loves, and that’s OK with me! Tommy Tuberville has my Complete and Total Endorsement to be the next Governor of the Great State of Alabama – COACH TUBERVILLE WILL NEVER LET YOU DOWN!"
@realDonaldTrump,2026-01-22 17:05,2026,https://truthsocial.com/@realDonaldTrump/posts/115941252213747451,"The people who brought the Tariff Litigation against our Country, now in the United States Supreme Court, are strongly China oriented, and very upset by the fact that the United States is doing so well — GIANT GROWTH AND INVESTMENT, ALMOST NO INFLATION! These people, in some cases Americans, should be ashamed of themselves. MAKE AMERICA GREAT AGAIN! The people who brought the Tariff Litigation against our Country, now in the United States Supreme Court, are strongly China oriented, and very upset by the fact that the United States is doing so well — GIANT GROWTH AND INVESTMENT, ALMOST NO INFLATION! These people, in some cases Americans, should be ashamed of themselves. MAKE AMERICA GREAT AGAIN!"
@realDonaldTrump,2026-01-23 00:28,2026,https://truthsocial.com/@realDonaldTrump/posts/115942994713320602,null
@realDonaldTrump,2026-01-23 00:27,2026,https://truthsocial.com/@realDonaldTrump/posts/115942993154534940,null
@realDonaldTrump,2026-01-23 00:27,2026,https://truthsocial.com/@realDonaldTrump/posts/115942990576577515,null
@realDonaldTrump,2026-01-23 00:26,2026,https://truthsocial.com/@realDonaldTrump/posts/115942988655066525,null
@realDonaldTrump,2026-01-23 00:22,2026,https://truthsocial.com/@realDonaldTrump/posts/115942972143247082,Trump Team Is America’s Greatest Since the Soviet Union’s Collapse: https://amac.us/newsline/politics/trump-team-is-americas-greatest-since-the-soviet-unions-collapse/ Trump Team Is America’s Greatest Since the Soviet Union’s Collapse: https://amac.us/newsline/politics/trump-team-is-americas-greatest-since-the-soviet-unions-collapse/
@realDonaldTrump,2026-01-23 00:22,2026,https://truthsocial.com/@realDonaldTrump/posts/115942971700172224,"Exclusive: Transcripts Show Trump Spoke for over 13,400 Minutes in 2025, Talked to Press at 74 Percent of Events: https://www.breitbart.com/politics/2026/01/06/exclusive-transcripts-show-trump-spoke-for-over-13400-minutes-in-2025-talked-to-press-at-74-percent-of-events/ Exclusive: Transcripts Show Trump Spoke for over 13,400 Minutes in 2025, Talked to Press at 74 Percent of Events: https://www.breitbart.com/politics/2026/01/06/exclusive-transcripts-show-trump-spoke-for-over-13400-minutes-in-2025-talked-to-press-at-74-percent-of-events/"
@realDonaldTrump,2026-01-23 00:20,2026,https://truthsocial.com/@realDonaldTrump/posts/115942963426105066,null
@realDonaldTrump,2026-01-23 00:17,2026,https://truthsocial.com/@realDonaldTrump/posts/115942952756807016,null
@realDonaldTrump,2026-01-23 00:13,2026,https://truthsocial.com/@realDonaldTrump/posts/115942936639903524,null
@realDonaldTrump,2026-01-23 00:13,2026,https://truthsocial.com/@realDonaldTrump/posts/115942935122938870,null
@realDonaldTrump,2026-01-23 00:12,2026,https://truthsocial.com/@realDonaldTrump/posts/115942931942657507,https://x.com/thescif/status/2013775023174041699?s=10 https://x.com/thescif/status/2013775023174041699?s=10
@realDonaldTrump,2026-01-23 00:11,2026,https://truthsocial.com/@realDonaldTrump/posts/115942929741204619,null
@realDonaldTrump,2026-01-23 00:11,2026,https://truthsocial.com/@realDonaldTrump/posts/115942928642310793,null
@realDonaldTrump,2026-01-23 00:09,2026,https://truthsocial.com/@realDonaldTrump/posts/115942920531302931,null
@realDonaldTrump,2026-01-23 00:06,2026,https://truthsocial.com/@realDonaldTrump/posts/115942909711696332,null
@realDonaldTrump,2026-01-23 00:05,2026,https://truthsocial.com/@realDonaldTrump/posts/115942903351484355,null
@realDonaldTrump,2026-01-23 00:03,2026,https://truthsocial.com/@realDonaldTrump/posts/115942898383181744,null
@realDonaldTrump,2026-01-23 00:03,2026,https://truthsocial.com/@realDonaldTrump/posts/115942896121257651,null
@realDonaldTrump,2026-01-23 00:02,2026,https://truthsocial.com/@realDonaldTrump/posts/115942894962284011,null
@realDonaldTrump,2026-01-23 00:02,2026,https://truthsocial.com/@realDonaldTrump/posts/115942892995122451,null
@realDonaldTrump,2026-01-23 00:02,2026,https://truthsocial.com/@realDonaldTrump/posts/115942891320427170,null
@realDonaldTrump,2026-01-22 23:59,2026,https://truthsocial.com/@realDonaldTrump/posts/115942881397453617,null
@realDonaldTrump,2026-01-22 23:59,2026,https://truthsocial.com/@realDonaldTrump/posts/115942880305077733,null
@realDonaldTrump,2026-01-22 23:57,2026,https://truthsocial.com/@realDonaldTrump/posts/115942875404473282,null
@realDonaldTrump,2026-01-22 23:57,2026,https://truthsocial.com/@realDonaldTrump/posts/115942872333845542,null
@realDonaldTrump,2026-01-22 23:55,2026,https://truthsocial.com/@realDonaldTrump/posts/115942866344000585,null
@realDonaldTrump,2026-01-22 23:54,2026,https://truthsocial.com/@realDonaldTrump/posts/115942861989363129,null
@realDonaldTrump,2026-01-22 23:54,2026,https://truthsocial.com/@realDonaldTrump/posts/115942860600639196,null
@realDonaldTrump,2026-01-22 23:53,2026,https://truthsocial.com/@realDonaldTrump/posts/115942856680136344,null
@realDonaldTrump,2026-01-22 23:52,2026,https://truthsocial.com/@realDonaldTrump/posts/115942853623603629,null
@realDonaldTrump,2026-01-22 23:52,2026,https://truthsocial.com/@realDonaldTrump/posts/115942852464420212,null
@realDonaldTrump,2026-01-22 23:51,2026,https://truthsocial.com/@realDonaldTrump/posts/115942850426177511,null
@realDonaldTrump,2026-01-22 23:51,2026,https://truthsocial.com/@realDonaldTrump/posts/115942849468525852,null
@realDonaldTrump,2026-01-22 23:46,2026,https://truthsocial.com/@realDonaldTrump/posts/115942831810575684,null
@realDonaldTrump,2026-01-22 23:46,2026,https://truthsocial.com/@realDonaldTrump/posts/115942829715593890,null
@realDonaldTrump,2026-01-22 23:45,2026,https://truthsocial.com/@realDonaldTrump/posts/115942827264355110,null
@realDonaldTrump,2026-01-22 23:45,2026,https://truthsocial.com/@realDonaldTrump/posts/115942826211863292,null
@realDonaldTrump,2026-01-22 23:44,2026,https://truthsocial.com/@realDonaldTrump/posts/115942820809644340,null
@realDonaldTrump,2026-01-22 23:43,2026,https://truthsocial.com/@realDonaldTrump/posts/115942819048898834,null
@realDonaldTrump,2026-01-22 23:43,2026,https://truthsocial.com/@realDonaldTrump/posts/115942817245193145,null
@realDonaldTrump,2026-01-22 23:42,2026,https://truthsocial.com/@realDonaldTrump/posts/115942815242112223,null
@realDonaldTrump,2026-01-22 23:41,2026,https://truthsocial.com/@realDonaldTrump/posts/115942812398632804,null
@realDonaldTrump,2026-01-22 23:41,2026,https://truthsocial.com/@realDonaldTrump/posts/115942811346553003,null
@realDonaldTrump,2026-01-22 22:20,2026,https://truthsocial.com/@realDonaldTrump/posts/115942492881165332,null
@realDonaldTrump,2026-01-22 22:20,2026,https://truthsocial.com/@realDonaldTrump/posts/115942491752255562,null
@realDonaldTrump,2026-01-22 22:19,2026,https://truthsocial.com/@realDonaldTrump/posts/115942487958100026,null
@realDonaldTrump,2026-01-22 22:19,2026,https://truthsocial.com/@realDonaldTrump/posts/115942487099453568,null
@realDonaldTrump,2026-01-22 16:34,2026,https://truthsocial.com/@realDonaldTrump/posts/115941130299210878,"Congresswoman Ilhan Omar is worth over $30 Million Dollars. There is no way such wealth could have been accumulated, legally, while being paid the salary of a politician. She should be investigated for Financial and Political Crimes, and that investigation should start, NOW! Congresswoman Ilhan Omar is worth over $30 Million Dollars. There is no way such wealth could have been accumulated, legally, while being paid the salary of a politician. She should be investigated for Financial and Political Crimes, and that investigation should start, NOW!"
@realDonaldTrump,2026-01-22 16:25,2026,https://truthsocial.com/@realDonaldTrump/posts/115941096615143011,RECORD NUMBERS ALL OVER THE PLACE! SHOULD I TRY FOR A FOURTH TERM? RECORD NUMBERS ALL OVER THE PLACE! SHOULD I TRY FOR A FOURTH TERM?
@realDonaldTrump,2026-01-22 14:53,2026,https://truthsocial.com/@realDonaldTrump/posts/115940732652374629,The “Donroe Doctrine” In Action: https://americanmind.org/salvo/the-donroe-doctrine-in-action/ The “Donroe Doctrine” In Action: https://americanmind.org/salvo/the-donroe-doctrine-in-action/
@realDonaldTrump,2026-01-22 14:31,2026,https://truthsocial.com/@realDonaldTrump/posts/115940646267499413,null
@realDonaldTrump,2026-01-22 12:22,2026,https://truthsocial.com/@realDonaldTrump/posts/115940140834473560,null
@realDonaldTrump,2026-01-22 12:01,2026,https://truthsocial.com/@realDonaldTrump/posts/115940059516984793,Trump sues JPMorgan Chase and CEO Jamie Dimon for $5B over alleged 'political' debanking: https://www.foxbusiness.com/politics/trump-sues-jpmorgan-chase-ceo-jamie-dimon-5b-over-alleged-political-debanking Trump sues JPMorgan Chase and CEO Jamie Dimon for $5B over alleged 'political' debanking: https://www.foxbusiness.com/politics/trump-sues-jpmorgan-chase-ceo-jamie-dimon-5b-over-alleged-political-debanking
@realDonaldTrump,2026-01-22 10:12,2026,https://truthsocial.com/@realDonaldTrump/posts/115939631398378185,null
@realDonaldTrump,2026-01-22 10:10,2026,https://truthsocial.com/@realDonaldTrump/posts/115939622915432437,null
@realDonaldTrump,2026-01-22 10:10,2026,https://truthsocial.com/@realDonaldTrump/posts/115939622001879434,null
@realDonaldTrump,2026-01-22 10:08,2026,https://truthsocial.com/@realDonaldTrump/posts/115939612533101324,null
@realDonaldTrump,2026-01-22 10:07,2026,https://truthsocial.com/@realDonaldTrump/posts/115939611438142418,null
@realDonaldTrump,2026-01-22 10:05,2026,https://truthsocial.com/@realDonaldTrump/posts/115939603428288327,null
@realDonaldTrump,2026-01-22 10:05,2026,https://truthsocial.com/@realDonaldTrump/posts/115939601183092209,null
@realDonaldTrump,2026-01-22 09:54,2026,https://truthsocial.com/@realDonaldTrump/posts/115939558263546050,null
@realDonaldTrump,2026-01-22 09:53,2026,https://truthsocial.com/@realDonaldTrump/posts/115939555645024751,null
@realDonaldTrump,2026-01-22 09:52,2026,https://truthsocial.com/@realDonaldTrump/posts/115939552453122650,null
@realDonaldTrump,2026-01-22 09:50,2026,https://truthsocial.com/@realDonaldTrump/posts/115939541466453572,null
@realDonaldTrump,2026-01-22 09:48,2026,https://truthsocial.com/@realDonaldTrump/posts/115939536709562081,null
@realDonaldTrump,2026-01-22 09:45,2026,https://truthsocial.com/@realDonaldTrump/posts/115939521913736502,null
@realDonaldTrump,2026-01-22 09:44,2026,https://truthsocial.com/@realDonaldTrump/posts/115939519816901755,null
@realDonaldTrump,2026-01-22 09:43,2026,https://truthsocial.com/@realDonaldTrump/posts/115939516139738561,null
@realDonaldTrump,2026-01-21 14:48,2026,https://truthsocial.com/@realDonaldTrump/posts/115935054001895380,null
@realDonaldTrump,2026-01-21 09:14,2026,https://truthsocial.com/@realDonaldTrump/posts/115933737815800647,"Wow!Biden's FBI paid anti-Trump 'Sedition Hunters' as informants in J6, Arctic Frost probes, memos show: https://justthenews.com/government/federal-agencies/biden-era-fbi-paid-anti-trump-sedition-hunters-informants-j6-arctic/ Wow! Biden's FBI paid anti-Trump 'Sedition Hunters' as informants in J6, Arctic Frost probes, memos show: https://justthenews.com/government/federal-agencies/biden-era-fbi-paid-anti-trump-sedition-hunters-informants-j6-arctic/"
@realDonaldTrump,2026-01-20 21:00,2026,https://truthsocial.com/@realDonaldTrump/posts/115930851302772912,null
@realDonaldTrump,2026-01-20 20:40,2026,https://truthsocial.com/@realDonaldTrump/posts/115930772612778456,https://x.com/BasedMikeLee/status/2013782673924170231 https://x.com/BasedMikeLee/status/2013782673924170231
@realDonaldTrump,2026-01-20 20:24,2026,https://truthsocial.com/@realDonaldTrump/posts/115930712550582091,Ruddy: Bessent Sees 7 Trump Successes: https://www.newsmax.com/ruddy/chris-ruddy-scott-bessent-donald-trump/2026/01/19/id/1242743/ Ruddy: Bessent Sees 7 Trump Successes: https://www.newsmax.com/ruddy/chris-ruddy-scott-bessent-donald-trump/2026/01/19/id/1242743/
@realDonaldTrump,2026-01-20 20:24,2026,https://truthsocial.com/@realDonaldTrump/posts/115930710693248379,America will be well represented in Davos — by me. GOD BLESS YOU ALL! PRESIDENT DONALD J. TRUMP America will be well represented in Davos — by me. GOD BLESS YOU ALL! PRESIDENT DONALD J. TRUMP
@realDonaldTrump,2026-01-20 10:43,2026,https://truthsocial.com/@realDonaldTrump/posts/115928428222216680,"The whole problem we are having with criminals in our Country was caused by Sleepy Joe Biden and the Radical Left Thugs that surrounded the Resolution Desk in the Oval Office - And, of course, the Illegal Use of the Auto Pen!!! They should be in jail! The whole problem we are having with criminals in our Country was caused by Sleepy Joe Biden and the Radical Left Thugs that surrounded the Resolution Desk in the Oval Office - And, of course, the Illegal Use of the Auto Pen!!! They should be in jail!"
@realDonaldTrump,2026-01-20 10:13,2026,https://truthsocial.com/@realDonaldTrump/posts/115928309252078004,"The Department of Homeland Security and ICE must start talking about the murderers and other criminals that they are capturing and taking out of the system. They are saving many innocent lives! There are thousands of vicious animals in Minnesota alone, which is why the crime stats are, Nationwide, the BEST EVER RECORDED! Show the Numbers, Names, and Faces of the violent criminals, and show them NOW. The people will start supporting the Patriots of ICE, instead of the highly paid troublemakers, anarchists, and agitators! MAKE AMERICA GREAT AGAIN The Department of Homeland Security and ICE must start talking about the murderers and other criminals that they are capturing and taking out of the system. They are saving many innocent lives! There are thousands of vicious animals in Minnesota alone, which is why the crime stats are, Nationwide, the BEST EVER RECORDED! Show the Numbers, Names, and Faces of the violent criminals, and show them NOW. The people will start supporting the Patriots of ICE, instead of the highly paid troublemakers, anarchists, and agitators! MAKE AMERICA GREAT AGAIN"
@realDonaldTrump,2026-01-20 10:15,2026,https://truthsocial.com/@realDonaldTrump/posts/115928316372941921,null
@realDonaldTrump,2026-01-20 10:13,2026,https://truthsocial.com/@realDonaldTrump/posts/115928310472181195,null
@realDonaldTrump,2026-01-20 10:11,2026,https://truthsocial.com/@realDonaldTrump/posts/115928302612630908,null
@realDonaldTrump,2026-01-20 10:11,2026,https://truthsocial.com/@realDonaldTrump/posts/115928301165862335,null
@realDonaldTrump,2026-01-20 10:10,2026,https://truthsocial.com/@realDonaldTrump/posts/115928298272082931,null
@realDonaldTrump,2026-01-20 10:10,2026,https://truthsocial.com/@realDonaldTrump/posts/115928297468422986,null
@realDonaldTrump,2026-01-20 10:10,2026,https://truthsocial.com/@realDonaldTrump/posts/115928296458917399,null
@realDonaldTrump,2026-01-20 10:09,2026,https://truthsocial.com/@realDonaldTrump/posts/115928292827328093,null
@realDonaldTrump,2026-01-20 10:08,2026,https://truthsocial.com/@realDonaldTrump/posts/115928289588537737,null
@realDonaldTrump,2026-01-20 10:08,2026,https://truthsocial.com/@realDonaldTrump/posts/115928288775615965,null
@realDonaldTrump,2026-01-20 10:08,2026,https://truthsocial.com/@realDonaldTrump/posts/115928287698438329,null
@realDonaldTrump,2026-01-20 10:07,2026,https://truthsocial.com/@realDonaldTrump/posts/115928286651165078,null
@realDonaldTrump,2026-01-20 10:05,2026,https://truthsocial.com/@realDonaldTrump/posts/115928277120417952,null
@realDonaldTrump,2026-01-20 10:00,2026,https://truthsocial.com/@realDonaldTrump/posts/115928259271950956,null
@realDonaldTrump,2026-01-20 09:59,2026,https://truthsocial.com/@realDonaldTrump/posts/115928255178060003,null
@realDonaldTrump,2026-01-20 09:58,2026,https://truthsocial.com/@realDonaldTrump/posts/115928250845165847,null
@realDonaldTrump,2026-01-20 00:53,2026,https://truthsocial.com/@realDonaldTrump/posts/115926107400617491,"Thank you to Mark Rutte, the Secretary General of NATO! Thank you to Mark Rutte, the Secretary General of NATO!"
@realDonaldTrump,2026-01-20 00:28,2026,https://truthsocial.com/@realDonaldTrump/posts/115926009227626879,null
@realDonaldTrump,2026-01-20 00:26,2026,https://truthsocial.com/@realDonaldTrump/posts/115926002154803646,null
@realDonaldTrump,2026-01-20 00:26,2026,https://truthsocial.com/@realDonaldTrump/posts/115926001321099482,null
@realDonaldTrump,2026-01-19 23:58,2026,https://truthsocial.com/@realDonaldTrump/posts/115925888562624963,null
@realDonaldTrump,2026-01-19 23:47,2026,https://truthsocial.com/@realDonaldTrump/posts/115925848634299232,"Note from President Emmanuel Macron, of France: Note from President Emmanuel Macron, of France:"
@realDonaldTrump,2026-01-19 17:11,2026,https://truthsocial.com/@realDonaldTrump/posts/115924288252880571,null
@realDonaldTrump,2026-01-19 17:09,2026,https://truthsocial.com/@realDonaldTrump/posts/115924282126782262,Trump Off to Strong Start in 2026 on “Affordability” Issue: https://amac.us/newsline/economy/trump-off-to-strong-start-in-2026-on-affordability-issue/ Trump Off to Strong Start in 2026 on “Affordability” Issue: https://amac.us/newsline/economy/trump-off-to-strong-start-in-2026-on-affordability-issue/
@realDonaldTrump,2026-01-19 16:08,2026,https://truthsocial.com/@realDonaldTrump/posts/115924043199702065,"Great interview today of Rodney Scott, CBP Commissioner, by the wonderful Will Cain, on The Will Cain Show! Thank you both!!! President DJT Great interview today of Rodney Scott, CBP Commissioner, by the wonderful Will Cain, on The Will Cain Show! Thank you both!!! President DJT"
@realDonaldTrump,2026-01-19 16:04,2026,https://truthsocial.com/@realDonaldTrump/posts/115924025571521310,"In Minnesota, there is too much media attention on ICE, who have removed some of the worst murderers and criminals in the World, people let into our Country by Crooked Joe Biden’s horrendous Open Border Policy, and not enough attention paid to the staggering sums of money stolen from the State by corrupt Minnesota politicians! President DJT In Minnesota, there is too much media attention on ICE, who have removed some of the worst murderers and criminals in the World, people let into our Country by Crooked Joe Biden’s horrendous Open Border Policy, and not enough attention paid to the staggering sums of money stolen from the State by corrupt Minnesota politicians! President DJT"
@realDonaldTrump,2026-01-19 15:36,2026,https://truthsocial.com/@realDonaldTrump/posts/115923918404792612,Wow! They have a lot of explaining to do. Corruption at the highest level! President DJTMichael Cohen says NY prosecutors 'pressured and coerced' him into anti-Trump testimony: https://www.foxnews.com/politics/michael-cohen-says-ny-prosecutors-pressured-coerced-him-anti-trump-testimony/ Wow! They have a lot of explaining to do. Corruption at the highest level! President DJT Michael Cohen says NY prosecutors 'pressured and coerced' him into anti-Trump testimony: https://www.foxnews.com/politics/michael-cohen-says-ny-prosecutors-pressured-coerced-him-anti-trump-testimony/
@realDonaldTrump,2026-01-19 14:47,2026,https://truthsocial.com/@realDonaldTrump/posts/115923723486523883,null
@realDonaldTrump,2026-01-18 20:00,2026,https://truthsocial.com/@realDonaldTrump/posts/115919294107001486,"Marc Thiessen: I predict Trump will visit a 'free Iran, a free Havana and a free Caracas' before he leaves office: https://www.foxnews.com/video/6387885258112 Marc Thiessen: I predict Trump will visit a 'free Iran, a free Havana and a free Caracas' before he leaves office: https://www.foxnews.com/video/6387885258112"
@realDonaldTrump,2026-01-18 18:55,2026,https://truthsocial.com/@realDonaldTrump/posts/115919038563850124,"Thank you David Bossie!DAVE BOSSIE: One Year Since Taking Office, Trump Is Decimating Failed DC Status Quo: https://dailycaller.com/2026/01/18/opinion-one-year-since-taking-office-trump-is-decimating-failed-dc-status-quo-dave-bossie/ Thank you David Bossie! DAVE BOSSIE: One Year Since Taking Office, Trump Is Decimating Failed DC Status Quo: https://dailycaller.com/2026/01/18/opinion-one-year-since-taking-office-trump-is-decimating-failed-dc-status-quo-dave-bossie/"
@realDonaldTrump,2026-01-18 05:52,2026,https://truthsocial.com/@realDonaldTrump/posts/115915958962150760,Great interview last night with Senator Tim Scott and Lara Trump. Wow!!! Great interview last night with Senator Tim Scott and Lara Trump. Wow!!!
@realDonaldTrump,2026-01-18 05:51,2026,https://truthsocial.com/@realDonaldTrump/posts/115915952093312324,"“It’s important to know how we got here. The reckless Open Borders Policy of Joe Biden led to the violent criminals that have gone into places like Minneapolis, which has forced ICE to go in and clean them up.” Fox & Friends, Sunday. “It’s important to know how we got here. The reckless Open Borders Policy of Joe Biden led to the violent criminals that have gone into places like Minneapolis, which has forced ICE to go in and clean them up.” Fox & Friends, Sunday."
@realDonaldTrump,2026-01-18 05:33,2026,https://truthsocial.com/@realDonaldTrump/posts/115915881410679214,"Jimmy Failla’s opening monologue was GREAT. Very funny guy!!! Also, wonderful wife! President DJT Jimmy Failla’s opening monologue was GREAT. Very funny guy!!! Also, wonderful wife! President DJT"
@realDonaldTrump,2026-01-17 10:19,2026,https://truthsocial.com/@realDonaldTrump/posts/115911344443637897,"We have subsidized Denmark, and all of the Countries of the European Union, and others, for many years by not charging them Tariffs, or any other forms of remuneration. Now, after Centuries, it is time for Denmark to give back — World Peace is at stake! China and Russia want Greenland, and there is not a thing that Denmark can do about it. They currently have two dogsleds as protection, one added recently. Only the United States of America, under PRESIDENT DONALD J. TRUMP, can play in this game, and very successfully, at that! Nobody will touch this sacred piece of Land, especially since the National Security of the United States, and the World at large, is at stake. On top of everything else, Denmark, Norway, Sweden, France, Germany, The United Kingdom, The Netherlands, and Finland have journeyed to Greenland, for purposes unknown. This is a very dangerous situation for the Safety, Security, and Survival of our Planet. These Countries, who are playing this very dangerous game, have put a level of risk in play that is not tenable or sustainable. Therefore, it is imperative that, in order to protect Global Peace and Security, strong measures be taken so that this potentially perilous situation end quickly, and without question. Starting on February 1st, 2026, all of the above mentioned Countries (Denmark, Norway, Sweden, France, Germany, The United Kingdom, The Netherlands, and Finland), will be charged a 10% Tariff on any and all goods sent to the United States of America. On June 1st, 2026, the Tariff will be increased to 25%. This Tariff will be due and payable until such time as a Deal is reached for the Complete and Total purchase of Greenland. The United States has been trying to do this transaction for over 150 years. Many Presidents have tried, and for good reason, but Denmark has always refused. Now, because of The Golden Dome, and Modern Day Weapons Systems, both Offensive and Defensive, the need to ACQUIRE is especially important. Hundreds of Billions of Dollars are currently being spent on Security Programs having to do with “The Dome,” including for the possible protection of Canada, and this very brilliant, but highly complex system can only work at its maximum potential and efficiency, because of angles, metes, and bounds, if this Land is included in it. The United States of America is immediately open to negotiation with Denmark and/or any of these Countries that have put so much at risk, despite all that we have done for them, including maximum protection, over so many decades. Thank you for your attention to this matter!DONALD J. TRUMPPRESIDENT OF THE UNITED STATES OF AMERICA We have subsidized Denmark, and all of the Countries of the European Union, and others, for many years by not charging them Tariffs, or any other forms of remuneration. Now, after Centuries, it is time for Denmark to give back — World Peace is at stake! China and Russia want Greenland, and there is not a thing that Denmark can do about it. They currently have two dogsleds as protection, one added recently. Only the United States of America, under PRESIDENT DONALD J. TRUMP, can play in this game, and very successfully, at that! Nobody will touch this sacred piece of Land, especially since the National Security of the United States, and the World at large, is at stake. On top of everything else, Denmark, Norway, Sweden, France, Germany, The United Kingdom, The Netherlands, and Finland have journeyed to Greenland, for purposes unknown. This is a very dangerous situation for the Safety, Security, and Survival of our Planet. These Countries, who are playing this very dangerous game, have put a level of risk in play that is not tenable or sustainable. Therefore, it is imperative that, in order to protect Global Peace and Security, strong measures be taken so that this potentially perilous situation end quickly, and without question. Starting on February 1st, 2026, all of the above mentioned Countries (Denmark, Norway, Sweden, France, Germany, The United Kingdom, The Netherlands, and Finland), will be charged a 10% Tariff on any and all goods sent to the United States of America. On June 1st, 2026, the Tariff will be increased to 25%. This Tariff will be due and payable until such time as a Deal is reached for the Complete and Total purchase of Greenland. The United States has been trying to do this transaction for over 150 years. Many Presidents have tried, and for good reason, but Denmark has always refused. Now, because of The Golden Dome, and Modern Day Weapons Systems, both Offensive and Defensive, the need to ACQUIRE is especially important. Hundreds of Billions of Dollars are currently being spent on Security Programs having to do with “The Dome,” including for the possible protection of Canada, and this very brilliant, but highly complex system can only work at its maximum potential and efficiency, because of angles, metes, and bounds, if this Land is included in it. The United States of America is immediately open to negotiation with Denmark and/or any of these Countries that have put so much at risk, despite all that we have done for them, including maximum protection, over so many decades. Thank you for your attention to this matter! DONALD J. TRUMPPRESIDENT OF THE UNITED STATES OF AMERICA"
@realDonaldTrump,2026-01-17 14:09,2026,https://truthsocial.com/@realDonaldTrump/posts/115912250523181458,"Everyone is asking about the Autopen? What was done is totally illegal, and anything signed that way is of “no further force or effect.” The person who “worked” the Autopen had no idea whether or not Biden approved of what he was doing. There was no ORDER in writing, and it was an absolutely illegal act perpetrated by the Radical Left Insurrectionists who illegally ran the Biden Administration. Every one of them should be arrested for what they have done to our Country. They didn’t win the Presidency but, when you think of it, neither did Joe Biden. The whole thing was RIGGED. There must be a price to pay, and it has got to be a BIG ONE! PRESIDENT DONALD J. TRUMP Everyone is asking about the Autopen? What was done is totally illegal, and anything signed that way is of “no further force or effect.” The person who “worked” the Autopen had no idea whether or not Biden approved of what he was doing. There was no ORDER in writing, and it was an absolutely illegal act perpetrated by the Radical Left Insurrectionists who illegally ran the Biden Administration. Every one of them should be arrested for what they have done to our Country. They didn’t win the Presidency but, when you think of it, neither did Joe Biden. The whole thing was RIGGED. There must be a price to pay, and it has got to be a BIG ONE! PRESIDENT DONALD J. TRUMP"
@realDonaldTrump,2026-01-17 10:13,2026,https://truthsocial.com/@realDonaldTrump/posts/115911321115123547,"A front page Article in The Fake News Wall Street Journal states, without any verification, that I offered Jamie Dimon, of JPMorgan Chase, the job of Fed Chairman. This statement is totally untrue, there was never such an offer and, in fact, I’ll be suing JPMorgan Chase over the next two weeks for incorrectly and inappropriately DEBANKING me after the January 6th Protest, a protest that turned out to be correct for those doing the protesting — The Election was RIGGED! Why wouldn’t The Wall Street Journal call me to ask whether or not such an offer was made? I would have very quickly told them, “NO,” and that would have been the end of the story. Also, one was led to believe that I offered Jamie Dimon the job of Secretary of the Treasury, but that would be one that he would be very interested in. The problem is, I have Scott Bessent doing a fantastic job, A SUPERSTAR — Why would I give it to Jamie? No such offer was made there, or even thought of, either. The Wall Street Journal ought to do better “fact checking,” or its already strained credibility will continue to DIVE. Thank you for your attention to this matter! A front page Article in The Fake News Wall Street Journal states, without any verification, that I offered Jamie Dimon, of JPMorgan Chase, the job of Fed Chairman. This statement is totally untrue, there was never such an offer and, in fact, I’ll be suing JPMorgan Chase over the next two weeks for incorrectly and inappropriately DEBANKING me after the January 6th Protest, a protest that turned out to be correct for those doing the protesting — The Election was RIGGED! Why wouldn’t The Wall Street Journal call me to ask whether or not such an offer was made? I would have very quickly told them, “NO,” and that would have been the end of the story. Also, one was led to believe that I offered Jamie Dimon the job of Secretary of the Treasury, but that would be one that he would be very interested in. The problem is, I have Scott Bessent doing a fantastic job, A SUPERSTAR — Why would I give it to Jamie? No such offer was made there, or even thought of, either. The Wall Street Journal ought to do better “fact checking,” or its already strained credibility will continue to DIVE. Thank you for your attention to this matter!"
@realDonaldTrump,2026-01-16 21:31,2026,https://truthsocial.com/@realDonaldTrump/posts/115908324827875418,null
@realDonaldTrump,2026-01-16 21:31,2026,https://truthsocial.com/@realDonaldTrump/posts/115908324144605455,null
@realDonaldTrump,2026-01-16 14:21,2026,https://truthsocial.com/@realDonaldTrump/posts/115906633073035073,null
@realDonaldTrump,2026-01-16 11:40,2026,https://truthsocial.com/@realDonaldTrump/posts/115906000981082082,"I greatly respect the fact that all scheduled hangings, which were to take place yesterday (Over 800 of them), have been cancelled by the leadership of Iran. Thank you!DONALD J. TRUMPPRESIDENT OF THE UNITED STATES OF AMERICA I greatly respect the fact that all scheduled hangings, which were to take place yesterday (Over 800 of them), have been cancelled by the leadership of Iran. Thank you! DONALD J. TRUMPPRESIDENT OF THE UNITED STATES OF AMERICA"
@realDonaldTrump,2026-01-16 10:38,2026,https://truthsocial.com/@realDonaldTrump/posts/115905757161594483,"In Minnesota, the Troublemakers, Agitators, and Insurrectionists are, in many cases, highly paid professionals. The Governor and Mayor don’t know what to do, they have totally lost control, and our currently being rendered, USELESS! If, and when, I am forced to act, it will be solved, QUICKLY and EFFECTIVELY! President DJT In Minnesota, the Troublemakers, Agitators, and Insurrectionists are, in many cases, highly paid professionals. The Governor and Mayor don’t know what to do, they have totally lost control, and our currently being rendered, USELESS! If, and when, I am forced to act, it will be solved, QUICKLY and EFFECTIVELY! President DJT"
@realDonaldTrump,2026-01-16 10:37,2026,https://truthsocial.com/@realDonaldTrump/posts/115905755470362973,"Great Meeting on Healthcare this morning! The Federal Government money must be paid, not to the Insurance Companies, but directly to THE PEOPLE! GREAT HEALTHCARE will be provided at a substantially reduced cost. Great Meeting on Healthcare this morning! The Federal Government money must be paid, not to the Insurance Companies, but directly to THE PEOPLE! GREAT HEALTHCARE will be provided at a substantially reduced cost."
@realDonaldTrump,2026-01-15 18:48,2026,https://truthsocial.com/@realDonaldTrump/posts/115902023696178994,"It was my Great Honor to meet María Corina Machado, of Venezuela, today. She is a wonderful woman who has been through so much. María presented me with her Nobel Peace Prize for the work I have done. Such a wonderful gesture of mutual respect. Thank you María! It was my Great Honor to meet María Corina Machado, of Venezuela, today. She is a wonderful woman who has been through so much. María presented me with her Nobel Peace Prize for the work I have done. Such a wonderful gesture of mutual respect. Thank you María!"
@realDonaldTrump,2026-01-15 18:47,2026,https://truthsocial.com/@realDonaldTrump/posts/115902017280271792,"As Steve Witkoff announced, we have OFFICIALLY entered the next phase of Gaza’s 20-Point Peace Plan! Since the Ceasefire, my team has helped deliver RECORD LEVELS of Humanitarian Aid to Gaza, reaching Civilians at HISTORIC speed and scale. Even the United Nations has acknowledged this achievement as UNPRECEDENTED. These results have set the stage for this next phase. As Chairman of the Board of Peace, I am backing a newly appointed Palestinian Technocratic Government, the National Committee for the Administration of Gaza, supported by the Board's High Representative, to govern Gaza during its transition. These Palestinian leaders are unwaveringly committed to a PEACEFUL future! With the support of Egypt, Turkey, and Qatar, we will secure a COMPREHENSIVE Demilitarization Agreement with Hamas, including the surrender of ALL weapons, and the dismantling of EVERY tunnel. Hamas must IMMEDIATELY honor its commitments, including the return of the final body to Israel, and proceed without delay to full Demilitarization. As I have said before, they can do this the easy way, or the hard way. The people of Gaza have suffered long enough. The time is NOW. PEACE THROUGH STRENGTH. As Steve Witkoff announced, we have OFFICIALLY entered the next phase of Gaza’s 20-Point Peace Plan! Since the Ceasefire, my team has helped deliver RECORD LEVELS of Humanitarian Aid to Gaza, reaching Civilians at HISTORIC speed and scale. Even the United Nations has acknowledged this achievement as UNPRECEDENTED. These results have set the stage for this next phase. As Chairman of the Board of Peace, I am backing a newly appointed Palestinian Technocratic Government, the National Committee for the Administration of Gaza, supported by the Board's High Representative, to govern Gaza during its transition. These Palestinian leaders are unwaveringly committed to a PEACEFUL future! With the support of Egypt, Turkey, and Qatar, we will secure a COMPREHENSIVE Demilitarization Agreement with Hamas, including the surrender of ALL weapons, and the dismantling of EVERY tunnel. Hamas must IMMEDIATELY honor its commitments, including the return of the final body to Israel, and proceed without delay to full Demilitarization. As I have said before, they can do this the easy way, or the hard way. The people of Gaza have suffered long enough. The time is NOW. PEACE THROUGH STRENGTH."
@realDonaldTrump,2026-01-15 07:04,2026,https://truthsocial.com/@realDonaldTrump/posts/115899252938886431,"If the corrupt politicians of Minnesota don’t obey the law and stop the professional agitators and insurrectionists from attacking the Patriots of I.C.E., who are only trying to do their job, I will institute the INSURRECTION ACT, which many Presidents have done before me, and quickly put an end to the travesty that is taking place in that once great State. Thank you for you attention to this matter! President DJT If the corrupt politicians of Minnesota don’t obey the law and stop the professional agitators and insurrectionists from attacking the Patriots of I.C.E., who are only trying to do their job, I will institute the INSURRECTION ACT, which many Presidents have done before me, and quickly put an end to the travesty that is taking place in that once great State. Thank you for you attention to this matter! President DJT"
@realDonaldTrump,2026-01-15 06:02,2026,https://truthsocial.com/@realDonaldTrump/posts/115899010178595252,"A highly respected judge declined to block I.C.E. operations in the very politically corrupt State of Minnesota. I.C.E. will therefore be allowed to continue its highly successful operation of removing some of the most violent and vicious criminals anywhere in the World, many of them murderers, from the State. The great patriots of Law Enforcement will continue to make our Country safe. RECORD LOW CRIME NUMBERS!!! A highly respected judge declined to block I.C.E. operations in the very politically corrupt State of Minnesota. I.C.E. will therefore be allowed to continue its highly successful operation of removing some of the most violent and vicious criminals anywhere in the World, many of them murderers, from the State. The great patriots of Law Enforcement will continue to make our Country safe. RECORD LOW CRIME NUMBERS!!!"
@realDonaldTrump,2026-01-15 05:26,2026,https://truthsocial.com/@realDonaldTrump/posts/115898867378270216,"FoxNews: “Iranian protester will no longer be sentenced to death after President Trump’s warnings. Likewise others.” This is good news. Hopefully, it will continue! FoxNews: “Iranian protester will no longer be sentenced to death after President Trump’s warnings. Likewise others.” This is good news. Hopefully, it will continue!"
@realDonaldTrump,2026-01-14 19:36,2026,https://truthsocial.com/@realDonaldTrump/posts/115896547660912892,"Does anybody believe that in Minneapolis, these are the Food Stamp Businesses? There’s no Food, there’s no cleanliness, there’s no service, there’s no nothing, except FRAUD. They get sent Millions of Dollars of Taxpayer Money, and laugh at how STUPID the Americans are, but not anymore. These people should be sent back to Somalia, or any other Country from where they came. California, Illinois, New York, and so many other places are equally as bad. It’s all a giant Democrat SCAM, with protection from the Fake News Media but, it will end, as we, MAKE AMERICA GREAT AGAIN! Does anybody believe that in Minneapolis, these are the Food Stamp Businesses? There’s no Food, there’s no cleanliness, there’s no service, there’s no nothing, except FRAUD. They get sent Millions of Dollars of Taxpayer Money, and laugh at how STUPID the Americans are, but not anymore. These people should be sent back to Somalia, or any other Country from where they came. California, Illinois, New York, and so many other places are equally as bad. It’s all a giant Democrat SCAM, with protection from the Fake News Media but, it will end, as we, MAKE AMERICA GREAT AGAIN!"
@realDonaldTrump,2026-01-14 19:34,2026,https://truthsocial.com/@realDonaldTrump/posts/115896541448142781,null
@realDonaldTrump,2026-01-14 16:27,2026,https://truthsocial.com/@realDonaldTrump/posts/115895806350456434,"This morning I had a very good call with the Interim President of Venezuela, Delcy Rodríguez. We are making tremendous progress, as we help Venezuela stabilize and recover. Many topics were discussed, including Oil, Minerals, Trade and, of course, National Security. This partnership between the United States of America and Venezuela will be a spectacular one FOR ALL. Venezuela will soon be great and prosperous again, perhaps more so than ever before! This morning I had a very good call with the Interim President of Venezuela, Delcy Rodríguez. We are making tremendous progress, as we help Venezuela stabilize and recover. Many topics were discussed, including Oil, Minerals, Trade and, of course, National Security. This partnership between the United States of America and Venezuela will be a spectacular one FOR ALL. Venezuela will soon be great and prosperous again, perhaps more so than ever before!"
@realDonaldTrump,2026-01-14 05:39,2026,https://truthsocial.com/@realDonaldTrump/posts/115893255826342514,"The United States needs Greenland for the purpose of National Security. It is vital for the Golden Dome that we are building. NATO should be leading the way for us to get it. IF WE DON’T, RUSSIA OR CHINA WILL, AND THAT IS NOT GOING TO HAPPEN! Militarily, without the vast power of the United States, much of which I built during my first term, and am now bringing to a new and even higher level, NATO would not be an effective force or deterrent - Not even close! They know that, and so do I. NATO becomes far more formidable and effective with Greenland in the hands of the UNITED STATES.Anything less than that is unacceptable. Thank you for your attention to this matter! President DJT The United States needs Greenland for the purpose of National Security. It is vital for the Golden Dome that we are building. NATO should be leading the way for us to get it. IF WE DON’T, RUSSIA OR CHINA WILL, AND THAT IS NOT GOING TO HAPPEN! Militarily, without the vast power of the United States, much of which I built during my first term, and am now bringing to a new and even higher level, NATO would not be an effective force or deterrent - Not even close! They know that, and so do I. NATO becomes far more formidable and effective with Greenland in the hands of the UNITED STATES.Anything less than that is unacceptable. Thank you for your attention to this matter! President DJT"
@realDonaldTrump,2026-01-13 19:32,2026,https://truthsocial.com/@realDonaldTrump/posts/115890870756720067,Congratulations Jon! Congratulations Jon!
@realDonaldTrump,2026-01-13 08:28,2026,https://truthsocial.com/@realDonaldTrump/posts/115888260399895701,"JUST OUT: Great (LOW!) Inflation numbers for the USA. That means that Jerome “Too Late” Powell should cut interest rates, MEANINGFULLY!!! If he doesn’t he will just continue to be, “TOO LATE!” ALSO OUT, GREAT GROWTH NUMBERS. Thank you MISTER TARIFF! President DJT JUST OUT: Great (LOW!) Inflation numbers for the USA. That means that Jerome “Too Late” Powell should cut interest rates, MEANINGFULLY!!! If he doesn’t he will just continue to be, “TOO LATE!” ALSO OUT, GREAT GROWTH NUMBERS. Thank you MISTER TARIFF! President DJT"
@realDonaldTrump,2026-01-13 07:40,2026,https://truthsocial.com/@realDonaldTrump/posts/115888070937502023,"Do the people of Minnesota really want to live in a community in which there are thousands of already convicted murderers, drug dealers and addicts, rapists, violent released and escaped prisoners, dangerous people from foreign mental institutions and insane asylums, and other deadly criminals too dangerous to even mention. All the patriots of ICE want to do is remove them from your neighborhood and send them back to the prisons and mental institutions from where they came, most in foreign Countries who illegally entered the USA though Sleepy Joe Biden’s HORRIBLE Open Border’s Policy. Every place we go, crime comes down. In Chicago, despite a weak and incompetent Governor and Mayor fighting us all the way, a big improvement was made. Thousands of Criminals were removed! Minnesota Democrats love the unrest that anarchists and professional agitators are causing because it gets the spotlight off of the 19 Billion Dollars that was stolen by really bad and deranged people. FEAR NOT, GREAT PEOPLE OF MINNESOTA, THE DAY OF RECKONING & RETRIBUTION IS COMING! Do the people of Minnesota really want to live in a community in which there are thousands of already convicted murderers, drug dealers and addicts, rapists, violent released and escaped prisoners, dangerous people from foreign mental institutions and insane asylums, and other deadly criminals too dangerous to even mention. All the patriots of ICE want to do is remove them from your neighborhood and send them back to the prisons and mental institutions from where they came, most in foreign Countries who illegally entered the USA though Sleepy Joe Biden’s HORRIBLE Open Border’s Policy. Every place we go, crime comes down. In Chicago, despite a weak and incompetent Governor and Mayor fighting us all the way, a big improvement was made. Thousands of Criminals were removed! Minnesota Democrats love the unrest that anarchists and professional agitators are causing because it gets the spotlight off of the 19 Billion Dollars that was stolen by really bad and deranged people. FEAR NOT, GREAT PEOPLE OF MINNESOTA, THE DAY OF RECKONING & RETRIBUTION IS COMING!"
@realDonaldTrump,2026-01-13 06:32,2026,https://truthsocial.com/@realDonaldTrump/posts/115887804236765510,null
@realDonaldTrump,2026-01-12 16:13,2026,https://truthsocial.com/@realDonaldTrump/posts/115884425860726582,"Congestion Pricing in Manhattan is a DISASTER for New York. It’s got to be ended, IMMEDIATELY! It’s never worked before, and it will never work now. I love New York, and hate to see it being destroyed so rapidly with such obviously foolish “policy.” Thank you for your attention to this matter!PRESIDENT DONALD J. TRUMP Congestion Pricing in Manhattan is a DISASTER for New York. It’s got to be ended, IMMEDIATELY! It’s never worked before, and it will never work now. I love New York, and hate to see it being destroyed so rapidly with such obviously foolish “policy.” Thank you for your attention to this matter! PRESIDENT DONALD J. TRUMP"
@realDonaldTrump,2026-01-12 15:46,2026,https://truthsocial.com/@realDonaldTrump/posts/115884319075881590,"Effective immediately, any Country doing business with the Islamic Republic of Iran will pay a Tariff of 25% on any and all business being done with the United States of America. This Order is final and conclusive. Thank you for your attention to this matter!PRESIDENT DONALD J. TRUMP Effective immediately, any Country doing business with the Islamic Republic of Iran will pay a Tariff of 25% on any and all business being done with the United States of America. This Order is final and conclusive. Thank you for your attention to this matter! PRESIDENT DONALD J. TRUMP"
@realDonaldTrump,2026-01-12 15:07,2026,https://truthsocial.com/@realDonaldTrump/posts/115884164936451552,"These FBI Agents are total Scum, in their own way no better than the insurrectionists in Portland, Minnesota, Los Angeles, etc. Kash better get them out, NOW! Radical Left Lunatics put in by the “Auto Pen” and Obama!President DJT https://justthenews.com/government/courts-law/anti-trump-fbi-agent-and-liberal-outlet-claims-heart-controversial-arctic These FBI Agents are total Scum, in their own way no better than the insurrectionists in Portland, Minnesota, Los Angeles, etc. Kash better get them out, NOW! Radical Left Lunatics put in by the “Auto Pen” and Obama!President DJT https://justthenews.com/government/courts-law/anti-trump-fbi-agent-and-liberal-outlet-claims-heart-controversial-arctic"
@realDonaldTrump,2026-01-11 19:23,2026,https://truthsocial.com/@realDonaldTrump/posts/115879509461234235,null
@realDonaldTrump,2026-01-11 10:04,2026,https://truthsocial.com/@realDonaldTrump/posts/115877313568182404,The Entrance to Mar-a-Lago! The Entrance to Mar-a-Lago!
@realDonaldTrump,2026-01-11 09:55,2026,https://truthsocial.com/@realDonaldTrump/posts/115877277396911389,How Three Judges Dismantled a Federal Indictment: Judicial Overreach in United States v. Comey: https://www.thegatewaypundit.com/2025/12/how-three-judges-dismantled-federal-indictment-judicial-overreach/ How Three Judges Dismantled a Federal Indictment: Judicial Overreach in United States v. Comey: https://www.thegatewaypundit.com/2025/12/how-three-judges-dismantled-federal-indictment-judicial-overreach/
@realDonaldTrump,2026-01-11 09:30,2026,https://truthsocial.com/@realDonaldTrump/posts/115877176968623599,The Case for Pardoning Former President of Honduras Juan Orlando Hernandez: https://www.stonecoldtruth.com/p/the-case-for-pardoning-former-president/ The Case for Pardoning Former President of Honduras Juan Orlando Hernandez: https://www.stonecoldtruth.com/p/the-case-for-pardoning-former-president/
@realDonaldTrump,2026-01-11 09:21,2026,https://truthsocial.com/@realDonaldTrump/posts/115877144569944090,null
@realDonaldTrump,2026-01-11 09:21,2026,https://truthsocial.com/@realDonaldTrump/posts/115877142510655586,null
@realDonaldTrump,2026-01-11 05:44,2026,https://truthsocial.com/@realDonaldTrump/posts/115876290884752915,null
@realDonaldTrump,2026-01-11 05:42,2026,https://truthsocial.com/@realDonaldTrump/posts/115876282507423685,Sounds good to me! Sounds good to me!
@realDonaldTrump,2026-01-11 05:40,2026,https://truthsocial.com/@realDonaldTrump/posts/115876275372067195,null
@realDonaldTrump,2026-01-10 17:42,2026,https://truthsocial.com/@realDonaldTrump/posts/115873451908160529,"Venezuela has started the process, in a BIG WAY, of releasing their political prisoners. Thank you! I hope those prisoners will remember how lucky they got that the USA came along and did what had to be done. I HOPE THEY NEVER FORGET! If they do, it will not be good for them. Thank you for your attention to this matter!!! President DJT Venezuela has started the process, in a BIG WAY, of releasing their political prisoners. Thank you! I hope those prisoners will remember how lucky they got that the USA came along and did what had to be done. I HOPE THEY NEVER FORGET! If they do, it will not be good for them. Thank you for your attention to this matter!!! President DJT"
@realDonaldTrump,2026-01-10 17:13,2026,https://truthsocial.com/@realDonaldTrump/posts/115873337954422404,"It is my Great Honor to endorse America First Patriot, Jon Maples, who is running to represent the wonderful people of Florida’s 87th State House District. Jon is a very successful Businessman and Civic Leader, who is known and loved, and also endorsed by so many of my Palm Beach County friends, including by Great State Representative “MAGA” Meg Weinberger. Jon will be a terrific Legislator! As your next State Representative, Jon will fight tirelessly to Grow the Economy, Cut Taxes and Regulations, Promote MADE IN THE U.S.A., Stop Migrant Crime, Safeguard our Elections, Support our Military, Veterans, and Law Enforcement, and Defend our always under siege Second Amendment. Jon Maples has my Complete and Total Endorsement for Florida HD-87. Early Voting ends January 11th, and Primary Election Day is January 13th. GET OUT AND VOTE FOR JON — HE WILL NEVER LET YOU DOWN! It is my Great Honor to endorse America First Patriot, Jon Maples, who is running to represent the wonderful people of Florida’s 87th State House District. Jon is a very successful Businessman and Civic Leader, who is known and loved, and also endorsed by so many of my Palm Beach County friends, including by Great State Representative “MAGA” Meg Weinberger. Jon will be a terrific Legislator! As your next State Representative, Jon will fight tirelessly to Grow the Economy, Cut Taxes and Regulations, Promote MADE IN THE U.S.A., Stop Migrant Crime, Safeguard our Elections, Support our Military, Veterans, and Law Enforcement, and Defend our always under siege Second Amendment. Jon Maples has my Complete and Total Endorsement for Florida HD-87. Early Voting ends January 11th, and Primary Election Day is January 13th. GET OUT AND VOTE FOR JON — HE WILL NEVER LET YOU DOWN!"
@realDonaldTrump,2026-01-10 16:35,2026,https://truthsocial.com/@realDonaldTrump/posts/115873188207807497,"Protester scales Iranian Embassy in London, tears down regime flag, hoists pre-revolution symbol: https://www.foxnews.com/world/protester-scales-iranian-embassy-in-london-tears-down-regime-flag-hoists-pre-revolution-symbol/ Protester scales Iranian Embassy in London, tears down regime flag, hoists pre-revolution symbol: https://www.foxnews.com/world/protester-scales-iranian-embassy-in-london-tears-down-regime-flag-hoists-pre-revolution-symbol/"
@realDonaldTrump,2026-01-10 14:49,2026,https://truthsocial.com/@realDonaldTrump/posts/115872769704977517,"Dr. Marc Siegel, a wonderful guy, wrote a great new book, “The Miracles Among Us.” Get it now!!! President DJT Dr. Marc Siegel, a wonderful guy, wrote a great new book, “The Miracles Among Us.” Get it now!!! President DJT"
@realDonaldTrump,2026-01-10 14:27,2026,https://truthsocial.com/@realDonaldTrump/posts/115872684220634537,The United States of America is the Hottest and most Successful Country anywhere in the WORLD!!! President DJT The United States of America is the Hottest and most Successful Country anywhere in the WORLD!!! President DJT
@realDonaldTrump,2026-01-10 14:22,2026,https://truthsocial.com/@realDonaldTrump/posts/115872664324587956,"The New York Football Giants should hire, without question, John Harbaugh - And John, a great guy, should TAKE THE JOB!!! President DJT The New York Football Giants should hire, without question, John Harbaugh - And John, a great guy, should TAKE THE JOB!!! President DJT"
@realDonaldTrump,2026-01-10 12:27,2026,https://truthsocial.com/@realDonaldTrump/posts/115872214156165257,"Iran is looking at FREEDOM, perhaps like never before. The USA stands ready to help!!! President DONALD J. TRUMP Iran is looking at FREEDOM, perhaps like never before. The USA stands ready to help!!! President DONALD J. TRUMP"
@realDonaldTrump,2026-01-10 09:42,2026,https://truthsocial.com/@realDonaldTrump/posts/115871564802315111,"Gregg Jarrett is GREAT!!!GREGG JARRETT: If Walz is charged in Minnesota fraud scandal, his best defense is incompetence:https://www.foxnews.com/opinion/gregg-jarrett-walz-charged-minnesota-fraud-scandal-his-best-defense-incompetence Gregg Jarrett is GREAT!!! GREGG JARRETT: If Walz is charged in Minnesota fraud scandal, his best defense is incompetence:https://www.foxnews.com/opinion/gregg-jarrett-walz-charged-minnesota-fraud-scandal-his-best-defense-incompetence"
@realDonaldTrump,2026-01-10 09:39,2026,https://truthsocial.com/@realDonaldTrump/posts/115871553613947408,"Bill Pulte to Newsmax: Trump Cutting Home Costs, Rates: https://www.newsmax.com/newsmax-tv/pulte-trump-home/2026/01/09/id/1241553/ Bill Pulte to Newsmax: Trump Cutting Home Costs, Rates: https://www.newsmax.com/newsmax-tv/pulte-trump-home/2026/01/09/id/1241553/"
@realDonaldTrump,2026-01-09 19:50,2026,https://truthsocial.com/@realDonaldTrump/posts/115868292968772820,null
@realDonaldTrump,2026-01-09 19:35,2026,https://truthsocial.com/@realDonaldTrump/posts/115868232924041391,null
@realDonaldTrump,2026-01-09 19:33,2026,https://truthsocial.com/@realDonaldTrump/posts/115868224630084983,Venom and Valor Earns Prestigious Recognition as Best Leadership and Resilience Book of 2025: https://markets.financialcontent.com/stocks/article/marketersmedia-2026-1-9-venom-and-valor-earns-prestigious-recognition-as-best-leadership-and-resilience-book-of-2025 Venom and Valor Earns Prestigious Recognition as Best Leadership and Resilience Book of 2025: https://markets.financialcontent.com/stocks/article/marketersmedia-2026-1-9-venom-and-valor-earns-prestigious-recognition-as-best-leadership-and-resilience-book-of-2025
@realDonaldTrump,2026-01-09 19:31,2026,https://truthsocial.com/@realDonaldTrump/posts/115868215789468319,null
@realDonaldTrump,2026-01-09 19:17,2026,https://truthsocial.com/@realDonaldTrump/posts/115868163614710077,"Now featured at the National Portrait Gallery (8th and G Streets NW, Washington, D.C. 20001)! Now featured at the National Portrait Gallery (8th and G Streets NW, Washington, D.C. 20001)!"
@realDonaldTrump,2026-01-09 16:24,2026,https://truthsocial.com/@realDonaldTrump/posts/115867481802224393,"Many of my strongest supporters and friends in Wyoming have been calling and telling me how great “MAGA” Megan Degenfelder is, because she is considering launching a Campaign to be the next Governor of the Great State of Wyoming, a place I love and WON BIG in 2016, 2020, and 2024. From everything I know about her, she would be fantastic! A Sixth Generation Wyomingite, and Wyoming’s very popular Superintendent of Public Instruction, Megan has dedicated her life to serving her Community. If she is your next Governor, Megan will work tirelessly to Champion Wyoming Values, Promote our Amazing Farmers and Ranchers, Grow our Economy, Cut Taxes and Regulations, Advance MADE IN THE U.S.A., Unleash American Energy DOMINANCE, Keep our Border SECURE, Stop Migrant Crime, Ensure LAW AND ORDER, Support our Brave Military, Veterans, and Law Enforcement, Safeguard our Elections, and Protect our always under siege Second Amendment. Should she decide to enter this Race, “MAGA” Megan Degenfelder has my Complete and Total Endorsement. RUN, MEGAN, RUN! Many of my strongest supporters and friends in Wyoming have been calling and telling me how great “MAGA” Megan Degenfelder is, because she is considering launching a Campaign to be the next Governor of the Great State of Wyoming, a place I love and WON BIG in 2016, 2020, and 2024. From everything I know about her, she would be fantastic! A Sixth Generation Wyomingite, and Wyoming’s very popular Superintendent of Public Instruction, Megan has dedicated her life to serving her Community. If she is your next Governor, Megan will work tirelessly to Champion Wyoming Values, Promote our Amazing Farmers and Ranchers, Grow our Economy, Cut Taxes and Regulations, Advance MADE IN THE U.S.A., Unleash American Energy DOMINANCE, Keep our Border SECURE, Stop Migrant Crime, Ensure LAW AND ORDER, Support our Brave Military, Veterans, and Law Enforcement, Safeguard our Elections, and Protect our always under siege Second Amendment. Should she decide to enter this Race, “MAGA” Megan Degenfelder has my Complete and Total Endorsement. RUN, MEGAN, RUN!"
@realDonaldTrump,2026-01-09 16:04,2026,https://truthsocial.com/@realDonaldTrump/posts/115867403112667181,“Our Country would be Venezuela on steroids if it weren’t for President Donald J. Trump!”“The strongest Economic Growth since 1990!” — Mark Penn “Our Country would be Venezuela on steroids if it weren’t for President Donald J. Trump!” “The strongest Economic Growth since 1990!” — Mark Penn
@realDonaldTrump,2026-01-09 16:00,2026,https://truthsocial.com/@realDonaldTrump/posts/115867385857410443,"Art Laffer and Stephen Moore have written an incredible Book, “The Trump Economic Miracle: And the Plan to Unleash Prosperity Again.” In just under one year, thanks to our use of Tariffs, our Nation’s National and Economic Security is stronger than ever before. Trillions of Dollars of Investment (and Jobs!) are pouring into our Country, our Trade Deficit is reaching Record Lows, our Nation’s GDP is skyrocketing past 5%, and we’re just getting started. Art and Stephen understand the America First Policies required to save our Nation from ruin, and make it greater, richer, and stronger than ever before. Get your copy of this GREAT Book today. THE BEST IS YET TO COME!https://www.amazon.com/Trump-Economic-Miracle-Unleash-Prosperity/dp/B0DHWHBXSJ Art Laffer and Stephen Moore have written an incredible Book, “The Trump Economic Miracle: And the Plan to Unleash Prosperity Again.” In just under one year, thanks to our use of Tariffs, our Nation’s National and Economic Security is stronger than ever before. Trillions of Dollars of Investment (and Jobs!) are pouring into our Country, our Trade Deficit is reaching Record Lows, our Nation’s GDP is skyrocketing past 5%, and we’re just getting started. Art and Stephen understand the America First Policies required to save our Nation from ruin, and make it greater, richer, and stronger than ever before. Get your copy of this GREAT Book today. THE BEST IS YET TO COME!https://www.amazon.com/Trump-Economic-Miracle-Unleash-Prosperity/dp/B0DHWHBXSJ"
@realDonaldTrump,2026-01-09 12:46,2026,https://truthsocial.com/@realDonaldTrump/posts/115866624593954329,"The largest Oil Companies in the World are coming to the White House at 2:30 P.M. Everybody wants to be there. It’s too bad that the Ballroom hasn’t completed because, if it were, it would be PACKED. We apologize to those Oil Companies that we cannot take today, but Secretary of Energy Chris Wright, and Secretary of the Interior Doug Burgum, will see them over the next week. Everyone is in daily contact. Today’s meeting will almost exclusively be a discussion on Venezuelan Oil, and our longterm relationship with Venezuela, its Security, and People. A very big factor in this involvement will be the reduction of Oil Prices for the American People. Additionally, and perhaps most importantly of all, will be the stoppage of Drugs and Criminals coming into the United States of America. Thank you for your attention to this matter! PRESIDENT DONALD J. TRUMP The largest Oil Companies in the World are coming to the White House at 2:30 P.M. Everybody wants to be there. It’s too bad that the Ballroom hasn’t completed because, if it were, it would be PACKED. We apologize to those Oil Companies that we cannot take today, but Secretary of Energy Chris Wright, and Secretary of the Interior Doug Burgum, will see them over the next week. Everyone is in daily contact. Today’s meeting will almost exclusively be a discussion on Venezuelan Oil, and our longterm relationship with Venezuela, its Security, and People. A very big factor in this involvement will be the reduction of Oil Prices for the American People. Additionally, and perhaps most importantly of all, will be the stoppage of Drugs and Criminals coming into the United States of America. Thank you for your attention to this matter! PRESIDENT DONALD J. TRUMP"
@realDonaldTrump,2026-01-09 12:45,2026,https://truthsocial.com/@realDonaldTrump/posts/115866622554668872,"I look forward to having a meeting with Gustavo Petro, the President of Colombia, in the White House, during the first week of February. I am sure it will work out very well for Colombia, and the U.S.A., but, cocaine and other drugs must be STOPPED from coming into the United States. Thank you for your attention to this matter! PRESIDENT DONALD J. TRUMP I look forward to having a meeting with Gustavo Petro, the President of Colombia, in the White House, during the first week of February. I am sure it will work out very well for Colombia, and the U.S.A., but, cocaine and other drugs must be STOPPED from coming into the United States. Thank you for your attention to this matter! PRESIDENT DONALD J. TRUMP"
@realDonaldTrump,2026-01-09 07:32,2026,https://truthsocial.com/@realDonaldTrump/posts/115865390789458148,null
@realDonaldTrump,2026-01-08 20:04,2026,https://truthsocial.com/@realDonaldTrump/posts/115862684255980250,"I will be interviewed by Sean Hannity, NOW! FoxNews. President DJT I will be interviewed by Sean Hannity, NOW! FoxNews. President DJT"
@realDonaldTrump,2026-01-08 19:59,2026,https://truthsocial.com/@realDonaldTrump/posts/115862665860473431,"Incompetent California “Leaders,” headed by Governor Gavin Newscum, and a traveling Mayor who likes Africa better than the USA (she chose to go there rather than stay home and fight the worst fire in California history!), are absolutely unable to get people permits to rebuild there homes. All Federal permits have been issued and received, long ago!!! President DJT Incompetent California “Leaders,” headed by Governor Gavin Newscum, and a traveling Mayor who likes Africa better than the USA (she chose to go there rather than stay home and fight the worst fire in California history!), are absolutely unable to get people permits to rebuild there homes. All Federal permits have been issued and received, long ago!!! President DJT"
@realDonaldTrump,2026-01-08 19:27,2026,https://truthsocial.com/@realDonaldTrump/posts/115862540912655667,FREE TINA PETERS! FREE TINA PETERS!
@realDonaldTrump,2026-01-08 19:21,2026,https://truthsocial.com/@realDonaldTrump/posts/115862514405297551,null
@realDonaldTrump,2026-01-08 17:38,2026,https://truthsocial.com/@realDonaldTrump/posts/115862109893187989,"BREAKING NEWS: Numbers released today show that the United States of America has the lowest Trade Deficit since 2009, and going even lower. In addition, our Nation’s Gross Domestic Product (GDP) is predicted to come in at over 5%, and that is after losing at least 1.5% to the Democrat “Shutdown.” These incredible numbers, and the unprecedented SUCCESS of our Country, are a direct result of TARIFFS, which have rescued our Economy and National Security. I hope the Supreme Court is aware of these Historic, Country saving achievements prior to the issuance of their most important (ever!) Decision. Thank you for your attention to this matter! PRESIDENT DONALD J. TRUMP BREAKING NEWS: Numbers released today show that the United States of America has the lowest Trade Deficit since 2009, and going even lower. In addition, our Nation’s Gross Domestic Product (GDP) is predicted to come in at over 5%, and that is after losing at least 1.5% to the Democrat “Shutdown.” These incredible numbers, and the unprecedented SUCCESS of our Country, are a direct result of TARIFFS, which have rescued our Economy and National Security. I hope the Supreme Court is aware of these Historic, Country saving achievements prior to the issuance of their most important (ever!) Decision. Thank you for your attention to this matter! PRESIDENT DONALD J. TRUMP"
@realDonaldTrump,2026-01-08 15:25,2026,https://truthsocial.com/@realDonaldTrump/posts/115861588073149023,"Biden ignored the Housing Market, and instead was immersed with High Crime, Open Borders, runaway INFLATION, the Afghanistan Disaster, and a Military that he left in Chaos and Confusion. Everything was broken, but I, as President of the United States, have already fixed it! Now, I am giving special attention to the Housing Market. Because I chose not to sell Fannie Mae and Freddie Mac in my First Term, a truly great decision, and against the advice of the “experts,” it is now worth many times that amount — AN ABSOLUTE FORTUNE — and has $200 BILLION DOLLARS IN CASH. Because of this, I am instructing my Representatives to BUY $200 BILLION DOLLARS IN MORTGAGE BONDS. This will drive Mortgage Rates DOWN, monthly payments DOWN, and make the cost of owning a home more affordable. It is one of my many steps in restoring Affordability, something that the Biden Administration absolutely destroyed. We are bringing back the AMERICAN DREAM that was destroyed by the last Administration. MAKE AMERICA GREAT AGAIN! Biden ignored the Housing Market, and instead was immersed with High Crime, Open Borders, runaway INFLATION, the Afghanistan Disaster, and a Military that he left in Chaos and Confusion. Everything was broken, but I, as President of the United States, have already fixed it! Now, I am giving special attention to the Housing Market. Because I chose not to sell Fannie Mae and Freddie Mac in my First Term, a truly great decision, and against the advice of the “experts,” it is now worth many times that amount — AN ABSOLUTE FORTUNE — and has $200 BILLION DOLLARS IN CASH. Because of this, I am instructing my Representatives to BUY $200 BILLION DOLLARS IN MORTGAGE BONDS. This will drive Mortgage Rates DOWN, monthly payments DOWN, and make the cost of owning a home more affordable. It is one of my many steps in restoring Affordability, something that the Biden Administration absolutely destroyed. We are bringing back the AMERICAN DREAM that was destroyed by the last Administration. MAKE AMERICA GREAT AGAIN!"
@realDonaldTrump,2026-01-08 15:12,2026,https://truthsocial.com/@realDonaldTrump/posts/115861537483492504,"I just finished a great meeting with the very successful Intel CEO, Lip-Bu Tan. Intel just launched the first SUB 2 NANOMETER CPU PROCESSOR designed, built, and packaged right here in the U.S.A. The United States Government is proud to be a Shareholder of Intel, and has already made, through its U.S.A. ownership position, Tens of Billions of Dollars for the American People — IN JUST FOUR MONTHS. We made a GREAT Deal, and so did Intel. Our Country is determined to bring leading edge Chip Manufacturing back to America, and that is exactly what is happening!!! I just finished a great meeting with the very successful Intel CEO, Lip-Bu Tan. Intel just launched the first SUB 2 NANOMETER CPU PROCESSOR designed, built, and packaged right here in the U.S.A. The United States Government is proud to be a Shareholder of Intel, and has already made, through its U.S.A. ownership position, Tens of Billions of Dollars for the American People — IN JUST FOUR MONTHS. We made a GREAT Deal, and so did Intel. Our Country is determined to bring leading edge Chip Manufacturing back to America, and that is exactly what is happening!!!"
@realDonaldTrump,2026-01-08 11:49,2026,https://truthsocial.com/@realDonaldTrump/posts/115860738010214901,"Republicans should be ashamed of the Senators that just voted with Democrats in attempting to take away our Powers to fight and defend the United States of America. Susan Collins, Lisa Murkowski, Rand Paul, Josh Hawley, and Todd Young should never be elected to office again. This Vote greatly hampers American Self Defense and National Security, impeding the President’s Authority as Commander in Chief. In any event, and despite their “stupidity,” the War Powers Act is Unconstitutional, totally violating Article II of the Constitution, as all Presidents, and their Departments of Justice, have determined before me. Nevertheless, a more important Senate Vote will be taking place next week on this very subject. Republicans should be ashamed of the Senators that just voted with Democrats in attempting to take away our Powers to fight and defend the United States of America. Susan Collins, Lisa Murkowski, Rand Paul, Josh Hawley, and Todd Young should never be elected to office again. This Vote greatly hampers American Self Defense and National Security, impeding the President’s Authority as Commander in Chief. In any event, and despite their “stupidity,” the War Powers Act is Unconstitutional, totally violating Article II of the Constitution, as all Presidents, and their Departments of Justice, have determined before me. Nevertheless, a more important Senate Vote will be taking place next week on this very subject."
@realDonaldTrump,2026-01-08 08:36,2026,https://truthsocial.com/@realDonaldTrump/posts/115859981283969233,https://x.com/basedmikelee/status/2009003045342806036?s=46 https://x.com/basedmikelee/status/2009003045342806036?s=46
@realDonaldTrump,2026-01-07 17:53,2026,https://truthsocial.com/@realDonaldTrump/posts/115856506155736586,"It was a Great Honor to speak with the President of Colombia, Gustavo Petro, who called to explain the situation of drugs and other disagreements that we have had. I appreciated his call and tone, and look forward to meeting him in the near future. Arrangements are being made between Secretary of State Marco Rubio and the Foreign Minister of Colombia. The meeting will take place in the White House in Washington, D.C. It was a Great Honor to speak with the President of Colombia, Gustavo Petro, who called to explain the situation of drugs and other disagreements that we have had. I appreciated his call and tone, and look forward to meeting him in the near future. Arrangements are being made between Secretary of State Marco Rubio and the Foreign Minister of Colombia. The meeting will take place in the White House in Washington, D.C."
@realDonaldTrump,2026-01-07 16:04,2026,https://truthsocial.com/@realDonaldTrump/posts/115856078669121098,"I have just been informed that Venezuela is going to be purchasing ONLY American Made Products, with the money they receive from our new Oil Deal. These purchases will include, among other things, American Agricultural Products, and American Made Medicines, Medical Devices, and Equipment to improve Venezuela’s Electric Grid and Energy Facilities. In other words, Venezuela is committing to doing business with the United States of America as their principal partner – A wise choice, and a very good thing for the people of Venezuela, and the United States. Thank you for your attention to this matter! I have just been informed that Venezuela is going to be purchasing ONLY American Made Products, with the money they receive from our new Oil Deal. These purchases will include, among other things, American Agricultural Products, and American Made Medicines, Medical Devices, and Equipment to improve Venezuela’s Electric Grid and Energy Facilities. In other words, Venezuela is committing to doing business with the United States of America as their principal partner – A wise choice, and a very good thing for the people of Venezuela, and the United States. Thank you for your attention to this matter!"
@realDonaldTrump,2026-01-07 15:17,2026,https://truthsocial.com/@realDonaldTrump/posts/115855894695940909,"After long and difficult negotiations with Senators, Congressmen, Secretaries, and other Political Representatives, I have determined that, for the Good of our Country, especially in these very troubled and dangerous times, our Military Budget for the year 2027 should not be $1 Trillion Dollars, but rather $1.5 Trillion Dollars. This will allow us to build the “Dream Military” that we have long been entitled to and, more importantly, that will keep us SAFE and SECURE, regardless of foe. If it weren’t for the tremendous numbers being produced by Tariffs from other Countries, many of which, in the past, have “ripped off” the United States at levels never seen before, I would stay at the $1 Trillion Dollar number but, because of Tariffs, and the tremendous Income that they bring, amounts being generated, that would have been unthinkable in the past (especially just one year ago during the Sleepy Joe Biden Administration, the Worst President in the History of our Country!), we are able to easily hit the $1.5 Trillion Dollar number while, at the same time, producing an unparalleled Military Force, and having the ability to, at the same time, pay down Debt, and likewise, pay a substantial Dividend to moderate income Patriots within our Country! PRESIDENT DONALD J. TRUMP After long and difficult negotiations with Senators, Congressmen, Secretaries, and other Political Representatives, I have determined that, for the Good of our Country, especially in these very troubled and dangerous times, our Military Budget for the year 2027 should not be $1 Trillion Dollars, but rather $1.5 Trillion Dollars. This will allow us to build the “Dream Military” that we have long been entitled to and, more importantly, that will keep us SAFE and SECURE, regardless of foe. If it weren’t for the tremendous numbers being produced by Tariffs from other Countries, many of which, in the past, have “ripped off” the United States at levels never seen before, I would stay at the $1 Trillion Dollar number but, because of Tariffs, and the tremendous Income that they bring, amounts being generated, that would have been unthinkable in the past (especially just one year ago during the Sleepy Joe Biden Administration, the Worst President in the History of our Country!), we are able to easily hit the $1.5 Trillion Dollar number while, at the same time, producing an unparalleled Military Force, and having the ability to, at the same time, pay down Debt, and likewise, pay a substantial Dividend to moderate income Patriots within our Country! PRESIDENT DONALD J. TRUMP"
@realDonaldTrump,2026-01-07 14:28,2026,https://truthsocial.com/@realDonaldTrump/posts/115855701696773990,"I have just viewed the clip of the event which took place in Minneapolis, Minnesota. It is a horrible thing to watch. The woman screaming was, obviously, a professional agitator, and the woman driving the car was very disorderly, obstructing and resisting, who then violently, willfully, and viciously ran over the ICE Officer, who seems to have shot her in self defense. Based on the attached clip, it is hard to believe he is alive, but is now recovering in the hospital. The situation is being studied, in its entirety, but the reason these incidents are happening is because the Radical Left is threatening, assaulting, and targeting our Law Enforcement Officers and ICE Agents on a daily basis. They are just trying to do the job of MAKING AMERICA SAFE. We need to stand by and protect our Law Enforcement Officers from this Radical Left Movement of Violence and Hate! PRESIDENT DONALD J. TRUMP I have just viewed the clip of the event which took place in Minneapolis, Minnesota. It is a horrible thing to watch. The woman screaming was, obviously, a professional agitator, and the woman driving the car was very disorderly, obstructing and resisting, who then violently, willfully, and viciously ran over the ICE Officer, who seems to have shot her in self defense. Based on the attached clip, it is hard to believe he is alive, but is now recovering in the hospital. The situation is being studied, in its entirety, but the reason these incidents are happening is because the Radical Left is threatening, assaulting, and targeting our Law Enforcement Officers and ICE Agents on a daily basis. They are just trying to do the job of MAKING AMERICA SAFE. We need to stand by and protect our Law Enforcement Officers from this Radical Left Movement of Violence and Hate! PRESIDENT DONALD J. TRUMP"
@realDonaldTrump,2026-01-07 13:08,2026,https://truthsocial.com/@realDonaldTrump/posts/115855387946005468,"All United State Defense Contractors, and the Defense Industry as a whole, BEWARE: While we make the best Military Equipment in the World (No other Country is even close!), Defense Contractors are currently issuing massive Dividends to their Shareholders and massive Stock Buybacks, at the expense and detriment of investing in Plants and Equipment. This situation will no longer be allowed or tolerated! Also, Executive Pay Packages in the Defense Industry are exorbitant and unjustifiable given how slowly these Companies are delivering vital Equipment to our Military, and our Allies. Salaries, Stock Options, and every other form of Compensation are far too high for these Executives. Defense Companies are not producing our Great Military Equipment rapidly enough and, once produced, not maintaining it properly or quickly. From this moment forward, these Executives must build NEW and MODERN Production Plants, both for delivering and maintaining this important Equipment, and for building the latest Models of future Military Equipment. Until they do so, no Executive should be allowed to make in excess of $5 Million Dollars which, as high as it sounds, is a mere fraction of what they are making now. Additionally, the maintenance and repair of Equipment, once sold, is far too slow, and must be immediately enhanced. As President, I am demanding that maintenance be “spot on, on time.” Therefore, I will not permit Dividends or Stock Buybacks for Defense Companies until such time as these problems are rectified — Likewise, for Salaries and Executive Compensation. MILITARY EQUIPMENT IS NOT BEING MADE FAST ENOUGH! It must be built now with the Dividends, Stock Buybacks, and Over Compensation of Executives, rather than borrowing from Financial Institutions, or getting the money from your Government. Longer term, this is good for both Executives and Shareholders, because it will be GREAT for our Country! Thank you for your attention to this matter. MAKE AMERICA GREAT AGAIN! DONALD J. TRUMPPRESIDENT OF THE UNITED STATES OF AMERICA All United State Defense Contractors, and the Defense Industry as a whole, BEWARE: While we make the best Military Equipment in the World (No other Country is even close!), Defense Contractors are currently issuing massive Dividends to their Shareholders and massive Stock Buybacks, at the expense and detriment of investing in Plants and Equipment. This situation will no longer be allowed or tolerated! Also, Executive Pay Packages in the Defense Industry are exorbitant and unjustifiable given how slowly these Companies are delivering vital Equipment to our Military, and our Allies. Salaries, Stock Options, and every other form of Compensation are far too high for these Executives. Defense Companies are not producing our Great Military Equipment rapidly enough and, once produced, not maintaining it properly or quickly. From this moment forward, these Executives must build NEW and MODERN Production Plants, both for delivering and maintaining this important Equipment, and for building the latest Models of future Military Equipment. Until they do so, no Executive should be allowed to make in excess of $5 Million Dollars which, as high as it sounds, is a mere fraction of what they are making now. Additionally, the maintenance and repair of Equipment, once sold, is far too slow, and must be immediately enhanced. As President, I am demanding that maintenance be “spot on, on time.” Therefore, I will not permit Dividends or Stock Buybacks for Defense Companies until such time as these problems are rectified — Likewise, for Salaries and Executive Compensation. MILITARY EQUIPMENT IS NOT BEING MADE FAST ENOUGH! It must be built now with the Dividends, Stock Buybacks, and Over Compensation of Executives, rather than borrowing from Financial Institutions, or getting the money from your Government. Longer term, this is good for both Executives and Shareholders, because it will be GREAT for our Country! Thank you for your attention to this matter. MAKE AMERICA GREAT AGAIN! DONALD J. TRUMPPRESIDENT OF THE UNITED STATES OF AMERICA"
@realDonaldTrump,2026-01-07 11:45,2026,https://truthsocial.com/@realDonaldTrump/posts/115855059527504524,"For a very long time, buying and owning a home was considered the pinnacle of the American Dream. It was the reward for working hard, and doing the right thing, but now, because of the Record High Inflation caused by Joe Biden and the Democrats in Congress, that American Dream is increasingly out of reach for far too many people, especially younger Americans. It is for that reason, and much more, that I am immediately taking steps to ban large institutional investors from buying more single-family homes, and I will be calling on Congress to codify it. People live in homes, not corporations. I will discuss this topic, including further Housing and Affordability proposals, and more, at my speech in Davos in two weeks. For a very long time, buying and owning a home was considered the pinnacle of the American Dream. It was the reward for working hard, and doing the right thing, but now, because of the Record High Inflation caused by Joe Biden and the Democrats in Congress, that American Dream is increasingly out of reach for far too many people, especially younger Americans. It is for that reason, and much more, that I am immediately taking steps to ban large institutional investors from buying more single-family homes, and I will be calling on Congress to codify it. People live in homes, not corporations. I will discuss this topic, including further Housing and Affordability proposals, and more, at my speech in Davos in two weeks."
@realDonaldTrump,2026-01-06 16:29,2026,https://truthsocial.com/@realDonaldTrump/posts/115850515035074475,"I am pleased to announce the nomination of John Shepherd to serve as Judge to the United States District Court for the Western District of Arkansas! John is currently a Judge on the 13th State Judicial District in El Dorado, Arkansas, after previously working as a Prosecuting Attorney for the District. He is TOUGH and SMART, graduating magna cum laude from the University of Arkansas School of Law, with a Bachelor’s Degree from Rice University, where he was a terrific football player! John brings a wealth of experience to his new role. He will be a bold Advocate for Law and Order, and a tireless Champion of our Great Constitution. Congratulations John! I am pleased to announce the nomination of John Shepherd to serve as Judge to the United States District Court for the Western District of Arkansas! John is currently a Judge on the 13th State Judicial District in El Dorado, Arkansas, after previously working as a Prosecuting Attorney for the District. He is TOUGH and SMART, graduating magna cum laude from the University of Arkansas School of Law, with a Bachelor’s Degree from Rice University, where he was a terrific football player! John brings a wealth of experience to his new role. He will be a bold Advocate for Law and Order, and a tireless Champion of our Great Constitution. Congratulations John!"
@realDonaldTrump,2026-01-06 16:28,2026,https://truthsocial.com/@realDonaldTrump/posts/115850512257143274,"I am proud to announce the nomination of Chris Wolfe to serve as Judge on the United States District Court for the Western District of Texas. After graduating from Baylor University and Baylor Law School, Chris spent nearly 20 years as a Prosecutor before becoming a Judge on the 213th State Judicial Court. In his new role, Chris will continue to be a fearless Champion for the incredible people of Texas. He will uphold the Constitution, ensure Law and Order, and keep our Citizens safe. Congratulations! I am proud to announce the nomination of Chris Wolfe to serve as Judge on the United States District Court for the Western District of Texas. After graduating from Baylor University and Baylor Law School, Chris spent nearly 20 years as a Prosecutor before becoming a Judge on the 213th State Judicial Court. In his new role, Chris will continue to be a fearless Champion for the incredible people of Texas. He will uphold the Constitution, ensure Law and Order, and keep our Citizens safe. Congratulations!"
@realDonaldTrump,2026-01-06 16:28,2026,https://truthsocial.com/@realDonaldTrump/posts/115850509804217257,"I am pleased to announce the nomination of Andrew Davis to serve as Judge on the United States District Court for the Western District of Texas. A proud graduate of Columbia Law School and Rice University, Andrew brings tremendous experience to his new role, after delivering strong results as Chief Counsel to Senator Ted Cruz, Assistant Solicitor General of Texas, and former Law Clerk to Judges Reena Raggi and Sidney Fitzwater. As Judge, Andrew will uphold the Rule of Law, and protect the Constitutional Rights of the Great People of Texas. Congratulations Andrew! I am pleased to announce the nomination of Andrew Davis to serve as Judge on the United States District Court for the Western District of Texas. A proud graduate of Columbia Law School and Rice University, Andrew brings tremendous experience to his new role, after delivering strong results as Chief Counsel to Senator Ted Cruz, Assistant Solicitor General of Texas, and former Law Clerk to Judges Reena Raggi and Sidney Fitzwater. As Judge, Andrew will uphold the Rule of Law, and protect the Constitutional Rights of the Great People of Texas. Congratulations Andrew!"
@realDonaldTrump,2026-01-06 16:12,2026,https://truthsocial.com/@realDonaldTrump/posts/115850448778042500,"It is my Great Honor to endorse America First Patriot, Jon Maples, who is running to represent the wonderful people of Florida’s 87th State House District. Jon is a very successful Businessman and Civic Leader, who is known and loved, and also endorsed by so many of my Palm Beach County friends, including by Great State Representative “MAGA” Meg Weinberger. Jon will be a terrific Legislator! As your next State Representative, Jon will fight tirelessly to Grow the Economy, Cut Taxes and Regulations, Promote MADE IN THE U.S.A., Stop Migrant Crime, Safeguard our Elections, Support our Military, Veterans, and Law Enforcement, and Defend our always under siege Second Amendment. Jon Maples has my Complete and Total Endorsement for Florida HD-87. Early Voting ends January 11th, and Primary Election Day is January 13th. GET OUT AND VOTE FOR JON — HE WILL NEVER LET YOU DOWN! It is my Great Honor to endorse America First Patriot, Jon Maples, who is running to represent the wonderful people of Florida’s 87th State House District. Jon is a very successful Businessman and Civic Leader, who is known and loved, and also endorsed by so many of my Palm Beach County friends, including by Great State Representative “MAGA” Meg Weinberger. Jon will be a terrific Legislator! As your next State Representative, Jon will fight tirelessly to Grow the Economy, Cut Taxes and Regulations, Promote MADE IN THE U.S.A., Stop Migrant Crime, Safeguard our Elections, Support our Military, Veterans, and Law Enforcement, and Defend our always under siege Second Amendment. Jon Maples has my Complete and Total Endorsement for Florida HD-87. Early Voting ends January 11th, and Primary Election Day is January 13th. GET OUT AND VOTE FOR JON — HE WILL NEVER LET YOU DOWN!"
@realDonaldTrump,2026-01-06 16:10,2026,https://truthsocial.com/@realDonaldTrump/posts/115850441807763948,"Sara Baxter has done an incredible job as Palm Beach County Commissioner, delivering lasting results for Florida families. A true MAGA Warrior, who has been with us from the very beginning, Sara is working hard to Grow the Economy, Promote MADE IN THE U.S.A., Cut Taxes and Regulations, Advance American Energy DOMINANCE, Stop Migrant Crime, Support our Brave Military, Veterans, and Law Enforcement, and Defend our always under siege Second Amendment. Sarah Baxter has my Complete and Total Endorsement for Re-Election — SHE WILL NEVER LET YOU DOWN! Sara Baxter has done an incredible job as Palm Beach County Commissioner, delivering lasting results for Florida families. A true MAGA Warrior, who has been with us from the very beginning, Sara is working hard to Grow the Economy, Promote MADE IN THE U.S.A., Cut Taxes and Regulations, Advance American Energy DOMINANCE, Stop Migrant Crime, Support our Brave Military, Veterans, and Law Enforcement, and Defend our always under siege Second Amendment. Sarah Baxter has my Complete and Total Endorsement for Re-Election — SHE WILL NEVER LET YOU DOWN!"
@realDonaldTrump,2026-01-06 16:03,2026,https://truthsocial.com/@realDonaldTrump/posts/115850412075994316,"Nobody knows Henry Cuellar better than Donald J. Trump. I studied his records, learned about his financing, and listened to his two wonderful daughters beg me to help the mother and father that they love. Their letters were heart wrenching and beautiful, but their father had problems that nobody could solve but me, and the daughters very correctly and respectfully knew that. He and his wife were headed to jail for up to 20 years because he was “stupid” in what he did but, above all, because the Biden Administration practiced Political Weaponization on Cuellar and his wife because they didn’t agree with his policies on the Southern Border. He was a weak and incompetent version of me, who wanted the Border closed to criminals, drug dealers, people from mental institutions and, above all, murderers and heavy handed criminals that were sitting in jails and mental institutions, and should never have been given the right to be released into our Country. Henry’s views on these subjects were not strong, but they were better than other Democrats. Biden and his crew of Radical Left Thugs did not like those things about Cuellar, and they worked hard, and expected to put him in jail for the rest of his life. Being an expert on Political Weaponization, based on what the Biden Losers had done to me, and without having ever met Henry Cuellar, and in particular because of the magnificence of the letter drawn by his daughters asking me to help “Mom and Dad,” I gave him and Mrs. Cuellar a full and unconditional Pardon. In doing so, I never assumed he would be running for Office again, and certainly not as a Democrat, who essentially destroyed his life even with the Pardon given, but he did, and now, despite doing him by far the greatest favor of his life, 20 years of FREEDOM, I am fighting him for his seat in Congress because his views are not nearly as good or strong as Judge Tano Tijerina, who is much more powerful on the Border issue, cutting Taxes, our Military, and just about everything else than is Henry Cuellar. Nobody knows Henry Cuellar better than Donald J. Trump. I studied his records, learned about his financing, and listened to his two wonderful daughters beg me to help the mother and father that they love. Their letters were heart wrenching and beautiful, but their father had problems that nobody could solve but me, and the daughters very correctly and respectfully knew that. He and his wife were headed to jail for up to 20 years because he was “stupid” in what he did but, above all, because the Biden Administration practiced Political Weaponization on Cuellar and his wife because they didn’t agree with his policies on the Southern Border. He was a weak and incompetent version of me, who wanted the Border closed to criminals, drug dealers, people from mental institutions and, above all, murderers and heavy handed criminals that were sitting in jails and mental institutions, and should never have been given the right to be released into our Country. Henry’s views on these subjects were not strong, but they were better than other Democrats. Biden and his crew of Radical Left Thugs did not like those things about Cuellar, and they worked hard, and expected to put him in jail for the rest of his life. Being an expert on Political Weaponization, based on what the Biden Losers had done to me, and without having ever met Henry Cuellar, and in particular because of the magnificence of the letter drawn by his daughters asking me to help “Mom and Dad,” I gave him and Mrs. Cuellar a full and unconditional Pardon. In doing so, I never assumed he would be running for Office again, and certainly not as a Democrat, who essentially destroyed his life even with the Pardon given, but he did, and now, despite doing him by far the greatest favor of his life, 20 years of FREEDOM, I am fighting him for his seat in Congress because his views are not nearly as good or strong as Judge Tano Tijerina, who is much more powerful on the Border issue, cutting Taxes, our Military, and just about everything else than is Henry Cuellar."
@realDonaldTrump,2026-01-06 15:24,2026,https://truthsocial.com/@realDonaldTrump/posts/115850261028223020,"Two Highly Respected America First Patriots, Jay Feely and Gina Swoboda, are running for Congress in the Great State of Arizona, a very special place to me in that we had a BIG Presidential Election Win just over one year ago, on November 5, 2024! Both fierce advocates of Make America Great Again, Jay and Gina have been with us from the very beginning, and either one would be an incredible Representative who would work tirelessly to Grow our Economy, Cut Taxes and Regulations, Promote MADE IN THE U.S.A., Champion American Energy DOMINANCE, Keep our now very Secure Border, SECURE, Stop Migrant Crime, Strengthen our Military/Veterans, and Defend our always under siege Second Amendment. Therefore, I am honored to give both Jay Feely and Gina Swoboda my Complete and Total Endorsement to be the next Representative of Arizona’s 1st Congressional District – JAY OR GINA WILL NEVER LET YOU DOWN! Two Highly Respected America First Patriots, Jay Feely and Gina Swoboda, are running for Congress in the Great State of Arizona, a very special place to me in that we had a BIG Presidential Election Win just over one year ago, on November 5, 2024! Both fierce advocates of Make America Great Again, Jay and Gina have been with us from the very beginning, and either one would be an incredible Representative who would work tirelessly to Grow our Economy, Cut Taxes and Regulations, Promote MADE IN THE U.S.A., Champion American Energy DOMINANCE, Keep our now very Secure Border, SECURE, Stop Migrant Crime, Strengthen our Military/Veterans, and Defend our always under siege Second Amendment. Therefore, I am honored to give both Jay Feely and Gina Swoboda my Complete and Total Endorsement to be the next Representative of Arizona’s 1st Congressional District – JAY OR GINA WILL NEVER LET YOU DOWN!"
@realDonaldTrump,2026-01-06 13:20,2026,https://truthsocial.com/@realDonaldTrump/posts/115849769882209062,null
@realDonaldTrump,2026-01-05 22:29,2026,https://truthsocial.com/@realDonaldTrump/posts/115846266983198283,null
@realDonaldTrump,2026-01-05 16:19,2026,https://truthsocial.com/@realDonaldTrump/posts/115844814100241306,"Pregnant Women, DON’T USE TYLENOL UNLESS ABSOLUTELY NECESSARY, DON’T GIVE TYLENOL TO YOUR YOUNG CHILD FOR VIRTUALLY ANY REASON, BREAK UP THE MMR SHOT INTO THREE TOTALLY SEPARATE SHOTS (NOT MIXED!), TAKE CHICKEN P SHOT SEPARATELY, TAKE HEPATITAS B SHOT AT 12 YEARS OLD, OR OLDER, AND, IMPORTANTLY, TAKE VACCINE IN 5 SEPARATE MEDICAL VISITS! President DJT Pregnant Women, DON’T USE TYLENOL UNLESS ABSOLUTELY NECESSARY, DON’T GIVE TYLENOL TO YOUR YOUNG CHILD FOR VIRTUALLY ANY REASON, BREAK UP THE MMR SHOT INTO THREE TOTALLY SEPARATE SHOTS (NOT MIXED!), TAKE CHICKEN P SHOT SEPARATELY, TAKE HEPATITAS B SHOT AT 12 YEARS OLD, OR OLDER, AND, IMPORTANTLY, TAKE VACCINE IN 5 SEPARATE MEDICAL VISITS! President DJT"
@realDonaldTrump,2026-01-05 16:08,2026,https://truthsocial.com/@realDonaldTrump/posts/115844769291604784,"The incredible people of Kentucky’s 4th Congressional District, who want desperately to get rid of Thomas Massie, the Worst “Republican” Congressman we have had in many years, gave us a mandate to, MAKE AMERICA GREAT AGAIN! The person that will help us do the job, and do it right, is Navy SEAL, Army Ranger, Fifth Generation Kentucky Farmer, and American Hero, Captain Ed Gallrein, a true Patriot. Today, Ed, who also happens to be central casting, officially filed to run for Congress. I have heard that there are other Candidates exploring a run for this seat, but I am asking all MAGA Warriors to rally behind Captain Ed Gallrein, the Candidate who is, far and away, best positioned to DEFEAT Third Rate Congressman Thomas Massie, a Weak and Pathetic RINO from the beautiful Commonwealth of Kentucky, a place I love, and won BIG, ALL THREE TIMES. A Brave Combat Veteran, Ed knows the Wisdom and Courage required to Defend our Country, Support our Military/Veterans, and Ensure PEACE THROUGH STRENGTH. He is a big fan of our recent attack on Nicolas Maduro, the Dictator of Venezuela. Additionally, as a very successful Businessman, Ed knows how to Create GREAT Jobs, Cut Taxes and Regulations, Promote MADE IN THE U.S.A., Support our Amazing Farmers and American Agriculture, Unleash American Energy Dominance, and Champion our Nation’s Golden Age. In Congress, he will fight tirelessly to Keep our now very Secure Border, SECURE, Stop Migrant Crime, and Defend our always under siege Second Amendment. Captain Ed Gallrein has my Complete and Total Endorsement against “Congressman” Thomas Massie — He only votes AGAINST the Republican Party, making life very easy for the Radical Left. Unlike “lightweight” Congressman Massie, a true hater of Israel, and a totally ineffective LOSER who has failed us so badly, CAPTAIN ED GALLREIN IS A WINNER WHO WILL NOT LET KENTUCKY DOWN! The incredible people of Kentucky’s 4th Congressional District, who want desperately to get rid of Thomas Massie, the Worst “Republican” Congressman we have had in many years, gave us a mandate to, MAKE AMERICA GREAT AGAIN! The person that will help us do the job, and do it right, is Navy SEAL, Army Ranger, Fifth Generation Kentucky Farmer, and American Hero, Captain Ed Gallrein, a true Patriot. Today, Ed, who also happens to be central casting, officially filed to run for Congress. I have heard that there are other Candidates exploring a run for this seat, but I am asking all MAGA Warriors to rally behind Captain Ed Gallrein, the Candidate who is, far and away, best positioned to DEFEAT Third Rate Congressman Thomas Massie, a Weak and Pathetic RINO from the beautiful Commonwealth of Kentucky, a place I love, and won BIG, ALL THREE TIMES. A Brave Combat Veteran, Ed knows the Wisdom and Courage required to Defend our Country, Support our Military/Veterans, and Ensure PEACE THROUGH STRENGTH. He is a big fan of our recent attack on Nicolas Maduro, the Dictator of Venezuela. Additionally, as a very successful Businessman, Ed knows how to Create GREAT Jobs, Cut Taxes and Regulations, Promote MADE IN THE U.S.A., Support our Amazing Farmers and American Agriculture, Unleash American Energy Dominance, and Champion our Nation’s Golden Age. In Congress, he will fight tirelessly to Keep our now very Secure Border, SECURE, Stop Migrant Crime, and Defend our always under siege Second Amendment. Captain Ed Gallrein has my Complete and Total Endorsement against “Congressman” Thomas Massie — He only votes AGAINST the Republican Party, making life very easy for the Radical Left. Unlike “lightweight” Congressman Massie, a true hater of Israel, and a totally ineffective LOSER who has failed us so badly, CAPTAIN ED GALLREIN IS A WINNER WHO WILL NOT LET KENTUCKY DOWN!"
@realDonaldTrump,2026-01-05 00:40,2026,https://truthsocial.com/@realDonaldTrump/posts/115841121144497899,null
@realDonaldTrump,2026-01-05 00:33,2026,https://truthsocial.com/@realDonaldTrump/posts/115841094513424748,null
@realDonaldTrump,2026-01-05 00:33,2026,https://truthsocial.com/@realDonaldTrump/posts/115841091915852625,null
@realDonaldTrump,2026-01-05 00:32,2026,https://truthsocial.com/@realDonaldTrump/posts/115841091088639392,null
@realDonaldTrump,2026-01-05 00:32,2026,https://truthsocial.com/@realDonaldTrump/posts/115841088852238579,null
@realDonaldTrump,2026-01-05 00:30,2026,https://truthsocial.com/@realDonaldTrump/posts/115841079969063974,null
@realDonaldTrump,2026-01-05 00:29,2026,https://truthsocial.com/@realDonaldTrump/posts/115841077378101958,null
@realDonaldTrump,2026-01-05 00:29,2026,https://truthsocial.com/@realDonaldTrump/posts/115841075793149667,null
@realDonaldTrump,2026-01-05 00:28,2026,https://truthsocial.com/@realDonaldTrump/posts/115841074055695249,null
@realDonaldTrump,2026-01-05 00:28,2026,https://truthsocial.com/@realDonaldTrump/posts/115841072235372736,null
@realDonaldTrump,2026-01-05 00:24,2026,https://truthsocial.com/@realDonaldTrump/posts/115841059338447850,null
@realDonaldTrump,2026-01-05 00:23,2026,https://truthsocial.com/@realDonaldTrump/posts/115841054982605539,null
@realDonaldTrump,2026-01-05 00:23,2026,https://truthsocial.com/@realDonaldTrump/posts/115841053931003033,null
@realDonaldTrump,2026-01-05 00:23,2026,https://truthsocial.com/@realDonaldTrump/posts/115841052474556958,null
@realDonaldTrump,2026-01-05 00:22,2026,https://truthsocial.com/@realDonaldTrump/posts/115841051659711505,null
@realDonaldTrump,2026-01-05 00:22,2026,https://truthsocial.com/@realDonaldTrump/posts/115841050553606982,null
@realDonaldTrump,2026-01-05 00:22,2026,https://truthsocial.com/@realDonaldTrump/posts/115841049646107061,null
@realDonaldTrump,2026-01-05 00:21,2026,https://truthsocial.com/@realDonaldTrump/posts/115841048026213409,null
@realDonaldTrump,2026-01-05 00:21,2026,https://truthsocial.com/@realDonaldTrump/posts/115841046210544942,null
@realDonaldTrump,2026-01-05 00:21,2026,https://truthsocial.com/@realDonaldTrump/posts/115841045212479352,null
@realDonaldTrump,2026-01-05 00:19,2026,https://truthsocial.com/@realDonaldTrump/posts/115841038484322716,null
@realDonaldTrump,2026-01-05 00:19,2026,https://truthsocial.com/@realDonaldTrump/posts/115841037607225879,null
@realDonaldTrump,2026-01-05 00:19,2026,https://truthsocial.com/@realDonaldTrump/posts/115841036607191081,null
@realDonaldTrump,2026-01-05 00:17,2026,https://truthsocial.com/@realDonaldTrump/posts/115841031604942914,null
@realDonaldTrump,2026-01-05 00:12,2026,https://truthsocial.com/@realDonaldTrump/posts/115841009709724742,null
@realDonaldTrump,2026-01-05 00:12,2026,https://truthsocial.com/@realDonaldTrump/posts/115841009029900352,null
@realDonaldTrump,2026-01-05 00:09,2026,https://truthsocial.com/@realDonaldTrump/posts/115840997671118472,null
@realDonaldTrump,2026-01-05 00:08,2026,https://truthsocial.com/@realDonaldTrump/posts/115840995969009512,null
@realDonaldTrump,2026-01-05 00:08,2026,https://truthsocial.com/@realDonaldTrump/posts/115840995009952834,null
@realDonaldTrump,2026-01-05 00:03,2026,https://truthsocial.com/@realDonaldTrump/posts/115840976968948675,null
@realDonaldTrump,2026-01-05 00:03,2026,https://truthsocial.com/@realDonaldTrump/posts/115840975687249543,null
@realDonaldTrump,2026-01-05 00:03,2026,https://truthsocial.com/@realDonaldTrump/posts/115840974859212570,null
@realDonaldTrump,2026-01-05 00:03,2026,https://truthsocial.com/@realDonaldTrump/posts/115840974031136947,The Fake News just won’t cover the TRUTH! The Fake News just won’t cover the TRUTH!
@realDonaldTrump,2026-01-05 00:02,2026,https://truthsocial.com/@realDonaldTrump/posts/115840971311772937,null
@realDonaldTrump,2026-01-04 23:59,2026,https://truthsocial.com/@realDonaldTrump/posts/115840959910063496,null
@realDonaldTrump,2026-01-04 23:59,2026,https://truthsocial.com/@realDonaldTrump/posts/115840959069077658,null
@realDonaldTrump,2026-01-04 23:58,2026,https://truthsocial.com/@realDonaldTrump/posts/115840957094849115,null
@realDonaldTrump,2026-01-04 23:57,2026,https://truthsocial.com/@realDonaldTrump/posts/115840950894529294,null
@realDonaldTrump,2026-01-04 23:55,2026,https://truthsocial.com/@realDonaldTrump/posts/115840943908026928,null
@realDonaldTrump,2026-01-04 23:54,2026,https://truthsocial.com/@realDonaldTrump/posts/115840939912299061,null
@realDonaldTrump,2026-01-04 23:54,2026,https://truthsocial.com/@realDonaldTrump/posts/115840939084970831,null
@realDonaldTrump,2026-01-04 23:52,2026,https://truthsocial.com/@realDonaldTrump/posts/115840931552808938,null
@realDonaldTrump,2026-01-04 23:52,2026,https://truthsocial.com/@realDonaldTrump/posts/115840930613493168,null
@realDonaldTrump,2026-01-04 23:51,2026,https://truthsocial.com/@realDonaldTrump/posts/115840929679489463,null
@realDonaldTrump,2026-01-04 23:50,2026,https://truthsocial.com/@realDonaldTrump/posts/115840923621856065,null
@realDonaldTrump,2026-01-04 23:49,2026,https://truthsocial.com/@realDonaldTrump/posts/115840919957497137,null
@realDonaldTrump,2026-01-04 23:46,2026,https://truthsocial.com/@realDonaldTrump/posts/115840910057342754,null
@realDonaldTrump,2026-01-04 23:45,2026,https://truthsocial.com/@realDonaldTrump/posts/115840904778907661,null
@realDonaldTrump,2026-01-04 08:47,2026,https://truthsocial.com/@realDonaldTrump/posts/115837373809832709,null
@realDonaldTrump,2026-01-03 17:10,2026,https://truthsocial.com/@realDonaldTrump/posts/115833689929797630,"Obama failed to support Iran’s freedom protesters two decades ago, but Trump just rectified that: https://justthenews.com/government/security/satobama-failed-forcefully-support-irans-protesters-two-decades-ago-trump-just/ Obama failed to support Iran’s freedom protesters two decades ago, but Trump just rectified that: https://justthenews.com/government/security/satobama-failed-forcefully-support-irans-protesters-two-decades-ago-trump-just/"
@realDonaldTrump,2026-01-03 13:53,2026,https://truthsocial.com/@realDonaldTrump/posts/115832914025214622,null
@realDonaldTrump,2026-01-03 16:35,2026,https://truthsocial.com/@realDonaldTrump/posts/115833552260547614,null
@realDonaldTrump,2026-01-03 16:34,2026,https://truthsocial.com/@realDonaldTrump/posts/115833549255584783,null
@realDonaldTrump,2026-01-03 16:34,2026,https://truthsocial.com/@realDonaldTrump/posts/115833546671458707,null
@realDonaldTrump,2026-01-03 16:33,2026,https://truthsocial.com/@realDonaldTrump/posts/115833543341959587,null
@realDonaldTrump,2026-01-03 16:33,2026,https://truthsocial.com/@realDonaldTrump/posts/115833542410700079,null
@realDonaldTrump,2026-01-03 16:29,2026,https://truthsocial.com/@realDonaldTrump/posts/115833528674608330,null
@realDonaldTrump,2026-01-03 16:27,2026,https://truthsocial.com/@realDonaldTrump/posts/115833520396197624,null
@realDonaldTrump,2026-01-03 16:26,2026,https://truthsocial.com/@realDonaldTrump/posts/115833517141265771,null
@realDonaldTrump,2026-01-03 16:25,2026,https://truthsocial.com/@realDonaldTrump/posts/115833511493932148,null
@realDonaldTrump,2026-01-03 16:25,2026,https://truthsocial.com/@realDonaldTrump/posts/115833510381888705,null
@realDonaldTrump,2026-01-03 16:23,2026,https://truthsocial.com/@realDonaldTrump/posts/115833505062078974,null
@realDonaldTrump,2026-01-03 16:22,2026,https://truthsocial.com/@realDonaldTrump/posts/115833501721266765,null
@realDonaldTrump,2026-01-03 16:22,2026,https://truthsocial.com/@realDonaldTrump/posts/115833500098781491,https://x.com/thescif/status/2006845478214795713?s=10 https://x.com/thescif/status/2006845478214795713?s=10
@realDonaldTrump,2026-01-03 16:20,2026,https://truthsocial.com/@realDonaldTrump/posts/115833494532327469,null
@realDonaldTrump,2026-01-03 16:11,2026,https://truthsocial.com/@realDonaldTrump/posts/115833455467883686,null
@realDonaldTrump,2026-01-03 16:10,2026,https://truthsocial.com/@realDonaldTrump/posts/115833453397952521,null
@realDonaldTrump,2026-01-03 16:10,2026,https://truthsocial.com/@realDonaldTrump/posts/115833452621954447,null
@realDonaldTrump,2026-01-03 16:07,2026,https://truthsocial.com/@realDonaldTrump/posts/115833443387231914,null
@realDonaldTrump,2026-01-03 16:07,2026,https://truthsocial.com/@realDonaldTrump/posts/115833440766882343,null
@realDonaldTrump,2026-01-03 16:01,2026,https://truthsocial.com/@realDonaldTrump/posts/115833416994058616,null
@realDonaldTrump,2026-01-03 16:00,2026,https://truthsocial.com/@realDonaldTrump/posts/115833415095317068,null
@realDonaldTrump,2026-01-03 15:59,2026,https://truthsocial.com/@realDonaldTrump/posts/115833409707356740,null
@realDonaldTrump,2026-01-03 12:04,2026,https://truthsocial.com/@realDonaldTrump/posts/115832487751046400,null
@realDonaldTrump,2026-01-03 12:04,2026,https://truthsocial.com/@realDonaldTrump/posts/115832486563266876,null
@realDonaldTrump,2026-01-03 12:03,2026,https://truthsocial.com/@realDonaldTrump/posts/115832480524727905,null
@realDonaldTrump,2026-01-03 12:02,2026,https://truthsocial.com/@realDonaldTrump/posts/115832479510808181,null
@realDonaldTrump,2026-01-03 12:02,2026,https://truthsocial.com/@realDonaldTrump/posts/115832478049756124,null
@realDonaldTrump,2026-01-03 12:02,2026,https://truthsocial.com/@realDonaldTrump/posts/115832476776539371,null
@realDonaldTrump,2026-01-03 12:01,2026,https://truthsocial.com/@realDonaldTrump/posts/115832476095938531,null
@realDonaldTrump,2026-01-03 12:01,2026,https://truthsocial.com/@realDonaldTrump/posts/115832473488963604,null
@realDonaldTrump,2026-01-03 10:23,2026,https://truthsocial.com/@realDonaldTrump/posts/115832088990838303,Nicolas Maduro on board the USS Iwo Jima. Nicolas Maduro on board the USS Iwo Jima.
@realDonaldTrump,2026-01-03 10:13,2026,https://truthsocial.com/@realDonaldTrump/posts/115832049332877712,null
@realDonaldTrump,2026-01-03 03:21,2026,https://truthsocial.com/@realDonaldTrump/posts/115830428767897167,"The United States of America has successfully carried out a large scale strike against Venezuela and its leader, President Nicolas Maduro, who has been, along with his wife, captured and flown out of the Country. This operation was done in conjunction with U.S. Law Enforcement. Details to follow. There will be a News Conference today at 11 A.M., at Mar-a-Lago. Thank you for your attention to this matter! President DONALD J. TRUMP The United States of America has successfully carried out a large scale strike against Venezuela and its leader, President Nicolas Maduro, who has been, along with his wife, captured and flown out of the Country. This operation was done in conjunction with U.S. Law Enforcement. Details to follow. There will be a News Conference today at 11 A.M., at Mar-a-Lago. Thank you for your attention to this matter! President DONALD J. TRUMP"
@realDonaldTrump,2026-01-02 14:47,2026,https://truthsocial.com/@realDonaldTrump/posts/115827465620588754,null
@realDonaldTrump,2026-01-02 08:22,2026,https://truthsocial.com/@realDonaldTrump/posts/115825951172960005,"Tariffs are an overwhelming benefit to our Nation, as they have been incredible for our National Security and Prosperity (like nobody has ever seen before!). Losing our ability to Tariff other countries who treat us unfairly would be a terrible blow to the United States of America. Thank you for your attention to this matter! President Donald J. Trump Tariffs are an overwhelming benefit to our Nation, as they have been incredible for our National Security and Prosperity (like nobody has ever seen before!). Losing our ability to Tariff other countries who treat us unfairly would be a terrible blow to the United States of America. Thank you for your attention to this matter! President Donald J. Trump"
@realDonaldTrump,2026-01-02 08:19,2026,https://truthsocial.com/@realDonaldTrump/posts/115825939879230793,How beautiful of a building is this? How beautiful of a building is this?
@realDonaldTrump,2026-01-02 01:58,2026,https://truthsocial.com/@realDonaldTrump/posts/115824439366264186,"If Iran shots and violently kills peaceful protesters, which is their custom, the United States of America will come to their rescue. We are locked and loaded and ready to go. Thank you for your attention to this matter! President DONALD J.TRUMP If Iran shots and violently kills peaceful protesters, which is their custom, the United States of America will come to their rescue. We are locked and loaded and ready to go. Thank you for your attention to this matter! President DONALD J.TRUMP"
@realDonaldTrump,2026-01-01 20:26,2026,https://truthsocial.com/@realDonaldTrump/posts/115823137139241980,"Great job by Art Del Cueto, a Border hero, in explaining, on FoxNews, that Border crossings are virtually nonexistent under the Trump Administration. In past years, under Sleepy Joe, MILLIONS OF PEOPLE POURED INTO OUR COUNTRY, totally unchecked and unvetted. Also, crime numbers are now down to lowest numbers!!! Great job by Art Del Cueto, a Border hero, in explaining, on FoxNews, that Border crossings are virtually nonexistent under the Trump Administration. In past years, under Sleepy Joe, MILLIONS OF PEOPLE POURED INTO OUR COUNTRY, totally unchecked and unvetted. Also, crime numbers are now down to lowest numbers!!!"
@realDonaldTrump,2026-01-01 19:30,2026,https://truthsocial.com/@realDonaldTrump/posts/115822915162697186,WOW! WOW!
@realDonaldTrump,2026-01-01 15:02,2026,https://truthsocial.com/@realDonaldTrump/posts/115821862193209382,"Alex Swoyer has written a powerful Book, “Lawless Lawfare: Tipping the Scales of Justice to Get Trump and Destroy MAGA.” The unprecedented Weaponization of “Justice” by the Democrats against their Political Opponent (ME!) can never be forgotten, or allowed to happen again. Read this Book, and remember what the Radical Left Democrats are capable of, and what we overcame through sheer Grit, Wisdom, and Courage. Get your copy today:https://www.amazon.com/Lawless-Lawfare-Tipping-Justice-Destroy/dp/B0FCYKGK7L Alex Swoyer has written a powerful Book, “Lawless Lawfare: Tipping the Scales of Justice to Get Trump and Destroy MAGA.” The unprecedented Weaponization of “Justice” by the Democrats against their Political Opponent (ME!) can never be forgotten, or allowed to happen again. Read this Book, and remember what the Radical Left Democrats are capable of, and what we overcame through sheer Grit, Wisdom, and Courage. Get your copy today:https://www.amazon.com/Lawless-Lawfare-Tipping-Justice-Destroy/dp/B0FCYKGK7L"
