ID,Time,Tweet URL,Tweet Text
@realDonaldTrump,2026-04-13 17:04,https://truthsocial.com/@realDonaldTrump/posts/116399897710782846,null
@realDonaldTrump,2026-04-13 15:12,https://truthsocial.com/@realDonaldTrump/posts/116399455398170606,"Scott Bedke has been a tremendous Lieutenant Governor of Idaho, a place I love and WON BIG in 2016, 2020, and 2024!A very successful Businessman, Cattle Rancher, and Highly Respected Speaker of the Idaho House, prior to becoming a very distinguished Lieutenant Governor, working with the wonderful Governor, Brad Little, and outstanding Senator, Jim Risch, Scott has dedicated his life to serving his Community. Scott is fighting tirelessly to Grow our Economy, Cut Taxes and Regulations, Promote MADE IN THE U.S.A., Unleash American Energy DOMINANCE, Keep our Border SECURE, Stop Migrant Crime, Champion our Amazing Farmers and Ranchers, Strengthen our Military/Veterans, and Protect our always under siege Second Amendment.Scott Bedke has my Complete and Total Endorsement for Re-Election — HE WILL NEVER LET YOU DOWN! Scott Bedke has been a tremendous Lieutenant Governor of Idaho, a place I love and WON BIG in 2016, 2020, and 2024! A very successful Businessman, Cattle Rancher, and Highly Respected Speaker of the Idaho House, prior to becoming a very distinguished Lieutenant Governor, working with the wonderful Governor, Brad Little, and outstanding Senator, Jim Risch, Scott has dedicated his life to serving his Community. Scott is fighting tirelessly to Grow our Economy, Cut Taxes and Regulations, Promote MADE IN THE U.S.A., Unleash American Energy DOMINANCE, Keep our Border SECURE, Stop Migrant Crime, Champion our Amazing Farmers and Ranchers, Strengthen our Military/Veterans, and Protect our always under siege Second Amendment. Scott Bedke has my Complete and Total Endorsement for Re-Election — HE WILL NEVER LET YOU DOWN!"
@realDonaldTrump,2026-04-13 15:11,https://truthsocial.com/@realDonaldTrump/posts/116399450887993236,"Stavros Anthony has been a fantastic Lieutenant Governor for the Great People of Nevada!A Highly Respected Police Officer, Civic Leader, and Las Vegas City Council Member, and now, as a distinguished Lieutenant Governor, working with outstanding Governor Joe Lombardo, Stavros has proven he has the Courage and Wisdom to deliver strong results for the incredible people of his wonderful State and Nation. He is working hard to Grow the Economy, Cut Taxes and Regulations, Promote NO TAX ON TIPS, Advance MADE IN THE U.S.A., Unleash American Energy DOMINANCE, Champion School Choice, Keep our Border SECURE, Stop Migrant Crime, Ensure LAW AND ORDER, and Protect our always under siege Second Amendment.Stavros Anthony has my Complete and Total Endorsement for Re-Election — HE WILL NEVER LET YOU DOWN! Stavros Anthony has been a fantastic Lieutenant Governor for the Great People of Nevada! A Highly Respected Police Officer, Civic Leader, and Las Vegas City Council Member, and now, as a distinguished Lieutenant Governor, working with outstanding Governor Joe Lombardo, Stavros has proven he has the Courage and Wisdom to deliver strong results for the incredible people of his wonderful State and Nation. He is working hard to Grow the Economy, Cut Taxes and Regulations, Promote NO TAX ON TIPS, Advance MADE IN THE U.S.A., Unleash American Energy DOMINANCE, Champion School Choice, Keep our Border SECURE, Stop Migrant Crime, Ensure LAW AND ORDER, and Protect our always under siege Second Amendment. Stavros Anthony has my Complete and Total Endorsement for Re-Election — HE WILL NEVER LET YOU DOWN!"
@realDonaldTrump,2026-04-13 10:33,https://truthsocial.com/@realDonaldTrump/posts/116398358272601798,"34 Ships went through the Strait of Hormuz yesterday, which is by far the highest number since this foolish closure began. President DONALD J. TRUMP 34 Ships went through the Strait of Hormuz yesterday, which is by far the highest number since this foolish closure began. President DONALD J. TRUMP"
@realDonaldTrump,2026-04-13 10:32,https://truthsocial.com/@realDonaldTrump/posts/116398354806956903,"Our powerful case against The Wall Street Journal, and other defendants, was asked to be re-filed by the Judge. It is not a termination, it is a suggested re-filing, and we will be, as per the Order, re-filing an updated lawsuit on or before April 27th. President DONALD J. TRUMP Our powerful case against The Wall Street Journal, and other defendants, was asked to be re-filed by the Judge. It is not a termination, it is a suggested re-filing, and we will be, as per the Order, re-filing an updated lawsuit on or before April 27th. President DONALD J. TRUMP"
@realDonaldTrump,2026-04-13 00:38,https://truthsocial.com/@realDonaldTrump/posts/116396018564238264,Appeals court rules Trump’s White House ballroom construction can move forward until April 17: https://justthenews.com/government/courts-law/appeals-court-rules-trumps-white-house-ballroom-construction-can-move-forward Appeals court rules Trump’s White House ballroom construction can move forward until April 17: https://justthenews.com/government/courts-law/appeals-court-rules-trumps-white-house-ballroom-construction-can-move-forward
@realDonaldTrump,2026-04-13 00:37,https://truthsocial.com/@realDonaldTrump/posts/116396014283361917,Swalwell suspends his campaign for California governor amid furor over sex assault allegations: https://justthenews.com/politics-policy/elections/swalwell-says-hes-suspending-his-campaign-calif-governor Swalwell suspends his campaign for California governor amid furor over sex assault allegations: https://justthenews.com/politics-policy/elections/swalwell-says-hes-suspending-his-campaign-calif-governor
@realDonaldTrump,2026-04-13 00:36,https://truthsocial.com/@realDonaldTrump/posts/116396012068955371,The Trump card the president holds if Iran won’t bend: a naval blockade: https://justthenews.com/government/security/trump-card-president-holds-if-iran-wont-bend-naval-blockade The Trump card the president holds if Iran won’t bend: a naval blockade: https://justthenews.com/government/security/trump-card-president-holds-if-iran-wont-bend-naval-blockade
@realDonaldTrump,2026-04-12 22:43,https://truthsocial.com/@realDonaldTrump/posts/116395566253303665,The United States to Blockade Ships Entering or Exiting Iranian Ports on April 13 at 10:00 A.M. ET. Thank you for your attention to this matter! President DJT The United States to Blockade Ships Entering or Exiting Iranian Ports on April 13 at 10:00 A.M. ET. Thank you for your attention to this matter! President DJT
@realDonaldTrump,2026-04-12 19:03,https://truthsocial.com/@realDonaldTrump/posts/116394704213456431,"Pope Leo is WEAK on Crime, and terrible for Foreign Policy. He talks about “fear” of the Trump Administration, but doesn’t mention the FEAR that the Catholic Church, and all other Christian Organizations, had during COVID when they were arresting priests, ministers, and everybody else, for holding Church Services, even when going outside, and being ten and even twenty feet apart. I like his brother Louis much better than I like him, because Louis is all MAGA. He gets it, and Leo doesn’t! I don’t want a Pope who thinks it’s OK for Iran to have a Nuclear Weapon. I don’t want a Pope who thinks it’s terrible that America attacked Venezuela, a Country that was sending massive amounts of Drugs into the United States and, even worse, emptying their prisons, including murderers, drug dealers, and killers, into our Country. And I don’t want a Pope who criticizes the President of the United States because I’m doing exactly what I was elected, IN A LANDSLIDE, to do, setting Record Low Numbers in Crime, and creating the Greatest Stock Market in History. Leo should be thankful because, as everyone knows, he was a shocking surprise. He wasn’t on any list to be Pope, and was only put there by the Church because he was an American, and they thought that would be the best way to deal with President Donald J. Trump. If I wasn’t in the White House, Leo wouldn’t be in the Vatican. Unfortunately, Leo’s Weak on Crime, Weak on Nuclear Weapons, does not sit well with me, nor does the fact that he meets with Obama Sympathizers like David Axelrod, a LOSER from the Left, who is one of those who wanted churchgoers and clerics to be arrested. Leo should get his act together as Pope, use Common Sense, stop catering to the Radical Left, and focus on being a Great Pope, not a Politician. It’s hurting him very badly and, more importantly, it’s hurting the Catholic Church! President DONALD J. TRUMP Pope Leo is WEAK on Crime, and terrible for Foreign Policy. He talks about “fear” of the Trump Administration, but doesn’t mention the FEAR that the Catholic Church, and all other Christian Organizations, had during COVID when they were arresting priests, ministers, and everybody else, for holding Church Services, even when going outside, and being ten and even twenty feet apart. I like his brother Louis much better than I like him, because Louis is all MAGA. He gets it, and Leo doesn’t! I don’t want a Pope who thinks it’s OK for Iran to have a Nuclear Weapon. I don’t want a Pope who thinks it’s terrible that America attacked Venezuela, a Country that was sending massive amounts of Drugs into the United States and, even worse, emptying their prisons, including murderers, drug dealers, and killers, into our Country. And I don’t want a Pope who criticizes the President of the United States because I’m doing exactly what I was elected, IN A LANDSLIDE, to do, setting Record Low Numbers in Crime, and creating the Greatest Stock Market in History. Leo should be thankful because, as everyone knows, he was a shocking surprise. He wasn’t on any list to be Pope, and was only put there by the Church because he was an American, and they thought that would be the best way to deal with President Donald J. Trump. If I wasn’t in the White House, Leo wouldn’t be in the Vatican. Unfortunately, Leo’s Weak on Crime, Weak on Nuclear Weapons, does not sit well with me, nor does the fact that he meets with Obama Sympathizers like David Axelrod, a LOSER from the Left, who is one of those who wanted churchgoers and clerics to be arrested. Leo should get his act together as Pope, use Common Sense, stop catering to the Radical Left, and focus on being a Great Pope, not a Politician. It’s hurting him very badly and, more importantly, it’s hurting the Catholic Church! President DONALD J. TRUMP"
@realDonaldTrump,2026-04-12 18:56,https://truthsocial.com/@realDonaldTrump/posts/116394673326324766,"Rory, and his father Gerry, also a very good Golfer, at Trump International Golf Club, Palm Beach County, Florida! Rory, and his father Gerry, also a very good Golfer, at Trump International Golf Club, Palm Beach County, Florida!"
@realDonaldTrump,2026-04-12 17:09,https://truthsocial.com/@realDonaldTrump/posts/116394253351977606,Congratulations to Paulo Costa on a Great UFC Fight last night in Miami. He will absolutely be a future Champion. It was great talking to him outside the ring after his Big Victory last night in Miami! President DONALD J. TRUMP Congratulations to Paulo Costa on a Great UFC Fight last night in Miami. He will absolutely be a future Champion. It was great talking to him outside the ring after his Big Victory last night in Miami! President DONALD J. TRUMP
@realDonaldTrump,2026-04-12 09:30,https://truthsocial.com/@realDonaldTrump/posts/116392449978703637,"Iran promised to open the Strait of Hormuz, and they knowingly failed to do so. This caused anxiety, dislocation, and pain to many people and Countries throughout the World. They say they put mines in the water, even though all of their Navy, and most of their “mine droppers,” have been completely blown up. They may have done so, but what ship owner would want to take the chance? There is great dishonor and permanent harm to the reputation of Iran, and what’s left of their “Leaders,” but we are beyond all of that. As they promised, they better begin the process of getting this INTERNATIONAL WATERWAY OPEN AND FAST! Every Law in the book is being violated by them. I have been fully debriefed by Vice President JD Vance, Special Envoy Steve Witkoff, and Jared Kushner, on the meeting that took place in Islamabad through the kind and very competent leadership of Field Marshal Asim Munir, and Prime Minister Shehbaz Sharif, of Pakistan. They are very extraordinary men, and continuously thank me for saving 30 to 50 million lives in what would have been a horrendous War with India. I always appreciate hearing that — The amount of Humanity spoken of is incomprehensible. The meeting with Iran began early in the morning, and lasted throughout the night — Close to 20 hours. I could go into great detail, and talk about much that has been gotten but, there is only one thing that matters — IRAN IS UNWILLING TO GIVE UP ITS NUCLEAR AMBITIONS! In many ways, the points that were agreed to are better than us continuing our Military Operations to conclusion, but all of those points don’t matter compared to allowing Nuclear Power to be in the hands of such volatile, difficult, unpredictable people. My three Representatives, as all of this time went by, became, not surprisingly, very friendly and respectful of Iran’s Representatives, Mohammad-Bagher Ghalibaf, Abbas Araghchi, and Ali Bagheri, but that doesn’t matter because they were very unyielding as to the single most important issue and, as I have always said, right from the beginning, and many years ago, IRAN WILL NEVER HAVE A NUCLEAR WEAPON! Iran promised to open the Strait of Hormuz, and they knowingly failed to do so. This caused anxiety, dislocation, and pain to many people and Countries throughout the World. They say they put mines in the water, even though all of their Navy, and most of their “mine droppers,” have been completely blown up. They may have done so, but what ship owner would want to take the chance? There is great dishonor and permanent harm to the reputation of Iran, and what’s left of their “Leaders,” but we are beyond all of that. As they promised, they better begin the process of getting this INTERNATIONAL WATERWAY OPEN AND FAST! Every Law in the book is being violated by them. I have been fully debriefed by Vice President JD Vance, Special Envoy Steve Witkoff, and Jared Kushner, on the meeting that took place in Islamabad through the kind and very competent leadership of Field Marshal Asim Munir, and Prime Minister Shehbaz Sharif, of Pakistan. They are very extraordinary men, and continuously thank me for saving 30 to 50 million lives in what would have been a horrendous War with India. I always appreciate hearing that — The amount of Humanity spoken of is incomprehensible. The meeting with Iran began early in the morning, and lasted throughout the night — Close to 20 hours. I could go into great detail, and talk about much that has been gotten but, there is only one thing that matters — IRAN IS UNWILLING TO GIVE UP ITS NUCLEAR AMBITIONS! In many ways, the points that were agreed to are better than us continuing our Military Operations to conclusion, but all of those points don’t matter compared to allowing Nuclear Power to be in the hands of such volatile, difficult, unpredictable people. My three Representatives, as all of this time went by, became, not surprisingly, very friendly and respectful of Iran’s Representatives, Mohammad-Bagher Ghalibaf, Abbas Araghchi, and Ali Bagheri, but that doesn’t matter because they were very unyielding as to the single most important issue and, as I have always said, right from the beginning, and many years ago, IRAN WILL NEVER HAVE A NUCLEAR WEAPON!"
@realDonaldTrump,2026-04-11 16:24,https://truthsocial.com/@realDonaldTrump/posts/116388414661607621,"From Newt Gingrich: “Pro Trump and pro USA rally in Bern with large Iranian participation and pro Trump signs-photo by Callista Supporters of U.S. actions in Iran, including many Iranians, gathered in Bern today for a peaceful demonstration.” From Newt Gingrich: “Pro Trump and pro USA rally in Bern with large Iranian participation and pro Trump signs-photo by Callista Supporters of U.S. actions in Iran, including many Iranians, gathered in Bern today for a peaceful demonstration.”"
@realDonaldTrump,2026-04-11 09:17,https://truthsocial.com/@realDonaldTrump/posts/116386735130758581,"The Fake News Media is CRAZY, or just plain CORRUPT! The United States has completely destroyed Iran’s Military, including their entire Navy and Air Force, and everything else. Their Leadership is DEAD! The Strait of Hormuz will soon be open, and the empty ships are rushing to the United States to “load up.” But, if you listen to the Fake News, we’re losing! President DONALD J. TRUMP The Fake News Media is CRAZY, or just plain CORRUPT! The United States has completely destroyed Iran’s Military, including their entire Navy and Air Force, and everything else. Their Leadership is DEAD! The Strait of Hormuz will soon be open, and the empty ships are rushing to the United States to “load up.” But, if you listen to the Fake News, we’re losing! President DONALD J. TRUMP"
@realDonaldTrump,2026-04-11 06:58,https://truthsocial.com/@realDonaldTrump/posts/116386190374675994,"The Fake News Media has lost total credibility, not that they had any to begin with. Because of their massive Trump Derangement Syndrome (Sometimes referred to as TDS!), they love saying that Iran is “winning” when, in fact, everyone knows that they are LOSING, and LOSING BIG! Their Navy is gone, their Air Force is gone, their Anti Aircraft apparatus is nonexistent, Radar is dead, their Missile and Drone Factories have been largely obliterated along with the Missiles and Drones themselves and, most importantly, their longtime “Leaders” are no longer with us, praise be to Allah! The only thing they have going is the threat that a ship may “bunk” into one of their sea mines which, by the way, all 28 of their mine dropper boats are also lying at the bottom of the sea. We’re now starting the process of clearing out the Strait of Hormuz as a favor to Countries all over the World, including China, Japan, South Korea, France, Germany, and many others. Incredibly, they don’t have the Courage or Will to do this work themselves. Very interestingly, however, empty Oil carrying ships from many Nations are all heading to the United States of America to LOAD UP with Oil. Thank you for your attention to this matter! President DONALD J. TRUMP The Fake News Media has lost total credibility, not that they had any to begin with. Because of their massive Trump Derangement Syndrome (Sometimes referred to as TDS!), they love saying that Iran is “winning” when, in fact, everyone knows that they are LOSING, and LOSING BIG! Their Navy is gone, their Air Force is gone, their Anti Aircraft apparatus is nonexistent, Radar is dead, their Missile and Drone Factories have been largely obliterated along with the Missiles and Drones themselves and, most importantly, their longtime “Leaders” are no longer with us, praise be to Allah! The only thing they have going is the threat that a ship may “bunk” into one of their sea mines which, by the way, all 28 of their mine dropper boats are also lying at the bottom of the sea. We’re now starting the process of clearing out the Strait of Hormuz as a favor to Countries all over the World, including China, Japan, South Korea, France, Germany, and many others. Incredibly, they don’t have the Courage or Will to do this work themselves. Very interestingly, however, empty Oil carrying ships from many Nations are all heading to the United States of America to LOAD UP with Oil. Thank you for your attention to this matter! President DONALD J. TRUMP"
@realDonaldTrump,2026-04-11 07:07,https://truthsocial.com/@realDonaldTrump/posts/116386222716690641,"I am watching fertilizer prices CLOSELY during our FIGHT FOR FREEDOM in Iran. The United States will not accept PRICE GOUGING from the fertilizer monopoly! American Farmers, we have your back! President DONALD J. TRUMP I am watching fertilizer prices CLOSELY during our FIGHT FOR FREEDOM in Iran. The United States will not accept PRICE GOUGING from the fertilizer monopoly! American Farmers, we have your back! President DONALD J. TRUMP"
@realDonaldTrump,2026-04-11 05:30,https://truthsocial.com/@realDonaldTrump/posts/116385843841281126,"Massive numbers of completely empty oil tankers, some of the largest anywhere in the World, are heading, right now, to the United States to load up with the best and “sweetest” oil (and gas!) anywhere in the World. We have more oil than the next two largest oil economies combined - and higher quality. We are waiting for you. Quick turnaround! President DJT Massive numbers of completely empty oil tankers, some of the largest anywhere in the World, are heading, right now, to the United States to load up with the best and “sweetest” oil (and gas!) anywhere in the World. We have more oil than the next two largest oil economies combined - and higher quality. We are waiting for you. Quick turnaround! President DJT"
@realDonaldTrump,2026-04-10 22:01,https://truthsocial.com/@realDonaldTrump/posts/116384077225474834,GREAT!!! GREAT!!!
@realDonaldTrump,2026-04-10 15:36,https://truthsocial.com/@realDonaldTrump/posts/116382563202541274,"It is my Honor to nominate Matthew Schwartz to serve as Judge on the United States Court of Appeals for the Second Circuit in New York. Matt graduated with Honors from Princeton University and Columbia Law School, later clerking for Justice Samuel Alito on both the Supreme Court and Third Circuit Court of Appeals. A Partner at Sullivan and Cromwell, Matt has fought fiercely against Lawfare and Government Overreach, representing clients at all levels of Federal and State Judiciaries. Recognized as one of the Sharpest Lawyers in America, Matt will do an incredible job serving the people of New York in this new position. Congratulations Matt! It is my Honor to nominate Matthew Schwartz to serve as Judge on the United States Court of Appeals for the Second Circuit in New York. Matt graduated with Honors from Princeton University and Columbia Law School, later clerking for Justice Samuel Alito on both the Supreme Court and Third Circuit Court of Appeals. A Partner at Sullivan and Cromwell, Matt has fought fiercely against Lawfare and Government Overreach, representing clients at all levels of Federal and State Judiciaries. Recognized as one of the Sharpest Lawyers in America, Matt will do an incredible job serving the people of New York in this new position. Congratulations Matt!"
@realDonaldTrump,2026-04-10 14:17,https://truthsocial.com/@realDonaldTrump/posts/116382254441825770,"James Blair, my Deputy Chief of Staff, is one of the brightest political minds in the Country who has done tremendous work to prepare Republicans to DEFY LONGSTANDING HISTORY AND WIN the Midterms, just as he helped me do in 2024, BY A LANDSLIDE. James never wavered from the fight because he is a Political WARRIOR! Now, James will be taking a short leave of absence to lead the charge from the outside against the Radical Left, Country Destroying Democrats. He will do a fantastic job, and then, after the Election, return again to the White House, so we can finish the job and, KEEP AMERICA GREAT! President DONALD J. TRUMP James Blair, my Deputy Chief of Staff, is one of the brightest political minds in the Country who has done tremendous work to prepare Republicans to DEFY LONGSTANDING HISTORY AND WIN the Midterms, just as he helped me do in 2024, BY A LANDSLIDE. James never wavered from the fight because he is a Political WARRIOR! Now, James will be taking a short leave of absence to lead the charge from the outside against the Radical Left, Country Destroying Democrats. He will do a fantastic job, and then, after the Election, return again to the White House, so we can finish the job and, KEEP AMERICA GREAT! President DONALD J. TRUMP"
@realDonaldTrump,2026-04-10 14:38,https://truthsocial.com/@realDonaldTrump/posts/116382335330123013,"My Administration stands ready to use the full Economic Might of the United States to strengthen Hungary’s Economy, as we have done for our Great Allies in the past, if Prime Minister Viktor Orbán and the Hungarian People ever need it. We are excited to invest in the future Prosperity that will be generated by Orbán’s continued Leadership! President DONALD J. TRUMP My Administration stands ready to use the full Economic Might of the United States to strengthen Hungary’s Economy, as we have done for our Great Allies in the past, if Prime Minister Viktor Orbán and the Hungarian People ever need it. We are excited to invest in the future Prosperity that will be generated by Orbán’s continued Leadership! President DONALD J. TRUMP"
@realDonaldTrump,2026-04-10 14:37,https://truthsocial.com/@realDonaldTrump/posts/116382331013274742,"I just met with Senators Lindsey Graham and John Barrasso to talk about funding for our Great ICE Agents and Border Patrol. Reconciliation is ON TRACK, and we are moving FAST and FOCUSED in keeping our Border SECURE, and getting funding to the Department of Homeland Security and the Justice Department to continue our incredible SUCCESS at MAKING AMERICA SAFE AGAIN! Crime is at an ALL TIME LOW, and Murders are at the Lowest Number in 125 years — Year 1900. Radical Left Democrats like Cryin’ Chuck Schumer, and Hakeem “High-Tax” Jeffries, will do their best to stop us, but we don’t need their votes on this Bill, as long as Republicans UNIFY, and stick together. I am calling for the Bill to be done no later than June 1st, and on my desk. The Department cannot wait any longer for full funding. We must beat the Radical Left Democrats at their own game. Thank you for your attention to this matter! President DONALD J. TRUMP I just met with Senators Lindsey Graham and John Barrasso to talk about funding for our Great ICE Agents and Border Patrol. Reconciliation is ON TRACK, and we are moving FAST and FOCUSED in keeping our Border SECURE, and getting funding to the Department of Homeland Security and the Justice Department to continue our incredible SUCCESS at MAKING AMERICA SAFE AGAIN! Crime is at an ALL TIME LOW, and Murders are at the Lowest Number in 125 years — Year 1900. Radical Left Democrats like Cryin’ Chuck Schumer, and Hakeem “High-Tax” Jeffries, will do their best to stop us, but we don’t need their votes on this Bill, as long as Republicans UNIFY, and stick together. I am calling for the Bill to be done no later than June 1st, and on my desk. The Department cannot wait any longer for full funding. We must beat the Radical Left Democrats at their own game. Thank you for your attention to this matter! President DONALD J. TRUMP"
@realDonaldTrump,2026-04-10 14:07,https://truthsocial.com/@realDonaldTrump/posts/116382212683078684,"The Wonderful People of Alaska desperately want to restore Free, Fair, and Honest Elections in their Great State, and get rid of their disastrous, and very fraudulent, “Ranked-Choice Voting” and, accordingly, will vote to Repeal Ranked-Choice Voting in the November 3, 2026 Election! I want to congratulate the many hardworking America First Patriots in Alaska, including my friends, Governor Mike Dunleavy, Senator Dan Sullivan, Congressman Nick Begich, and Alaska GOP Chair Carmela Warfield, who are working tirelessly to restore TRUE “Democracy” to Alaska Elections — They have my Complete and Total Support! RANKED-CHOICE VOTING IS ONE OF THE GREATEST THREATS TO DEMOCRACY, and every single Alaskan should support the effort to repeal it once and for all. MAKE ALASKA, AND AMERICA, GREAT AGAIN! President DONALD J. TRUMP The Wonderful People of Alaska desperately want to restore Free, Fair, and Honest Elections in their Great State, and get rid of their disastrous, and very fraudulent, “Ranked-Choice Voting” and, accordingly, will vote to Repeal Ranked-Choice Voting in the November 3, 2026 Election! I want to congratulate the many hardworking America First Patriots in Alaska, including my friends, Governor Mike Dunleavy, Senator Dan Sullivan, Congressman Nick Begich, and Alaska GOP Chair Carmela Warfield, who are working tirelessly to restore TRUE “Democracy” to Alaska Elections — They have my Complete and Total Support! RANKED-CHOICE VOTING IS ONE OF THE GREATEST THREATS TO DEMOCRACY, and every single Alaskan should support the effort to repeal it once and for all. MAKE ALASKA, AND AMERICA, GREAT AGAIN! President DONALD J. TRUMP"
@realDonaldTrump,2026-04-10 14:03,https://truthsocial.com/@realDonaldTrump/posts/116382196783520781,"Paul Dans has just dropped out of the South Carolina Senatorial Race against the Great Lindsey Graham. It all started to fall apart for Paul when a very Low IQ individual named Tucker Carlson ENDORSED him — THE KISS OF DEATH! Lindsey has a BIG lead, and is on his way to a spectacular VICTORY because he just, GETS THINGS DONE! President DONALD J. TRUMP Paul Dans has just dropped out of the South Carolina Senatorial Race against the Great Lindsey Graham. It all started to fall apart for Paul when a very Low IQ individual named Tucker Carlson ENDORSED him — THE KISS OF DEATH! Lindsey has a BIG lead, and is on his way to a spectacular VICTORY because he just, GETS THINGS DONE! President DONALD J. TRUMP"
@realDonaldTrump,2026-04-10 13:39,https://truthsocial.com/@realDonaldTrump/posts/116382105271047123,"Congressman Rudy Yakym is a Fantastic Advocate for Indiana’s 2nd Congressional District! As a Member of the POWERFUL House Ways & Means Committee, Rudy knows the America First Policies required to Create GREAT Jobs, Cut Taxes and Regulations, Unleash American Energy DOMINANCE, Promote MADE IN THE U.S.A., and Champion our Nation’s Golden Age. He is also fighting tirelessly to Keep our Border SECURE, Stop Migrant Crime, Support our Brave Military/Veterans, Advance Election Integrity, and Defend our always under siege Second Amendment. Rudy Yakym has my Complete and Total Endorsement for Re-Election — HE WILL NEVER LET YOU DOWN! Congressman Rudy Yakym is a Fantastic Advocate for Indiana’s 2nd Congressional District! As a Member of the POWERFUL House Ways & Means Committee, Rudy knows the America First Policies required to Create GREAT Jobs, Cut Taxes and Regulations, Unleash American Energy DOMINANCE, Promote MADE IN THE U.S.A., and Champion our Nation’s Golden Age. He is also fighting tirelessly to Keep our Border SECURE, Stop Migrant Crime, Support our Brave Military/Veterans, Advance Election Integrity, and Defend our always under siege Second Amendment. Rudy Yakym has my Complete and Total Endorsement for Re-Election — HE WILL NEVER LET YOU DOWN!"
@realDonaldTrump,2026-04-10 08:32,https://truthsocial.com/@realDonaldTrump/posts/116380894672815869,Palantir Technologies (PLTR) has proven to have great war fighting capabilities and equipment. Just ask our enemies!!! President DJT Palantir Technologies (PLTR) has proven to have great war fighting capabilities and equipment. Just ask our enemies!!! President DJT
@realDonaldTrump,2026-04-10 07:31,https://truthsocial.com/@realDonaldTrump/posts/116380657463593385,WORLD’S MOST POWERFUL RESET!!! President DJT WORLD’S MOST POWERFUL RESET!!! President DJT
@realDonaldTrump,2026-04-09 23:14,https://truthsocial.com/@realDonaldTrump/posts/116378701821538787,Two more major pharmaceutical companies to launch products through TrumpRx: https://justthenews.com/politics-policy/health/two-more-major-pharmaceutical-companies-launch-products-through-trumprx Two more major pharmaceutical companies to launch products through TrumpRx: https://justthenews.com/politics-policy/health/two-more-major-pharmaceutical-companies-launch-products-through-trumprx
@realDonaldTrump,2026-04-09 23:13,https://truthsocial.com/@realDonaldTrump/posts/116378699040694200,"With Trump at the joystick, moon mission launches patriotism ahead of America’s 250th: https://justthenews.com/government/white-house/trump-hard-launched-summer-patriotism-artemis-ii-return-and-upcoming-250 With Trump at the joystick, moon mission launches patriotism ahead of America’s 250th: https://justthenews.com/government/white-house/trump-hard-launched-summer-patriotism-artemis-ii-return-and-upcoming-250"
@realDonaldTrump,2026-04-09 17:49,https://truthsocial.com/@realDonaldTrump/posts/116377422440266990,"An Illegal Alien Criminal from Haiti, who was released into our Country by the WORST President in History, Crooked Joe Biden, and the Radical Democrats in Congress, just beat an innocent woman to death with a hammer at a gas station in Florida. The video of her brutal slaying is one of the most vicious things you will ever see. This animal was allowed to stay here because the Biden Administration granted him, and all Haitians, “Temporary Protective Status,” a massively abused and fraudulent program which my Administration is working to terminate, but Deranged Liberal District Court Judges are standing in our way. This one killing should be enough for these Radical Judges to STOP impeding my Administration’s Immigration Policies, and allow us to END THIS SCAM ONCE AND FOR ALL. To my fellow Republicans, and frankly all Common Sense Americans, NEVER FORGET that Joe Biden and the Democrat Party turned the United States of America into a dumping ground, allowing Tens of MILLIONS of Criminals, Lunatics, and the Mentally Insane from all over the World to pour into our Country, totally unvetted and unchecked through our wide Open Borders. As I’ve said all along, if you import the Third World, you become the Third World, and that is what happened over the four years of Democrat Control. We are rapidly trying to reverse this decline through Deportations, but if the Democrats are ever given another chance at power, they will immediately REOPEN the Border, and allow America to once again be a Safe Haven for Criminals. Please say a prayer for this innocent woman’s family. We will ensure quick and severe JUSTICE is served in this case! I don’t recommend you watch this tape, because it is so terrible, but felt I had an obligation to put it up so that people can see what Democrats are protecting, and wanting to come into our Country, even now, after all we’ve been through. Again, viewer discretion advised — Not for children! President DONALD J. TRUMP An Illegal Alien Criminal from Haiti, who was released into our Country by the WORST President in History, Crooked Joe Biden, and the Radical Democrats in Congress, just beat an innocent woman to death with a hammer at a gas station in Florida. The video of her brutal slaying is one of the most vicious things you will ever see. This animal was allowed to stay here because the Biden Administration granted him, and all Haitians, “Temporary Protective Status,” a massively abused and fraudulent program which my Administration is working to terminate, but Deranged Liberal District Court Judges are standing in our way. This one killing should be enough for these Radical Judges to STOP impeding my Administration’s Immigration Policies, and allow us to END THIS SCAM ONCE AND FOR ALL. To my fellow Republicans, and frankly all Common Sense Americans, NEVER FORGET that Joe Biden and the Democrat Party turned the United States of America into a dumping ground, allowing Tens of MILLIONS of Criminals, Lunatics, and the Mentally Insane from all over the World to pour into our Country, totally unvetted and unchecked through our wide Open Borders. As I’ve said all along, if you import the Third World, you become the Third World, and that is what happened over the four years of Democrat Control. We are rapidly trying to reverse this decline through Deportations, but if the Democrats are ever given another chance at power, they will immediately REOPEN the Border, and allow America to once again be a Safe Haven for Criminals. Please say a prayer for this innocent woman’s family. We will ensure quick and severe JUSTICE is served in this case! I don’t recommend you watch this tape, because it is so terrible, but felt I had an obligation to put it up so that people can see what Democrats are protecting, and wanting to come into our Country, even now, after all we’ve been through. Again, viewer discretion advised — Not for children! President DONALD J. TRUMP"
@realDonaldTrump,2026-04-09 17:45,https://truthsocial.com/@realDonaldTrump/posts/116377410587246089,"Highly Respected Prime Minister of Hungary, Viktor Orbán, is a truly strong and powerful Leader, with a proven track record of delivering phenomenal results. He fights tirelessly for, and loves, his Great Country and People, just like I do for the United States of America. Viktor works hard to Protect Hungary, Grow the Economy, Create Jobs, Promote Trade, Stop Illegal Immigration, and Ensure LAW AND ORDER! Relations between Hungary and the United States have reached new heights of cooperation and spectacular achievement under my Administration, thanks largely to Prime Minister Orbán. I look forward to continuing working closely with him so that both of our Countries can further advance this tremendous path to SUCCESS and cooperation. I was proud to ENDORSE Viktor for Re-Election in 2022, and am honored to do so again. Election Day is Sunday, April 12, 2026. Hungary: GET OUT AND VOTE FOR VIKTOR ORBÁN. He is a true friend, fighter, and WINNER, and has my Complete and Total Endorsement for Re-Election as Prime Minister of Hungary — VIKTOR ORBÁN WILL NEVER LET THE GREAT PEOPLE OF HUNGARY DOWN. I AM WITH HIM ALL THE WAY! President DONALD J. TRUMP Highly Respected Prime Minister of Hungary, Viktor Orbán, is a truly strong and powerful Leader, with a proven track record of delivering phenomenal results. He fights tirelessly for, and loves, his Great Country and People, just like I do for the United States of America. Viktor works hard to Protect Hungary, Grow the Economy, Create Jobs, Promote Trade, Stop Illegal Immigration, and Ensure LAW AND ORDER! Relations between Hungary and the United States have reached new heights of cooperation and spectacular achievement under my Administration, thanks largely to Prime Minister Orbán. I look forward to continuing working closely with him so that both of our Countries can further advance this tremendous path to SUCCESS and cooperation. I was proud to ENDORSE Viktor for Re-Election in 2022, and am honored to do so again. Election Day is Sunday, April 12, 2026. Hungary: GET OUT AND VOTE FOR VIKTOR ORBÁN. He is a true friend, fighter, and WINNER, and has my Complete and Total Endorsement for Re-Election as Prime Minister of Hungary — VIKTOR ORBÁN WILL NEVER LET THE GREAT PEOPLE OF HUNGARY DOWN. I AM WITH HIM ALL THE WAY! President DONALD J. TRUMP"
@realDonaldTrump,2026-04-09 17:34,https://truthsocial.com/@realDonaldTrump/posts/116377366086619888,"My friend, Congresswoman Elise Stefanik, of New York, has written a new book, ""POISONED IVIES: The Inside Account of the Academic and Moral Rot at America’s Elite Universities."" There is nobody more qualified to speak on this important subject than Elise, who totally exposed the Crooked Former Presidents of Harvard, UPenn, and MIT, in a Congressional Hearing that was seen and heard around the World. Elise is strong, smart, and tough. Order her book today: https://www.amazon.com/dp/1668087537/ref=cm_sw_r_as_gl_api_gl_i_F1HP3EQ4PA3662DXX9QF?linkCode=ml1&tag=elisestefanik-20&linkId=5c58a09e0bbc53374caf5377b4c777d3 My friend, Congresswoman Elise Stefanik, of New York, has written a new book, ""POISONED IVIES: The Inside Account of the Academic and Moral Rot at America’s Elite Universities."" There is nobody more qualified to speak on this important subject than Elise, who totally exposed the Crooked Former Presidents of Harvard, UPenn, and MIT, in a Congressional Hearing that was seen and heard around the World. Elise is strong, smart, and tough. Order her book today: https://www.amazon.com/dp/1668087537/ref=cm_sw_r_as_gl_api_gl_i_F1HP3EQ4PA3662DXX9QF?linkCode=ml1&tag=elisestefanik-20&linkId=5c58a09e0bbc53374caf5377b4c777d3"
@realDonaldTrump,2026-04-09 17:32,https://truthsocial.com/@realDonaldTrump/posts/116377358457034052,"I am pleased to nominate Benjamin Flowers to serve as Judge on the United States Court of Appeals for the Sixth Circuit in Ohio. Ben is a Highly Respected attorney who served as the Solicitor General of Ohio, where he represented the State before the Ohio Supreme Court, Sixth Circuit, and U.S. Supreme Court. Ben successfully challenged dangerous and unlawful Policies of the Biden Administration. Ben graduated Summa Cum Laude from The Ohio State University, with High Honors from the University of Chicago Law School, and clerked for both Justice Antonin Scalia and Judge Sandra Ikuta. I am confident that Ben will fight for the Great People of Ohio, and strongly uphold the Rule of Law in his new role. Congratulations Ben! I am pleased to nominate Benjamin Flowers to serve as Judge on the United States Court of Appeals for the Sixth Circuit in Ohio. Ben is a Highly Respected attorney who served as the Solicitor General of Ohio, where he represented the State before the Ohio Supreme Court, Sixth Circuit, and U.S. Supreme Court. Ben successfully challenged dangerous and unlawful Policies of the Biden Administration. Ben graduated Summa Cum Laude from The Ohio State University, with High Honors from the University of Chicago Law School, and clerked for both Justice Antonin Scalia and Judge Sandra Ikuta. I am confident that Ben will fight for the Great People of Ohio, and strongly uphold the Rule of Law in his new role. Congratulations Ben!"
@realDonaldTrump,2026-04-09 16:29,https://truthsocial.com/@realDonaldTrump/posts/116377109535639790,"Iran is doing a very poor job, dishonorable some would say, of allowing Oil to go through the Strait of Hormuz. That is not the agreement we have! President DONALD J. TRUMP Iran is doing a very poor job, dishonorable some would say, of allowing Oil to go through the Strait of Hormuz. That is not the agreement we have! President DONALD J. TRUMP"
@realDonaldTrump,2026-04-09 15:28,https://truthsocial.com/@realDonaldTrump/posts/116376868752554780,"The Wall Street Journal, one of the worst and most inaccurate “Editorial Boards” in the World, stated that I “declared premature victory in Iran.” Actually, it is a Victory, and there’s nothing “premature” about it! Because of me, IRAN WILL NEVER HAVE A NUCLEAR WEAPON and, very quickly, you’ll see Oil start flowing, with or without the help of Iran and, to me, it makes no difference, either way. The Wall Street Journal will, as usual, live to eat their words. They are always quick to criticize, but never to admit when they’re wrong, which is most of the time! President DONALD J. TRUMP The Wall Street Journal, one of the worst and most inaccurate “Editorial Boards” in the World, stated that I “declared premature victory in Iran.” Actually, it is a Victory, and there’s nothing “premature” about it! Because of me, IRAN WILL NEVER HAVE A NUCLEAR WEAPON and, very quickly, you’ll see Oil start flowing, with or without the help of Iran and, to me, it makes no difference, either way. The Wall Street Journal will, as usual, live to eat their words. They are always quick to criticize, but never to admit when they’re wrong, which is most of the time! President DONALD J. TRUMP"
@realDonaldTrump,2026-04-09 15:08,https://truthsocial.com/@realDonaldTrump/posts/116376791555549648,"There are reports that Iran is charging fees to tankers going through the Hormuz Strait — They better not be and, if they are, they better stop now! President DONALD J. TRUMP There are reports that Iran is charging fees to tankers going through the Hormuz Strait — They better not be and, if they are, they better stop now! President DONALD J. TRUMP"
@realDonaldTrump,2026-04-09 06:40,https://truthsocial.com/@realDonaldTrump/posts/116374792489555954,"None of these people, including our own, very disappointing, NATO, understood anything unless they have pressure placed upon them!!! None of these people, including our own, very disappointing, NATO, understood anything unless they have pressure placed upon them!!!"
@realDonaldTrump,2026-04-08 21:46,https://truthsocial.com/@realDonaldTrump/posts/116372694697146221,"All U.S. Ships, Aircraft, and Military Personnel, with additional Ammunition, Weaponry, and anything else that is appropriate and necessary for the lethal prosecution and destruction of an already substantially degraded Enemy, will remain in place in, and around, Iran, until such time as the REAL AGREEMENT reached is fully complied with. If for any reason it is not, which is highly unlikely, then the “Shootin’ Starts,” bigger, and better, and stronger than anyone has ever seen before. It was agreed, a long time ago, and despite all of the fake rhetoric to the contrary - NO NUCLEAR WEAPONS and, the Strait of Hormuz WILL BE OPEN & SAFE. In the meantime our great Military is Loading Up and Resting, looking forward, actually, to its next Conquest. AMERICA IS BACK! All U.S. Ships, Aircraft, and Military Personnel, with additional Ammunition, Weaponry, and anything else that is appropriate and necessary for the lethal prosecution and destruction of an already substantially degraded Enemy, will remain in place in, and around, Iran, until such time as the REAL AGREEMENT reached is fully complied with. If for any reason it is not, which is highly unlikely, then the “Shootin’ Starts,” bigger, and better, and stronger than anyone has ever seen before. It was agreed, a long time ago, and despite all of the fake rhetoric to the contrary - NO NUCLEAR WEAPONS and, the Strait of Hormuz WILL BE OPEN & SAFE. In the meantime our great Military is Loading Up and Resting, looking forward, actually, to its next Conquest. AMERICA IS BACK!"
@realDonaldTrump,2026-04-08 17:31,https://truthsocial.com/@realDonaldTrump/posts/116371693008302124,"NATO WASN’T THERE WHEN WE NEEDED THEM, AND THEY WON’T BE THERE IF WE NEED THEM AGAIN. REMEMBER GREENLAND, THAT BIG, POORLY RUN, PIECE OF ICE!!! President DJT NATO WASN’T THERE WHEN WE NEEDED THEM, AND THEY WON’T BE THERE IF WE NEED THEM AGAIN. REMEMBER GREENLAND, THAT BIG, POORLY RUN, PIECE OF ICE!!! President DJT"
@realDonaldTrump,2026-04-08 10:20,https://truthsocial.com/@realDonaldTrump/posts/116369995519355709,"Marjorie “Traitor” Brown’s (GREEN TURNS TO BROWN UNDER STRESS!) seat in Congress has been taken over by a wonderful and talented man, Clay Fuller, who won convincingly, and right from the beginning, despite many people running for that “TRUMP” +37 seat, and despite the stench left by Greene. Congratulations to Clay Fuller, a very large improvement over his deranged predecessor! President DONALD J. TRUMP Marjorie “Traitor” Brown’s (GREEN TURNS TO BROWN UNDER STRESS!) seat in Congress has been taken over by a wonderful and talented man, Clay Fuller, who won convincingly, and right from the beginning, despite many people running for that “TRUMP” +37 seat, and despite the stench left by Greene. Congratulations to Clay Fuller, a very large improvement over his deranged predecessor! President DONALD J. TRUMP"
@realDonaldTrump,2026-04-08 05:30,https://truthsocial.com/@realDonaldTrump/posts/116368854361048135,"A Country supplying Military Weapons to Iran will be immediately tariffed, on any and all goods sold to the United States of America, 50%, effective immediately. There will be no exclusions or exemptions! President DJT A Country supplying Military Weapons to Iran will be immediately tariffed, on any and all goods sold to the United States of America, 50%, effective immediately. There will be no exclusions or exemptions! President DJT"
@realDonaldTrump,2026-04-08 05:22,https://truthsocial.com/@realDonaldTrump/posts/116368825638596650,"The United States will work closely with Iran, which we have determined has gone through what will be a very productive Regime Change! There will be no enrichment of Uranium, and the United States will, working with Iran, dig up and remove all of the deeply buried (B-2 Bombers) Nuclear “Dust.” It is now, and has been, under very exacting Satellite Surveillance (Space Force!). Nothing has been touched from the date of attack. We are, and will be, talking Tariff and Sanctions relief with Iran. Many of the 15 points have already been been agreed to. Thank you for your attention to this matter. President DONALD J. TRUMP The United States will work closely with Iran, which we have determined has gone through what will be a very productive Regime Change! There will be no enrichment of Uranium, and the United States will, working with Iran, dig up and remove all of the deeply buried (B-2 Bombers) Nuclear “Dust.” It is now, and has been, under very exacting Satellite Surveillance (Space Force!). Nothing has been touched from the date of attack. We are, and will be, talking Tariff and Sanctions relief with Iran. Many of the 15 points have already been been agreed to. Thank you for your attention to this matter. President DONALD J. TRUMP"
@realDonaldTrump,2026-04-07 22:01,https://truthsocial.com/@realDonaldTrump/posts/116367088879643074,"A big day for World Peace! Iran wants it to happen, they’ve had enough! Likewise, so has everyone else! The United States of America will be helping with the traffic buildup in the Strait of Hormuz. There will be lots of positive action! Big money will be made. Iran can start the reconstruction process. We’ll be loading up with supplies of all kinds, and just “hangin’ around” in order to make sure that everything goes well. I feel confident that it will. Just like we are experiencing in the U.S., this could be the Golden Age of the Middle East!!! President DONALD J. TRUMP A big day for World Peace! Iran wants it to happen, they’ve had enough! Likewise, so has everyone else! The United States of America will be helping with the traffic buildup in the Strait of Hormuz. There will be lots of positive action! Big money will be made. Iran can start the reconstruction process. We’ll be loading up with supplies of all kinds, and just “hangin’ around” in order to make sure that everything goes well. I feel confident that it will. Just like we are experiencing in the U.S., this could be the Golden Age of the Middle East!!! President DONALD J. TRUMP"
@realDonaldTrump,2026-04-07 21:41,https://truthsocial.com/@realDonaldTrump/posts/116367011501074973,https://truthsocial.com/@epaleezeldin/116293314492137728 https://truthsocial.com/@epaleezeldin/116293314492137728
@realDonaldTrump,2026-04-07 18:01,https://truthsocial.com/@realDonaldTrump/posts/116366146721038653,"The alleged Statement put out by CNN World News is a FRAUD, as CNN well knows. The false Statement was linked to a Fake News site (from Nigeria) and, of course, immediately picked up by CNN, and blared out as a “legitimate” headline. The Official Statement by Iran was just released, and posted on TRUTH, below. Authorities are looking to determine whether or not a crime was committed on the issuance of the Fake CNN World Statement, or was it a sick rogue player? CNN is being ordered to immediately withdraw this Statement with full apologies for their, as usual, terrible “reporting.” Results of the investigation will be announced in the near future. President DONALD J. TRUMP The alleged Statement put out by CNN World News is a FRAUD, as CNN well knows. The false Statement was linked to a Fake News site (from Nigeria) and, of course, immediately picked up by CNN, and blared out as a “legitimate” headline. The Official Statement by Iran was just released, and posted on TRUTH, below. Authorities are looking to determine whether or not a crime was committed on the issuance of the Fake CNN World Statement, or was it a sick rogue player? CNN is being ordered to immediately withdraw this Statement with full apologies for their, as usual, terrible “reporting.” Results of the investigation will be announced in the near future. President DONALD J. TRUMP"
@realDonaldTrump,2026-04-07 17:42,https://truthsocial.com/@realDonaldTrump/posts/116366072136989268,OFFICIAL STATEMENT OF IRAN: OFFICIAL STATEMENT OF IRAN:
@realDonaldTrump,2026-04-07 16:32,https://truthsocial.com/@realDonaldTrump/posts/116365796713313030,"Based on conversations with Prime Minister Shehbaz Sharif and Field Marshal Asim Munir, of Pakistan, and wherein they requested that I hold off the destructive force being sent tonight to Iran, and subject to the Islamic Republic of Iran agreeing to the COMPLETE, IMMEDIATE, and SAFE OPENING of the Strait of Hormuz, I agree to suspend the bombing and attack of Iran for a period of two weeks. This will be a double sided CEASEFIRE! The reason for doing so is that we have already met and exceeded all Military objectives, and are very far along with a definitive Agreement concerning Longterm PEACE with Iran, and PEACE in the Middle East. We received a 10 point proposal from Iran, and believe it is a workable basis on which to negotiate. Almost all of the various points of past contention have been agreed to between the United States and Iran, but a two week period will allow the Agreement to be finalized and consummated. On behalf of the United States of America, as President, and also representing the Countries of the Middle East, it is an Honor to have this Longterm problem close to resolution. Thank you for your attention to this matter! President DONALD J. TRUMP Based on conversations with Prime Minister Shehbaz Sharif and Field Marshal Asim Munir, of Pakistan, and wherein they requested that I hold off the destructive force being sent tonight to Iran, and subject to the Islamic Republic of Iran agreeing to the COMPLETE, IMMEDIATE, and SAFE OPENING of the Strait of Hormuz, I agree to suspend the bombing and attack of Iran for a period of two weeks. This will be a double sided CEASEFIRE! The reason for doing so is that we have already met and exceeded all Military objectives, and are very far along with a definitive Agreement concerning Longterm PEACE with Iran, and PEACE in the Middle East. We received a 10 point proposal from Iran, and believe it is a workable basis on which to negotiate. Almost all of the various points of past contention have been agreed to between the United States and Iran, but a two week period will allow the Agreement to be finalized and consummated. On behalf of the United States of America, as President, and also representing the Countries of the Middle East, it is an Honor to have this Longterm problem close to resolution. Thank you for your attention to this matter! President DONALD J. TRUMP"
@realDonaldTrump,2026-04-07 14:27,https://truthsocial.com/@realDonaldTrump/posts/116365303932078350,"It is my Great Honor to endorse Dr. Brian Schmutzler, a MAGA Warrior and REAL Republican running for Indiana's 11th State Senate District, against RINO incumbent Linda Rogers! A Proven Leader, Brian serves his Community as a Highly Respected Anesthesiologist and Medical Director. In the State Senate, he will fight tirelessly to Protect ""Hoosier"" Values, Grow our Economy, Cut Taxes and Regulations, Promote MADE IN THE U.S.A., Champion American Energy DOMINANCE, Stop Migrant Crime, Strengthen our Military/Veterans, Advance Election Integrity, Promote School Choice, and Defend our always under siege Second Amendment. Dr. Brian Schmutzler has my Complete and Total Endorsement to be the next State Senator from Indiana's 11th Senate District. Unlike incumbent Linda Rogers, a “RINO” LOSER who has failed the wonderful people of Indiana so badly, DR. BRIAN SCHMUTZLER IS A WINNER WHO WILL NEVER LET YOU DOWN! It is my Great Honor to endorse Dr. Brian Schmutzler, a MAGA Warrior and REAL Republican running for Indiana's 11th State Senate District, against RINO incumbent Linda Rogers! A Proven Leader, Brian serves his Community as a Highly Respected Anesthesiologist and Medical Director. In the State Senate, he will fight tirelessly to Protect ""Hoosier"" Values, Grow our Economy, Cut Taxes and Regulations, Promote MADE IN THE U.S.A., Champion American Energy DOMINANCE, Stop Migrant Crime, Strengthen our Military/Veterans, Advance Election Integrity, Promote School Choice, and Defend our always under siege Second Amendment. Dr. Brian Schmutzler has my Complete and Total Endorsement to be the next State Senator from Indiana's 11th Senate District. Unlike incumbent Linda Rogers, a “RINO” LOSER who has failed the wonderful people of Indiana so badly, DR. BRIAN SCHMUTZLER IS A WINNER WHO WILL NEVER LET YOU DOWN!"
@realDonaldTrump,2026-04-07 14:23,https://truthsocial.com/@realDonaldTrump/posts/116365290884513075,"State Senator Jim Tomes is an America First Patriot who is doing an incredible job representing Indiana’s 49th State Senate District! A Brave U.S. Army Vietnam Veteran, and Chairman of the Indiana Senate Committee on Veterans Affairs and the Military, Jim knows the Wisdom and Courage required to Defend our Country, Support our Military/Veterans, and Ensure PEACE THROUGH STRENGTH. In the State Senate, he is fighting tirelessly to Protect “Hoosier” Values, Stop Migrant Crime, Grow our Economy, Cut Taxes and Regulations, Unleash American Energy DOMINANCE, Promote MADE IN THE U.S.A., Safeguard our Elections, and Defend our always under siege Second Amendment. Jim Tomes has my Complete and Total Endorsement for Re-Election — HE WILL NEVER LET YOU DOWN! State Senator Jim Tomes is an America First Patriot who is doing an incredible job representing Indiana’s 49th State Senate District! A Brave U.S. Army Vietnam Veteran, and Chairman of the Indiana Senate Committee on Veterans Affairs and the Military, Jim knows the Wisdom and Courage required to Defend our Country, Support our Military/Veterans, and Ensure PEACE THROUGH STRENGTH. In the State Senate, he is fighting tirelessly to Protect “Hoosier” Values, Stop Migrant Crime, Grow our Economy, Cut Taxes and Regulations, Unleash American Energy DOMINANCE, Promote MADE IN THE U.S.A., Safeguard our Elections, and Defend our always under siege Second Amendment. Jim Tomes has my Complete and Total Endorsement for Re-Election — HE WILL NEVER LET YOU DOWN!"
@realDonaldTrump,2026-04-07 14:23,https://truthsocial.com/@realDonaldTrump/posts/116365289686358949,"State Senator Gary Byrne is doing a fantastic job representing the incredible people of Indiana’s 47th Congressional District! A Highly Respected Businessman, North Harrison School Board Member, and Councilman for Harrison County, prior to becoming a distinguished State Senator, Gary has dedicated his life to serving his Community. In the State Senate, he is working hard to Protect “Hoosier” Values, Grow our Economy, Cut Taxes and Regulations, Champion American Energy DOMINANCE, Promote MADE IN THE U.S.A., Stop Migrant Crime, Strengthen our Military/Veterans, Ensure LAW AND ORDER, Advance Election Integrity, and Protect our always under siege Second Amendment. Gary Byrne has my Complete and Total Endorsement for Re-Election — HE WILL NEVER LET YOU DOWN! State Senator Gary Byrne is doing a fantastic job representing the incredible people of Indiana’s 47th Congressional District! A Highly Respected Businessman, North Harrison School Board Member, and Councilman for Harrison County, prior to becoming a distinguished State Senator, Gary has dedicated his life to serving his Community. In the State Senate, he is working hard to Protect “Hoosier” Values, Grow our Economy, Cut Taxes and Regulations, Champion American Energy DOMINANCE, Promote MADE IN THE U.S.A., Stop Migrant Crime, Strengthen our Military/Veterans, Ensure LAW AND ORDER, Advance Election Integrity, and Protect our always under siege Second Amendment. Gary Byrne has my Complete and Total Endorsement for Re-Election — HE WILL NEVER LET YOU DOWN!"
@realDonaldTrump,2026-04-07 14:23,https://truthsocial.com/@realDonaldTrump/posts/116365288989008607,"State Senator Chris Garten is a true MAGA Warrior and America First Patriot for the Great People of Indiana’s 45th State Senate District! As the Majority Floor Leader of the Indiana State Senate, and Brave U.S. Marine Corps Veteran, Chris is a Proven Leader who is doing a fantastic job advancing our AMERICA FIRST Agenda. He is working tirelessly to Protect “Hoosier” Values, Grow the Economy, Cut Taxes and Regulations, Promote MADE IN THE U.S.A., Unleash American Energy DOMINANCE, Stop Migrant Crime, Strengthen our Brave Military/Veterans, Ensure LAW AND ORDER, Safeguard our Elections, and Defend our always under siege Second Amendment. Chris Garten has my Complete and Total Endorsement for Re-Election — HE WILL NEVER LET YOU DOWN! State Senator Chris Garten is a true MAGA Warrior and America First Patriot for the Great People of Indiana’s 45th State Senate District! As the Majority Floor Leader of the Indiana State Senate, and Brave U.S. Marine Corps Veteran, Chris is a Proven Leader who is doing a fantastic job advancing our AMERICA FIRST Agenda. He is working tirelessly to Protect “Hoosier” Values, Grow the Economy, Cut Taxes and Regulations, Promote MADE IN THE U.S.A., Unleash American Energy DOMINANCE, Stop Migrant Crime, Strengthen our Brave Military/Veterans, Ensure LAW AND ORDER, Safeguard our Elections, and Defend our always under siege Second Amendment. Chris Garten has my Complete and Total Endorsement for Re-Election — HE WILL NEVER LET YOU DOWN!"
@realDonaldTrump,2026-04-07 14:23,https://truthsocial.com/@realDonaldTrump/posts/116365287802499897,"State Senator Jeff Raatz is an America First Patriot doing a fantastic job representing Indiana’s 27th State Senate District! A Brave U.S. Army Veteran, Jeff knows the Wisdom and Courage that is required to Defend our Country, Support our Military/Veterans, and Ensure PEACE THROUGH STRENGTH. In the State Senate, Jeff is working hard to Protect “Hoosier” Values, Stop Migrant Crime, Grow our Economy, Cut Taxes, Promote MADE IN THE U.S.A., Champion Small Businesses and American Ingenuity, Ensure U.S. Energy DOMINANCE, Safeguard our Elections, and Defend our always under siege Second Amendment. Jeff Raatz has my Complete and Total Endorsement for Re-Election — HE WILL NEVER LET YOU DOWN! State Senator Jeff Raatz is an America First Patriot doing a fantastic job representing Indiana’s 27th State Senate District! A Brave U.S. Army Veteran, Jeff knows the Wisdom and Courage that is required to Defend our Country, Support our Military/Veterans, and Ensure PEACE THROUGH STRENGTH. In the State Senate, Jeff is working hard to Protect “Hoosier” Values, Stop Migrant Crime, Grow our Economy, Cut Taxes, Promote MADE IN THE U.S.A., Champion Small Businesses and American Ingenuity, Ensure U.S. Energy DOMINANCE, Safeguard our Elections, and Defend our always under siege Second Amendment. Jeff Raatz has my Complete and Total Endorsement for Re-Election — HE WILL NEVER LET YOU DOWN!"
@realDonaldTrump,2026-04-07 14:22,https://truthsocial.com/@realDonaldTrump/posts/116365287253994322,"State Senator Scott Alexander is doing a terrific job representing the wonderful people of Indiana’s 26th State Senate District! A Successful Entrepreneur and Civic Leader, before his service in the State Senate, Scott is a Proven Leader who has dedicated his life to serving his Community. In the State Senate, he is working hard to Protect “Hoosier” Values, Grow the Economy, Cut Taxes and Regulations, Promote MADE IN THE U.S.A., Champion American Energy DOMINANCE, Stop Migrant Crime, Ensure LAW AND ORDER, Strengthen our Military/Veterans, Advance Election Integrity, and Defend our always under siege Second Amendment. Scott Alexander has my Complete and Total Endorsement for Re-Election — HE WILL NEVER LET YOU DOWN! State Senator Scott Alexander is doing a terrific job representing the wonderful people of Indiana’s 26th State Senate District! A Successful Entrepreneur and Civic Leader, before his service in the State Senate, Scott is a Proven Leader who has dedicated his life to serving his Community. In the State Senate, he is working hard to Protect “Hoosier” Values, Grow the Economy, Cut Taxes and Regulations, Promote MADE IN THE U.S.A., Champion American Energy DOMINANCE, Stop Migrant Crime, Ensure LAW AND ORDER, Strengthen our Military/Veterans, Advance Election Integrity, and Defend our always under siege Second Amendment. Scott Alexander has my Complete and Total Endorsement for Re-Election — HE WILL NEVER LET YOU DOWN!"
@realDonaldTrump,2026-04-07 14:22,https://truthsocial.com/@realDonaldTrump/posts/116365286020333679,"State Senator Ron Alting is a Strong Champion and Highly Effective Representative for the Great People of Indiana’s 22nd State Senate District! A respected Businessman, Lafayette City Council Member, and Indiana Guard Reserve Major, prior to becoming a distinguished State Senator, Ron has dedicated his life to serving his Community. In the State Senate, he is working hard to Protect ""Hoosier"" Values, Grow our Economy, Cut Taxes and Regulations, Champion American Energy DOMINANCE, Promote MADE IN THE U.S.A., Stop Migrant Crime, Strengthen our Military/Veterans, Ensure LAW AND ORDER, Advance Election Integrity, and Defend our always under siege Second Amendment. Ron Alting has my Complete and Total Endorsement for Re-Election — HE WILL NEVER LET YOU DOWN! State Senator Ron Alting is a Strong Champion and Highly Effective Representative for the Great People of Indiana’s 22nd State Senate District! A respected Businessman, Lafayette City Council Member, and Indiana Guard Reserve Major, prior to becoming a distinguished State Senator, Ron has dedicated his life to serving his Community. In the State Senate, he is working hard to Protect ""Hoosier"" Values, Grow our Economy, Cut Taxes and Regulations, Champion American Energy DOMINANCE, Promote MADE IN THE U.S.A., Stop Migrant Crime, Strengthen our Military/Veterans, Ensure LAW AND ORDER, Advance Election Integrity, and Defend our always under siege Second Amendment. Ron Alting has my Complete and Total Endorsement for Re-Election — HE WILL NEVER LET YOU DOWN!"
@realDonaldTrump,2026-04-07 14:22,https://truthsocial.com/@realDonaldTrump/posts/116365285441680816,"State Senator Liz Brown is a MAGA Warrior who is doing an incredible job representing Indiana’s 15th State Senate District! A successful Attorney, and Fort Wayne City Council Member, prior to becoming a Highly Respected State Senator, Liz has dedicated her life to serving her Community. In the State Senate, she is working tirelessly to Protect ""Hoosier"" Values, Grow our Economy, Cut Taxes and Regulations, Champion American Energy DOMINANCE, Promote MADE IN THE U.S.A., Stop Migrant Crime, Strengthen our Military/Veterans, Safeguard our Elections, and Defend our always under siege Second Amendment. Liz Brown has my Complete and Total Endorsement for Re-Election — SHE WILL NEVER LET YOU DOWN! State Senator Liz Brown is a MAGA Warrior who is doing an incredible job representing Indiana’s 15th State Senate District! A successful Attorney, and Fort Wayne City Council Member, prior to becoming a Highly Respected State Senator, Liz has dedicated her life to serving her Community. In the State Senate, she is working tirelessly to Protect ""Hoosier"" Values, Grow our Economy, Cut Taxes and Regulations, Champion American Energy DOMINANCE, Promote MADE IN THE U.S.A., Stop Migrant Crime, Strengthen our Military/Veterans, Safeguard our Elections, and Defend our always under siege Second Amendment. Liz Brown has my Complete and Total Endorsement for Re-Election — SHE WILL NEVER LET YOU DOWN!"
@realDonaldTrump,2026-04-07 14:20,https://truthsocial.com/@realDonaldTrump/posts/116365279658494851,"It is my Great Honor to endorse State Representative Michelle Davis, a REAL Republican running for Indiana's 41st State Senate District (which I won by 33 points!), against RINO incumbent Greg Walker! Michelle will be a fantastic replacement for Walker who, for whatever reason, voted against Redistricting in Indiana, which puts the United States Congress in jeopardy. Walker and his RINO friends made Indiana, a State I love and have been very good to, the only State in the Country that essentially said they don’t care about what happens in the United States Congress. We could have easily picked up two seats in Indiana, so Walker, an America Last politician, put our Majority in the House of Representatives at risk, thereby putting our Country in a very dangerous position in losing some of the magnificent gains that we have made over the last year, since I assumed the Office of President. State Representative Michelle Davis, on the other hand, strongly voted WITH Republicans to pass Redistricting in the State House, unlike “RINO” Greg Walker, who voted with the Democrats in the State Senate to stop it. As your next State Senator, Michelle will fight tirelessly to Protect ""Hoosier"" Values, Advocate for the Working Men and Women of Indiana, Grow our Economy, Cut Taxes and Regulations, Promote American Manufacturing, Advance MADE IN THE U.S.A., Unleash American Energy DOMINANCE, Keep our Border SECURE, Support our Military, Veterans, and Law Enforcement, Advance Election Integrity, and Defend our always under siege Second Amendment. Michelle Davis has my Complete and Total Endorsement to be the next State Senator from Indiana's 41st Senate District. Unlike incumbent Greg Walker, a “RINO” LOSER who has failed the fantastic people of Indiana so badly, MICHELLE DAVIS IS A WINNER WHO WILL NOT LET YOU DOWN! It is my Great Honor to endorse State Representative Michelle Davis, a REAL Republican running for Indiana's 41st State Senate District (which I won by 33 points!), against RINO incumbent Greg Walker! Michelle will be a fantastic replacement for Walker who, for whatever reason, voted against Redistricting in Indiana, which puts the United States Congress in jeopardy. Walker and his RINO friends made Indiana, a State I love and have been very good to, the only State in the Country that essentially said they don’t care about what happens in the United States Congress. We could have easily picked up two seats in Indiana, so Walker, an America Last politician, put our Majority in the House of Representatives at risk, thereby putting our Country in a very dangerous position in losing some of the magnificent gains that we have made over the last year, since I assumed the Office of President. State Representative Michelle Davis, on the other hand, strongly voted WITH Republicans to pass Redistricting in the State House, unlike “RINO” Greg Walker, who voted with the Democrats in the State Senate to stop it. As your next State Senator, Michelle will fight tirelessly to Protect ""Hoosier"" Values, Advocate for the Working Men and Women of Indiana, Grow our Economy, Cut Taxes and Regulations, Promote American Manufacturing, Advance MADE IN THE U.S.A., Unleash American Energy DOMINANCE, Keep our Border SECURE, Support our Military, Veterans, and Law Enforcement, Advance Election Integrity, and Defend our always under siege Second Amendment. Michelle Davis has my Complete and Total Endorsement to be the next State Senator from Indiana's 41st Senate District. Unlike incumbent Greg Walker, a “RINO” LOSER who has failed the fantastic people of Indiana so badly, MICHELLE DAVIS IS A WINNER WHO WILL NOT LET YOU DOWN!"
@realDonaldTrump,2026-04-07 14:20,https://truthsocial.com/@realDonaldTrump/posts/116365277089556863,"It is my Great Honor to endorse America First Patriot, Jeff Ellington, a terrific Candidate for Indiana's 39th State Senate District (which I won by a whopping 55 points!). Jeff will be a fantastic replacement for RINO Eric Bassler, who may not even run again because Republicans are so angry with him over his betrayal he committed when he, for whatever reason, voted against Redistricting in Indiana, which essentially made him a partner to the Radical Left Democrats in their quest to take control of the United States House of Representatives, and reverse the great progress we have made in the last year. Bassler and his RINO friends made Indiana, a State I love that is full of Patriots who love America, the only State in the Nation that would rather turn over our Country to Democrats than fight back against their corruption, and finish the job we started over 10 years ago. We could have easily picked up two seats in Indiana, but Bassler, an America Last politician, was played for a fool by the Democrats who want to destroy our Country. Now, because Bassler looks to be getting “run out of town” by his Voters, Indiana’s Chief RINO Rod Bray has recruited a new “pawn” in his game named Kristi Risk to run for this seat. She, like Bassler and Bray, was nowhere to be found for Republicans during Redistricting, which means she will never be there for you when the going gets tough. She said there were “more important things” than keeping the House Majority, and protecting the progress we have made over the last year to, MAKE AMERICA GREAT AGAIN. No smart, reliable Republican would ever say such a thing because they would never even think it. For that reason, and more, she cannot be trusted any more than the Failed and Weak “Senator” Bassler. Jeff Ellington, on the other hand, is a Successful Businessman, Retired Firefighter, Horse Farmer, Greene County GOP Chairman, and former State Representative, who has dedicated his life to serving his Community. As your next State Senator, Jeff will work tirelessly to Protect ""Hoosier"" Values, Champion our Amazing Farmers and Ranchers, Grow our Economy, Cut Taxes and Regulations, Promote MADE IN THE U.S.A., Advance American Energy DOMINANCE, Support our Brave Military, Veterans, and Law Enforcement, Safeguard our Elections, and Protect our always under siege Second Amendment. Jeff Ellington has my Complete and Total Endorsement to be the next State Senator from Indiana's 39th Senate District. Unlike Eric Bassler or Kristi Risk, JEFF ELLINGTON WILL NEVER LET YOU DOWN! It is my Great Honor to endorse America First Patriot, Jeff Ellington, a terrific Candidate for Indiana's 39th State Senate District (which I won by a whopping 55 points!). Jeff will be a fantastic replacement for RINO Eric Bassler, who may not even run again because Republicans are so angry with him over his betrayal he committed when he, for whatever reason, voted against Redistricting in Indiana, which essentially made him a partner to the Radical Left Democrats in their quest to take control of the United States House of Representatives, and reverse the great progress we have made in the last year. Bassler and his RINO friends made Indiana, a State I love that is full of Patriots who love America, the only State in the Nation that would rather turn over our Country to Democrats than fight back against their corruption, and finish the job we started over 10 years ago. We could have easily picked up two seats in Indiana, but Bassler, an America Last politician, was played for a fool by the Democrats who want to destroy our Country. Now, because Bassler looks to be getting “run out of town” by his Voters, Indiana’s Chief RINO Rod Bray has recruited a new “pawn” in his game named Kristi Risk to run for this seat. She, like Bassler and Bray, was nowhere to be found for Republicans during Redistricting, which means she will never be there for you when the going gets tough. She said there were “more important things” than keeping the House Majority, and protecting the progress we have made over the last year to, MAKE AMERICA GREAT AGAIN. No smart, reliable Republican would ever say such a thing because they would never even think it. For that reason, and more, she cannot be trusted any more than the Failed and Weak “Senator” Bassler. Jeff Ellington, on the other hand, is a Successful Businessman, Retired Firefighter, Horse Farmer, Greene County GOP Chairman, and former State Representative, who has dedicated his life to serving his Community. As your next State Senator, Jeff will work tirelessly to Protect ""Hoosier"" Values, Champion our Amazing Farmers and Ranchers, Grow our Economy, Cut Taxes and Regulations, Promote MADE IN THE U.S.A., Advance American Energy DOMINANCE, Support our Brave Military, Veterans, and Law Enforcement, Safeguard our Elections, and Protect our always under siege Second Amendment. Jeff Ellington has my Complete and Total Endorsement to be the next State Senator from Indiana's 39th Senate District. Unlike Eric Bassler or Kristi Risk, JEFF ELLINGTON WILL NEVER LET YOU DOWN!"
@realDonaldTrump,2026-04-07 14:19,https://truthsocial.com/@realDonaldTrump/posts/116365275300009543,"Vigo County Commissioner Brenda Wilson, a Proven America First Patriot, is running against “No Goode” Greg Goode (BAD FOR THE U.S.A.!) in the Republican Primary for Indiana’s 38th Senate District, which I won by 28 points! “No Goode” is an incompetent and ineffective RINO incumbent who, for whatever reason, voted against Redistricting in Indiana, which has made him a hero to Hakeem Jeffries, Ilhan Omar, and every other Radical Left Member of the U.S. House of Representatives. “No Goode” and his RINO friends made Indiana, a State I have tremendous love for, the only State in the Country that essentially said they don’t care about what happens to the United States Congress, and therefore to America’s future. We could have easily picked up two seats in Indiana, but No Goode, an America Last politician, threw in with the Democrats, thereby putting our Country in a very dangerous position, and risking the reversal of so much of the incredible progress we have made over the last year for our Country and our people. Brenda Wilson, on the other hand, is a Successful Family Farmer, and Highly Respected Vigo County Commissioner, who will be a strong and effective Voice for our amazing Farmers and Indiana Agriculture. As your next State Senator, Brenda will fight tirelessly to Protect ""Hoosier"" Values, Champion Small Businesses, Promote MADE IN THE U.S.A., Grow our Economy, Cut Taxes and Regulations, Advance American Energy DOMINANCE, Keep our Border SECURE, Support our incredible Military, Veterans, and Law Enforcement, Advance Election Integrity, and Protect our always under siege Second Amendment. Brenda Wilson has my Complete and Total Endorsement, and, unlike “No Goode” — BRENDA WILL NOT LET YOU DOWN! Vigo County Commissioner Brenda Wilson, a Proven America First Patriot, is running against “No Goode” Greg Goode (BAD FOR THE U.S.A.!) in the Republican Primary for Indiana’s 38th Senate District, which I won by 28 points! “No Goode” is an incompetent and ineffective RINO incumbent who, for whatever reason, voted against Redistricting in Indiana, which has made him a hero to Hakeem Jeffries, Ilhan Omar, and every other Radical Left Member of the U.S. House of Representatives. “No Goode” and his RINO friends made Indiana, a State I have tremendous love for, the only State in the Country that essentially said they don’t care about what happens to the United States Congress, and therefore to America’s future. We could have easily picked up two seats in Indiana, but No Goode, an America Last politician, threw in with the Democrats, thereby putting our Country in a very dangerous position, and risking the reversal of so much of the incredible progress we have made over the last year for our Country and our people. Brenda Wilson, on the other hand, is a Successful Family Farmer, and Highly Respected Vigo County Commissioner, who will be a strong and effective Voice for our amazing Farmers and Indiana Agriculture. As your next State Senator, Brenda will fight tirelessly to Protect ""Hoosier"" Values, Champion Small Businesses, Promote MADE IN THE U.S.A., Grow our Economy, Cut Taxes and Regulations, Advance American Energy DOMINANCE, Keep our Border SECURE, Support our incredible Military, Veterans, and Law Enforcement, Advance Election Integrity, and Protect our always under siege Second Amendment. Brenda Wilson has my Complete and Total Endorsement, and, unlike “No Goode” — BRENDA WILL NOT LET YOU DOWN!"
@realDonaldTrump,2026-04-07 14:19,https://truthsocial.com/@realDonaldTrump/posts/116365273811504261,"It is my Great Honor to endorse MAGA Warrior and Fountain County GOP Chair, Paula Copenhaver, a terrific Candidate for Indiana's 23rd State Senate District (which I won by 26 points!). Paula is running against an incompetent and ineffective RINO incumbent named Spencer Deery who, for whatever reason, betrayed his voters by voting against Redistricting in Indiana. Deery and his RINO friends made Indiana, a State I love and have been very good to, the only State in the Country that essentially said they don’t care if Democrats and Radical Liberal Judges keep conspiring to steal seats in the United States Congress from Republicans. We could have easily picked up two seats in Indiana, but Deery, an America Last politician, would rather side with Far Left Democrats who will do anything and everything in their power to reverse the incredible progress we have made for the American people over the last year since I reassumed the Office of President. While “RINO” Spencer Deery prefers Democrats, Paula Copenhaver has helped REAL Republicans get elected across her Community, As your next State Senator, Paula will work hard to Protect ""Hoosier"" Values, Advocate for the Working Men and Women of Indiana, Grow the Economy, Cut Taxes and Regulations, Promote American Manufacturing, Advance MADE IN THE U.S.A., Unleash American Energy DOMINANCE, Keep our Border SECURE, Ensure LAW AND ORDER, Support our Brave Military, Veterans, and Law Enforcement, Safeguard our Elections, and Protect our always under siege Second Amendment. Paula Copenhaver has my Complete and Total Endorsement to be the next State Senator from Indiana's 23rd Senate District. Unlike incumbent Spencer Deery, a “RINO” who has become a favorite politician of the Far Left, PAULA COPENHAVER IS A WINNER WHO WILL NEVER LET YOU DOWN! It is my Great Honor to endorse MAGA Warrior and Fountain County GOP Chair, Paula Copenhaver, a terrific Candidate for Indiana's 23rd State Senate District (which I won by 26 points!). Paula is running against an incompetent and ineffective RINO incumbent named Spencer Deery who, for whatever reason, betrayed his voters by voting against Redistricting in Indiana. Deery and his RINO friends made Indiana, a State I love and have been very good to, the only State in the Country that essentially said they don’t care if Democrats and Radical Liberal Judges keep conspiring to steal seats in the United States Congress from Republicans. We could have easily picked up two seats in Indiana, but Deery, an America Last politician, would rather side with Far Left Democrats who will do anything and everything in their power to reverse the incredible progress we have made for the American people over the last year since I reassumed the Office of President. While “RINO” Spencer Deery prefers Democrats, Paula Copenhaver has helped REAL Republicans get elected across her Community, As your next State Senator, Paula will work hard to Protect ""Hoosier"" Values, Advocate for the Working Men and Women of Indiana, Grow the Economy, Cut Taxes and Regulations, Promote American Manufacturing, Advance MADE IN THE U.S.A., Unleash American Energy DOMINANCE, Keep our Border SECURE, Ensure LAW AND ORDER, Support our Brave Military, Veterans, and Law Enforcement, Safeguard our Elections, and Protect our always under siege Second Amendment. Paula Copenhaver has my Complete and Total Endorsement to be the next State Senator from Indiana's 23rd Senate District. Unlike incumbent Spencer Deery, a “RINO” who has become a favorite politician of the Far Left, PAULA COPENHAVER IS A WINNER WHO WILL NEVER LET YOU DOWN!"
@realDonaldTrump,2026-04-07 14:19,https://truthsocial.com/@realDonaldTrump/posts/116365272431087703,"It is my Great Honor to endorse America First Patriot Tracey Powell, a fantastic Candidate for Indiana's 21st State Senate District (which I won by 24 points!). Tracey is running against a pathetic RINO incumbent named Jim Buck, who, for whatever reason, voted against Redistricting in Indiana, which puts the United States Congress in jeopardy. Buck and his RINO friends made Indiana, a State I love and have been very good to, the only State in the Country that essentially said they don’t care if Democrats steal Republican House seats to take over the United States Congress. We could have easily picked up two seats in Indiana, helping Democrat seat theft in Blue States, but instead, Buck, an America Last politician, would rather give away our Majority in the House of Representatives, thereby putting our Country in a very dangerous position that could cost us some of the magnificent gains that we have made over the last year, since I assumed the Office of President. Tracey Powell, on the other hand, is a successful Businessman, Chiropractor, Farmer, and Highly Respected Tipton County Commissioner, who has dedicated his life to serving his Community. As your next State Senator, Tracey will fight tirelessly to Protect ""Hoosier"" Values, Grow the Economy, Cut Taxes and Regulations, Promote MADE IN THE U.S.A., Champion our Amazing Farmers and Agriculture, Unleash American Energy DOMINANCE, Keep our Border SECURE, Ensure LAW AND ORDER, Support our Military, Veterans, and Law Enforcement, Advance Election Integrity, Defend our always under siege Second Amendment. Tracey Powell has my Complete and Total Endorsement to be the next State Senator from Indiana's 21st Senate District. Unlike incumbent Jim Buck, a “RINO” who failed the wonderful people of Indiana so badly, TRACEY POWELL IS A WINNER WHO WILL NOT LET YOU DOWN! It is my Great Honor to endorse America First Patriot Tracey Powell, a fantastic Candidate for Indiana's 21st State Senate District (which I won by 24 points!). Tracey is running against a pathetic RINO incumbent named Jim Buck, who, for whatever reason, voted against Redistricting in Indiana, which puts the United States Congress in jeopardy. Buck and his RINO friends made Indiana, a State I love and have been very good to, the only State in the Country that essentially said they don’t care if Democrats steal Republican House seats to take over the United States Congress. We could have easily picked up two seats in Indiana, helping Democrat seat theft in Blue States, but instead, Buck, an America Last politician, would rather give away our Majority in the House of Representatives, thereby putting our Country in a very dangerous position that could cost us some of the magnificent gains that we have made over the last year, since I assumed the Office of President. Tracey Powell, on the other hand, is a successful Businessman, Chiropractor, Farmer, and Highly Respected Tipton County Commissioner, who has dedicated his life to serving his Community. As your next State Senator, Tracey will fight tirelessly to Protect ""Hoosier"" Values, Grow the Economy, Cut Taxes and Regulations, Promote MADE IN THE U.S.A., Champion our Amazing Farmers and Agriculture, Unleash American Energy DOMINANCE, Keep our Border SECURE, Ensure LAW AND ORDER, Support our Military, Veterans, and Law Enforcement, Advance Election Integrity, Defend our always under siege Second Amendment. Tracey Powell has my Complete and Total Endorsement to be the next State Senator from Indiana's 21st Senate District. Unlike incumbent Jim Buck, a “RINO” who failed the wonderful people of Indiana so badly, TRACEY POWELL IS A WINNER WHO WILL NOT LET YOU DOWN!"
@realDonaldTrump,2026-04-07 14:18,https://truthsocial.com/@realDonaldTrump/posts/116365271173259328,"Bluffton City Councilman Blake Fiechter, a True America First Patriot, is running against “RINO” State Senator Travis Holdman, in Indiana’s 19th Senate District who, for whatever reason, voted against Redistricting in Indiana, in a District that I won by 39 points, which puts the United States Congress in jeopardy. Holdman and his RINO friends made Indiana, a State I love and have been very good to, the only State in the Country that essentially said they don’t care about what happens in the United States Congress. We could have easily picked up two seats in Indiana, so Holdman, an America Last politician, put our Majority in the House of Representatives at risk, thereby putting our Country in a very dangerous position in losing some of the magnificent gains that we have made over the last year, since I assumed the Office of President. On the other hand, Blake Fiechter, a very successful Real Estate Broker, Proud Husband, Loving Father to three girls, and a Highly Respected Councilman in the wonderful City of Bluffton, has dedicated his life to serving the Community which he loves so much. As your next State Senator, Blake will fight tirelessly to Protect ""Hoosier"" Values, Promote our Amazing Farmers and Ranchers, Grow our Economy, Cut Taxes and Regulations, Advance MADE IN THE U.S.A., Promote American Energy DOMINANCE, Keep our Border SECURE, Support our Brave Military, Veterans, and Law Enforcement, Ensure LAW AND ORDER, Safeguard our Elections, and Protect our always under siege Second Amendment. Blake Fiechter has my Complete and Total Endorsement against RINO Travis Holdman — BLAKE WILL NEVER LET YOU DOWN! Bluffton City Councilman Blake Fiechter, a True America First Patriot, is running against “RINO” State Senator Travis Holdman, in Indiana’s 19th Senate District who, for whatever reason, voted against Redistricting in Indiana, in a District that I won by 39 points, which puts the United States Congress in jeopardy. Holdman and his RINO friends made Indiana, a State I love and have been very good to, the only State in the Country that essentially said they don’t care about what happens in the United States Congress. We could have easily picked up two seats in Indiana, so Holdman, an America Last politician, put our Majority in the House of Representatives at risk, thereby putting our Country in a very dangerous position in losing some of the magnificent gains that we have made over the last year, since I assumed the Office of President. On the other hand, Blake Fiechter, a very successful Real Estate Broker, Proud Husband, Loving Father to three girls, and a Highly Respected Councilman in the wonderful City of Bluffton, has dedicated his life to serving the Community which he loves so much. As your next State Senator, Blake will fight tirelessly to Protect ""Hoosier"" Values, Promote our Amazing Farmers and Ranchers, Grow our Economy, Cut Taxes and Regulations, Advance MADE IN THE U.S.A., Promote American Energy DOMINANCE, Keep our Border SECURE, Support our Brave Military, Veterans, and Law Enforcement, Ensure LAW AND ORDER, Safeguard our Elections, and Protect our always under siege Second Amendment. Blake Fiechter has my Complete and Total Endorsement against RINO Travis Holdman — BLAKE WILL NEVER LET YOU DOWN!"
@realDonaldTrump,2026-04-07 14:14,https://truthsocial.com/@realDonaldTrump/posts/116365255671979732,"It is my Great Honor to endorse Trevor De Vries, an America First Patriot and REAL Republican running for Indiana's 1st State Senate District, against RINO incumbent Dan Dernulc! A Successful Businessman, Trevor knows the America First Policies required to Grow our Economy, Create GREAT Jobs, Cut Taxes and Regulations, Promote MADE IN THE U.S.A., and Unleash American Energy DOMINANCE. In the State Senate, he will fight tirelessly to Protect “Hoosier” Values, Stop Migrant Crime, Ensure LAW AND ORDER, Strengthen our Military/Veterans, Advance Election Integrity, and Defend our always under siege Second Amendment. Trevor De Vries has my Complete and Total Endorsement to be the next State Senator from Indiana's 1st Senate District. Unlike incumbent Dan Dernulc, a “RINO” LOSER who has failed the fantastic people of Indiana so badly, TREVOR DE VRIES IS A WINNER WHO WILL NOT LET YOU DOWN! It is my Great Honor to endorse Trevor De Vries, an America First Patriot and REAL Republican running for Indiana's 1st State Senate District, against RINO incumbent Dan Dernulc! A Successful Businessman, Trevor knows the America First Policies required to Grow our Economy, Create GREAT Jobs, Cut Taxes and Regulations, Promote MADE IN THE U.S.A., and Unleash American Energy DOMINANCE. In the State Senate, he will fight tirelessly to Protect “Hoosier” Values, Stop Migrant Crime, Ensure LAW AND ORDER, Strengthen our Military/Veterans, Advance Election Integrity, and Defend our always under siege Second Amendment. Trevor De Vries has my Complete and Total Endorsement to be the next State Senator from Indiana's 1st Senate District. Unlike incumbent Dan Dernulc, a “RINO” LOSER who has failed the fantastic people of Indiana so badly, TREVOR DE VRIES IS A WINNER WHO WILL NOT LET YOU DOWN!"
@realDonaldTrump,2026-04-07 14:14,https://truthsocial.com/@realDonaldTrump/posts/116365255045080935,"State Representative Martin Carbaugh is a Tremendous Advocate for the Fantastic People of Indiana’s 81st State House District! A very successful Financial Advisor, Martin is a Proven Leader who is doing a fantastic job advancing our AMERICA FIRST Agenda. He is working tirelessly to Protect “Hoosier” Values, Grow the Economy, Cut Taxes and Regulations, Promote MADE IN THE U.S.A., Unleash American Energy DOMINANCE, Stop Migrant Crime, Strengthen our Brave Military/Veterans, Ensure LAW AND ORDER, Safeguard our Elections, and Defend our always under siege Second Amendment. Martin Carbaugh has my Complete and Total Endorsement for Re-Election — HE WILL NEVER LET YOU DOWN! State Representative Martin Carbaugh is a Tremendous Advocate for the Fantastic People of Indiana’s 81st State House District! A very successful Financial Advisor, Martin is a Proven Leader who is doing a fantastic job advancing our AMERICA FIRST Agenda. He is working tirelessly to Protect “Hoosier” Values, Grow the Economy, Cut Taxes and Regulations, Promote MADE IN THE U.S.A., Unleash American Energy DOMINANCE, Stop Migrant Crime, Strengthen our Brave Military/Veterans, Ensure LAW AND ORDER, Safeguard our Elections, and Defend our always under siege Second Amendment. Martin Carbaugh has my Complete and Total Endorsement for Re-Election — HE WILL NEVER LET YOU DOWN!"
@realDonaldTrump,2026-04-07 14:14,https://truthsocial.com/@realDonaldTrump/posts/116365254318832383,"State Representative Ben Smaltz is a Highly Effective Champion for the Wonderful People of Indiana’s 52nd State House District! A Respected Businessman and DeKalb County Council Member, prior to becoming a distinguished State Representative, Ben has dedicated his life to serving his Community. In the State House, he is fighting tirelessly to Protect ""Hoosier"" Values, Grow our Economy, Cut Taxes and Regulations, Champion American Energy DOMINANCE, Promote MADE IN THE U.S.A., Stop Migrant Crime, Strengthen our Military/Veterans, Ensure LAW AND ORDER, Safeguard our Elections, and Defend our always under siege Second Amendment. Ben Smaltz has my Complete and Total Endorsement for Re-Election — HE WILL NEVER LET YOU DOWN! State Representative Ben Smaltz is a Highly Effective Champion for the Wonderful People of Indiana’s 52nd State House District! A Respected Businessman and DeKalb County Council Member, prior to becoming a distinguished State Representative, Ben has dedicated his life to serving his Community. In the State House, he is fighting tirelessly to Protect ""Hoosier"" Values, Grow our Economy, Cut Taxes and Regulations, Champion American Energy DOMINANCE, Promote MADE IN THE U.S.A., Stop Migrant Crime, Strengthen our Military/Veterans, Ensure LAW AND ORDER, Safeguard our Elections, and Defend our always under siege Second Amendment. Ben Smaltz has my Complete and Total Endorsement for Re-Election — HE WILL NEVER LET YOU DOWN!"
@realDonaldTrump,2026-04-07 14:14,https://truthsocial.com/@realDonaldTrump/posts/116365253757288920,"State Representative Tony Isa is an America First Patriot who is doing a fantastic job representing Indiana’s 51st State House District! A Successful Entrepreneur and Owner of “Scoops Ice Cream” in Angola, in addition to being a highly effective State Representative, Tony has dedicated his life to serving his Community. In the State House, he is working tirelessly to Protect ""Hoosier"" Values, Grow our Economy, Cut Taxes and Regulations, Promote MADE IN THE U.S.A., Champion American Energy DOMINANCE, Stop Migrant Crime, Strengthen our Military/Veterans, Advance Election Integrity, Promote School Choice, and Defend our always under siege Second Amendment. Tony Isa has my Complete and Total Endorsement for Re-Election — HE WILL NEVER LET YOU DOWN! State Representative Tony Isa is an America First Patriot who is doing a fantastic job representing Indiana’s 51st State House District! A Successful Entrepreneur and Owner of “Scoops Ice Cream” in Angola, in addition to being a highly effective State Representative, Tony has dedicated his life to serving his Community. In the State House, he is working tirelessly to Protect ""Hoosier"" Values, Grow our Economy, Cut Taxes and Regulations, Promote MADE IN THE U.S.A., Champion American Energy DOMINANCE, Stop Migrant Crime, Strengthen our Military/Veterans, Advance Election Integrity, Promote School Choice, and Defend our always under siege Second Amendment. Tony Isa has my Complete and Total Endorsement for Re-Election — HE WILL NEVER LET YOU DOWN!"
@realDonaldTrump,2026-04-07 14:13,https://truthsocial.com/@realDonaldTrump/posts/116365252287627343,"State Representative Bruce Borders is a MAGA Warrior who is doing an incredible job representing Indiana’s 45th State House District! A successful Businessman, and former Mayor of Jasonville, prior to becoming a Highly Respected State Representative, Bruce has dedicated his life to serving his Community. In the State House, he is working tirelessly to Protect ""Hoosier"" Values, Grow our Economy, Cut Taxes and Regulations, Champion American Energy DOMINANCE, Promote MADE IN THE U.S.A., Stop Migrant Crime, Strengthen our Military/Veterans, Safeguard our Elections, and Defend our always under siege Second Amendment. Bruce Borders has my Complete and Total Endorsement for Re-Election — HE WILL NEVER LET YOU DOWN! State Representative Bruce Borders is a MAGA Warrior who is doing an incredible job representing Indiana’s 45th State House District! A successful Businessman, and former Mayor of Jasonville, prior to becoming a Highly Respected State Representative, Bruce has dedicated his life to serving his Community. In the State House, he is working tirelessly to Protect ""Hoosier"" Values, Grow our Economy, Cut Taxes and Regulations, Champion American Energy DOMINANCE, Promote MADE IN THE U.S.A., Stop Migrant Crime, Strengthen our Military/Veterans, Safeguard our Elections, and Defend our always under siege Second Amendment. Bruce Borders has my Complete and Total Endorsement for Re-Election — HE WILL NEVER LET YOU DOWN!"
@realDonaldTrump,2026-04-07 14:13,https://truthsocial.com/@realDonaldTrump/posts/116365251753401925,"State Representative Beau Baird is a Strong Champion for the Great People of Indiana’s 44th State House District! A Highly Respected Businessman and Rancher, prior to becoming a distinguished State Representative, Beau has dedicated his life to serving his Community. In the State House, he is working hard to Protect ""Hoosier"" Values, Grow our Economy, Cut Taxes and Regulations, Champion our Amazing Farmers and Ranchers, Promote MADE IN THE U.S.A., Stop Migrant Crime, Strengthen our Military/Veterans, Ensure LAW AND ORDER, Advance Election Integrity, and Defend our always under siege Second Amendment. Beau Baird has my Complete and Total Endorsement for Re-Election — HE WILL NEVER LET YOU DOWN! State Representative Beau Baird is a Strong Champion for the Great People of Indiana’s 44th State House District! A Highly Respected Businessman and Rancher, prior to becoming a distinguished State Representative, Beau has dedicated his life to serving his Community. In the State House, he is working hard to Protect ""Hoosier"" Values, Grow our Economy, Cut Taxes and Regulations, Champion our Amazing Farmers and Ranchers, Promote MADE IN THE U.S.A., Stop Migrant Crime, Strengthen our Military/Veterans, Ensure LAW AND ORDER, Advance Election Integrity, and Defend our always under siege Second Amendment. Beau Baird has my Complete and Total Endorsement for Re-Election — HE WILL NEVER LET YOU DOWN!"
@realDonaldTrump,2026-04-07 14:13,https://truthsocial.com/@realDonaldTrump/posts/116365250563239892,"State Representative Jeff Thompson is doing a tremendous job representing the Great People of Indiana’s 28th State House District! A former Educator and Farmer, Jeff is a strong and effective Voice for Indiana Agriculture, and our amazing Farmers and Ranchers. In the State House, he is fighting tirelessly to Protect “Hoosier” Values, Grow our Economy, Cut Taxes and Regulations, Promote MADE IN THE U.S.A. and American Energy DOMINANCE, Safeguard our Elections, Stop Migrant Crime, Strengthen our Military/Veterans, and Defend our always under siege Second Amendment. Jeff Thompson has my Complete and Total Endorsement for Re-Election — HE WILL NEVER LET YOU DOWN! State Representative Jeff Thompson is doing a tremendous job representing the Great People of Indiana’s 28th State House District! A former Educator and Farmer, Jeff is a strong and effective Voice for Indiana Agriculture, and our amazing Farmers and Ranchers. In the State House, he is fighting tirelessly to Protect “Hoosier” Values, Grow our Economy, Cut Taxes and Regulations, Promote MADE IN THE U.S.A. and American Energy DOMINANCE, Safeguard our Elections, Stop Migrant Crime, Strengthen our Military/Veterans, and Defend our always under siege Second Amendment. Jeff Thompson has my Complete and Total Endorsement for Re-Election — HE WILL NEVER LET YOU DOWN!"
@realDonaldTrump,2026-04-07 14:13,https://truthsocial.com/@realDonaldTrump/posts/116365249949047159,"State Representative Craig Snow is a MAGA Warrior who is doing a tremendous job representing Indiana’s 22nd State House District! A successful Businessman, Craig knows the AMERICA FIRST Policies necessary to Create GREAT Jobs, Promote MADE IN THE U.S.A., Unleash Innovation, and Advance American Energy DOMINANCE. In the State House, he is fighting tirelessly to Protect “Hoosier” Values, Grow our Economy, Cut Taxes and Regulations, Stop Migrant Crime, Support our Brave Military/Veterans, Safeguard our Elections, and Defend our always under siege Second Amendment. Craig Snow has my Complete and Total Endorsement for Re-Election — HE WILL NEVER LET YOU DOWN! State Representative Craig Snow is a MAGA Warrior who is doing a tremendous job representing Indiana’s 22nd State House District! A successful Businessman, Craig knows the AMERICA FIRST Policies necessary to Create GREAT Jobs, Promote MADE IN THE U.S.A., Unleash Innovation, and Advance American Energy DOMINANCE. In the State House, he is fighting tirelessly to Protect “Hoosier” Values, Grow our Economy, Cut Taxes and Regulations, Stop Migrant Crime, Support our Brave Military/Veterans, Safeguard our Elections, and Defend our always under siege Second Amendment. Craig Snow has my Complete and Total Endorsement for Re-Election — HE WILL NEVER LET YOU DOWN!"
@realDonaldTrump,2026-04-07 13:17,https://truthsocial.com/@realDonaldTrump/posts/116365028482706995,"To the Great Patriots in Georgia’s 14th Congressional District: GET OUT AND VOTE TODAY for a fantastic Candidate, Clay Fuller, who has my Complete and Total Endorsement! Polls are open from 7:00 A.M to 7:00 P.M. IF YOU ARE IN LINE BY 7 P.M., STAY IN LINE, AND THEY MUST LET YOU VOTE. GET OUT AND VOTE FOR CLAY FULLER — HE WILL NEVER LET YOU DOWN! Find your Voting Location at: https://swampthevoteusa.com/georgia/ To the Great Patriots in Georgia’s 14th Congressional District: GET OUT AND VOTE TODAY for a fantastic Candidate, Clay Fuller, who has my Complete and Total Endorsement! Polls are open from 7:00 A.M to 7:00 P.M. IF YOU ARE IN LINE BY 7 P.M., STAY IN LINE, AND THEY MUST LET YOU VOTE. GET OUT AND VOTE FOR CLAY FULLER — HE WILL NEVER LET YOU DOWN! Find your Voting Location at: https://swampthevoteusa.com/georgia/"
@realDonaldTrump,2026-04-07 06:06,https://truthsocial.com/@realDonaldTrump/posts/116363336033995961,"A whole civilization will die tonight, never to be brought back again. I don’t want that to happen, but it probably will. However, now that we have Complete and Total Regime Change, where different, smarter, and less radicalized minds prevail, maybe something revolutionarily wonderful can happen, WHO KNOWS? We will find out tonight, one of the most important moments in the long and complex history of the World. 47 years of extortion, corruption, and death, will finally end. God Bless the Great People of Iran! A whole civilization will die tonight, never to be brought back again. I don’t want that to happen, but it probably will. However, now that we have Complete and Total Regime Change, where different, smarter, and less radicalized minds prevail, maybe something revolutionarily wonderful can happen, WHO KNOWS? We will find out tonight, one of the most important moments in the long and complex history of the World. 47 years of extortion, corruption, and death, will finally end. God Bless the Great People of Iran!"
@realDonaldTrump,2026-04-06 19:54,https://truthsocial.com/@realDonaldTrump/posts/116360927697862375,"Tell Shannon Bream of FoxNews that it’s not the Save Act, it’s the Save America Act, a big difference! Also, when she insists on having lightweight Democrat Congressmen, such as Jake Auchincloss, on her not very hard hitting show, she should correct them when they spew out Democrat propaganda and lies. She never does! I always close deals, unlike the Dems, and did great with China in every way, also, unlike the Dems! For Fox executives only, take Jessica Tarlov off the air. She is, from her voice, to her lies, and everything else about her, one of the worst “personalities” on television, a real loser! People cannot stand watching her. Thank you for your attention to this matter! President DJT Tell Shannon Bream of FoxNews that it’s not the Save Act, it’s the Save America Act, a big difference! Also, when she insists on having lightweight Democrat Congressmen, such as Jake Auchincloss, on her not very hard hitting show, she should correct them when they spew out Democrat propaganda and lies. She never does! I always close deals, unlike the Dems, and did great with China in every way, also, unlike the Dems! For Fox executives only, take Jessica Tarlov off the air. She is, from her voice, to her lies, and everything else about her, one of the worst “personalities” on television, a real loser! People cannot stand watching her. Thank you for your attention to this matter! President DJT"
@realDonaldTrump,2026-04-06 19:13,https://truthsocial.com/@realDonaldTrump/posts/116360767027115214,"There is a very important Special Election tomorrow, Tuesday, April 7th, in Georgia’s 14th Congressional District! I am asking all Republicans, America First Patriots, and MAGA Warriors, to please GET OUT AND VOTE for a fantastic Candidate, Clay Fuller, who has my Complete and Total Endorsement! GA-14: Polls are open from 7:00 A.M to 7:00 P.M. IF YOU ARE IN LINE BY 7 P.M., STAY IN LINE, AND THEY MUST LET YOU VOTE! Election Day is TOMORROW, April 7th. GET OUT AND VOTE, VOTE, VOTE FOR CLAY FULLER — HE WILL NEVER LET YOU DOWN! Find your Voting Location at: https://swampthevoteusa.com/georgia/ There is a very important Special Election tomorrow, Tuesday, April 7th, in Georgia’s 14th Congressional District! I am asking all Republicans, America First Patriots, and MAGA Warriors, to please GET OUT AND VOTE for a fantastic Candidate, Clay Fuller, who has my Complete and Total Endorsement! GA-14: Polls are open from 7:00 A.M to 7:00 P.M. IF YOU ARE IN LINE BY 7 P.M., STAY IN LINE, AND THEY MUST LET YOU VOTE! Election Day is TOMORROW, April 7th. GET OUT AND VOTE, VOTE, VOTE FOR CLAY FULLER — HE WILL NEVER LET YOU DOWN! Find your Voting Location at: https://swampthevoteusa.com/georgia/"
@realDonaldTrump,2026-04-06 13:54,https://truthsocial.com/@realDonaldTrump/posts/116359512676837910,Done!https://nypost.com/2026/02/10/opinion/trumps-about-to-cancel-obamas-most-outrageous-power-grab/ Done!https://nypost.com/2026/02/10/opinion/trumps-about-to-cancel-obamas-most-outrageous-power-grab/
@realDonaldTrump,2026-04-06 13:53,https://truthsocial.com/@realDonaldTrump/posts/116359510914035127,"Fewer experts see climate change as global security threat, survey finds: https://www.semafor.com/article/02/12/2026/fewer-experts-see-climate-change-as-global-security-threat-survey-finds Fewer experts see climate change as global security threat, survey finds: https://www.semafor.com/article/02/12/2026/fewer-experts-see-climate-change-as-global-security-threat-survey-finds"
@realDonaldTrump,2026-04-06 13:52,https://truthsocial.com/@realDonaldTrump/posts/116359506947013784,GREGG JARRETT: Don Lemon left his press pass at the door when he joined church-storming mob: https://www.foxnews.com/opinion/gregg-jarrett-don-lemon-left-his-press-pass-door-when-he-joined-church-storming-mob GREGG JARRETT: Don Lemon left his press pass at the door when he joined church-storming mob: https://www.foxnews.com/opinion/gregg-jarrett-don-lemon-left-his-press-pass-door-when-he-joined-church-storming-mob
@realDonaldTrump,2026-04-06 05:08,https://truthsocial.com/@realDonaldTrump/posts/116357443851465857,Great going Freedom Caucus. Proud of you!!! President DJT Great going Freedom Caucus. Proud of you!!! President DJT
@realDonaldTrump,2026-04-05 23:21,https://truthsocial.com/@realDonaldTrump/posts/116356081038721731,"I have known and respected Steve Hilton, who is running for Governor of California, for many years. He is a truly fine man, one who has watched as this once great State has gone to Hell. Gavin Newscum and the Democrats have done an absolutely horrendous job. People are fleeing, crime is increasing, and Taxes are the highest of any State in the Country, maybe the World. Steve can turn it around, before it is too late, and, as President, I will help him to do so! With Federal help, and a Great Governor, like Steve Hilton, California can be better than ever before! Steve Hilton has my COMPLETE & TOTAL ENDORSEMENT. He will be a GREAT Governor and, importantly, WILL NEVER LET YOU DOWN!!! President DONALD J. TRUMP I have known and respected Steve Hilton, who is running for Governor of California, for many years. He is a truly fine man, one who has watched as this once great State has gone to Hell. Gavin Newscum and the Democrats have done an absolutely horrendous job. People are fleeing, crime is increasing, and Taxes are the highest of any State in the Country, maybe the World. Steve can turn it around, before it is too late, and, as President, I will help him to do so! With Federal help, and a Great Governor, like Steve Hilton, California can be better than ever before! Steve Hilton has my COMPLETE & TOTAL ENDORSEMENT. He will be a GREAT Governor and, importantly, WILL NEVER LET YOU DOWN!!! President DONALD J. TRUMP"
@realDonaldTrump,2026-04-05 22:57,https://truthsocial.com/@realDonaldTrump/posts/116355984273646320,"It’s too bad that the Supreme Court can’t watch and study the Mark Levin Show tonight on the Birthright Citizenship Scam. If they saw it they would never allow that money making HOAX to continue. THEY SHOULD USE THEIR POWERS OF COMMON SENSE FOR THE GOOD OF OUR COUNTRY. They failed miserably on Tariffs, needlessly costing the USA Hundreds of Billions of Dollars in potential rebates for the benefit haters and scammers. Why??? Don’t do it again! The Country can only withstand so many bad decisions from a Court that just doesn’t seem to care. It’s too bad that the Supreme Court can’t watch and study the Mark Levin Show tonight on the Birthright Citizenship Scam. If they saw it they would never allow that money making HOAX to continue. THEY SHOULD USE THEIR POWERS OF COMMON SENSE FOR THE GOOD OF OUR COUNTRY. They failed miserably on Tariffs, needlessly costing the USA Hundreds of Billions of Dollars in potential rebates for the benefit haters and scammers. Why??? Don’t do it again! The Country can only withstand so many bad decisions from a Court that just doesn’t seem to care."
@realDonaldTrump,2026-04-05 15:36,https://truthsocial.com/@realDonaldTrump/posts/116354251748024980,"Such a shining light. Rest in peace, Sheridan, you will be greatly missed!!! President DONALD J. TRUMP Such a shining light. Rest in peace, Sheridan, you will be greatly missed!!! President DONALD J. TRUMP"
@realDonaldTrump,2026-04-05 15:11,https://truthsocial.com/@realDonaldTrump/posts/116354152932812276,Vanessa is AMAZING! Vanessa is AMAZING!
@realDonaldTrump,2026-04-05 10:38,https://truthsocial.com/@realDonaldTrump/posts/116353078945787501,"Tuesday, 8:00 P.M. Eastern Time! Tuesday, 8:00 P.M. Eastern Time!"
@realDonaldTrump,2026-04-05 06:03,https://truthsocial.com/@realDonaldTrump/posts/116351998782539414,"Tuesday will be Power Plant Day, and Bridge Day, all wrapped up in one, in Iran. There will be nothing like it!!! Open the Fuckin’ Strait, you crazy bastards, or you’ll be living in Hell - JUST WATCH! Praise be to Allah. President DONALD J. TRUMP Tuesday will be Power Plant Day, and Bridge Day, all wrapped up in one, in Iran. There will be nothing like it!!! Open the Fuckin’ Strait, you crazy bastards, or you’ll be living in Hell - JUST WATCH! Praise be to Allah. President DONALD J. TRUMP"
@realDonaldTrump,2026-04-04 22:08,https://truthsocial.com/@realDonaldTrump/posts/116350133044957842,"FROM PRESIDENT DONALD J. TRUMPWE GOT HIM! My fellow Americans, over the past several hours, the United States Military pulled off one of the most daring Search and Rescue Operations in U.S. History, for one of our incredible Crew Member Officers, who also happens to be a highly respected Colonel, and who I am thrilled to let you know is now SAFE and SOUND! This brave Warrior was behind enemy lines in the treacherous mountains of Iran, being hunted down by our enemies, who were getting closer and closer by the hour, but was never truly alone because his Commander in Chief, Secretary of War, Chairman of the Joint Chiefs of Staff, and fellow Warfighters were monitoring his location 24 hours a day, and diligently planning for his rescue. At my direction, the U.S. Military sent dozens of aircraft, armed with the most lethal weapons in the World, to retrieve him. He sustained injuries, but he will be just fine. This miraculous Search and Rescue Operation comes in addition to a successful rescue of another brave Pilot, yesterday, which we did not confirm, because we did not want to jeopardize our second rescue operation. This is the first time in military memory that two U.S. Pilots have been rescued, separately, deep in Enemy Territory. WE WILL NEVER LEAVE AN AMERICAN WARFIGHTER BEHIND! The fact that we were able to pull off both of these operations, without a SINGLE American killed, or even wounded, just proves once again, that we have achieved overwhelming Air Dominance and Superiority over the Iranian skies. This is a moment that ALL Americans, Republican, Democrat, and everyone else, should be proud of and united around. We truly have the best, most professional, and lethal Military in the History of the World. GOD BLESS AMERICA, GOD BLESS OUR TROOPS, AND HAPPY EASTER TO ALL! FROM PRESIDENT DONALD J. TRUMP WE GOT HIM! My fellow Americans, over the past several hours, the United States Military pulled off one of the most daring Search and Rescue Operations in U.S. History, for one of our incredible Crew Member Officers, who also happens to be a highly respected Colonel, and who I am thrilled to let you know is now SAFE and SOUND! This brave Warrior was behind enemy lines in the treacherous mountains of Iran, being hunted down by our enemies, who were getting closer and closer by the hour, but was never truly alone because his Commander in Chief, Secretary of War, Chairman of the Joint Chiefs of Staff, and fellow Warfighters were monitoring his location 24 hours a day, and diligently planning for his rescue. At my direction, the U.S. Military sent dozens of aircraft, armed with the most lethal weapons in the World, to retrieve him. He sustained injuries, but he will be just fine. This miraculous Search and Rescue Operation comes in addition to a successful rescue of another brave Pilot, yesterday, which we did not confirm, because we did not want to jeopardize our second rescue operation. This is the first time in military memory that two U.S. Pilots have been rescued, separately, deep in Enemy Territory. WE WILL NEVER LEAVE AN AMERICAN WARFIGHTER BEHIND! The fact that we were able to pull off both of these operations, without a SINGLE American killed, or even wounded, just proves once again, that we have achieved overwhelming Air Dominance and Superiority over the Iranian skies. This is a moment that ALL Americans, Republican, Democrat, and everyone else, should be proud of and united around. We truly have the best, most professional, and lethal Military in the History of the World. GOD BLESS AMERICA, GOD BLESS OUR TROOPS, AND HAPPY EASTER TO ALL!"
@realDonaldTrump,2026-04-04 14:37,https://truthsocial.com/@realDonaldTrump/posts/116348358117196662,"Many of Iran’s Military Leaders, who have led them poorly and unwisely, are terminated, along with much else, with this massive strike in Tehran! President DONALD J. TRUMP Many of Iran’s Military Leaders, who have led them poorly and unwisely, are terminated, along with much else, with this massive strike in Tehran! President DONALD J. TRUMP"
@realDonaldTrump,2026-04-04 07:32,https://truthsocial.com/@realDonaldTrump/posts/116346686438015338,"Not only were the jobs numbers GREAT yesterday, 178,000 new jobs, but the TRADE DEFICIT was down 55%, the biggest drop in history. THANK YOU MR. TARIFF! All of this and, simultaneously, getting rid of a Nuclear Iran. MAGA!!! Not only were the jobs numbers GREAT yesterday, 178,000 new jobs, but the TRADE DEFICIT was down 55%, the biggest drop in history. THANK YOU MR. TARIFF! All of this and, simultaneously, getting rid of a Nuclear Iran. MAGA!!!"
@realDonaldTrump,2026-04-04 07:24,https://truthsocial.com/@realDonaldTrump/posts/116346654846871260,"The Failing New York Times, whose lack of credibility, and their constant Fake News attacks on your favorite President, ME, has caused its circulation to absolutely PLUMMET, referred to our severely weakened and extremely unreliable “partner,”NATO, as the North American Treaty Organization. The correct name is the North Atlantic Treaty Organization - A very interesting mistake! The hiring and educational standards have gone way down at the NYT. Bring back, “ALL THE NEWS THAT’S FIT TO PRINT” and, Make America Great Again! President DJT The Failing New York Times, whose lack of credibility, and their constant Fake News attacks on your favorite President, ME, has caused its circulation to absolutely PLUMMET, referred to our severely weakened and extremely unreliable “partner,”NATO, as the North American Treaty Organization. The correct name is the North Atlantic Treaty Organization - A very interesting mistake! The hiring and educational standards have gone way down at the NYT. Bring back, “ALL THE NEWS THAT’S FIT TO PRINT” and, Make America Great Again! President DJT"
@realDonaldTrump,2026-04-03 21:21,https://truthsocial.com/@realDonaldTrump/posts/116344282496536118,Believers and people of faith find safe harbor in Trump's White House this Easter: https://justthenews.com/government/white-house/he-risen-faith-finds-safe-harbor-trump-white-house Believers and people of faith find safe harbor in Trump's White House this Easter: https://justthenews.com/government/white-house/he-risen-faith-finds-safe-harbor-trump-white-house
@realDonaldTrump,2026-04-03 21:03,https://truthsocial.com/@realDonaldTrump/posts/116344212584161103,"178,000 new jobs in March. Unemployment DOWN. Great numbers by all accounts, even the Fake News. MAGA! 178,000 new jobs in March. Unemployment DOWN. Great numbers by all accounts, even the Fake News. MAGA!"
@realDonaldTrump,2026-04-03 15:53,https://truthsocial.com/@realDonaldTrump/posts/116342994589318293,"A very happy and blessed Good Friday to all, especially to the 186,000 Americans who gained Private Sector jobs in the month of March alone! My Economic Policies have created an enormously powerful engine of Economic Growth, and nothing can slow it down. Factory Construction Jobs are soaring as a result of the rapid Onshoring and surging Investment that TARIFFS have generated, all while the Trade Deficit has shrunk by 52% in a year! President DONALD J. TRUMP A very happy and blessed Good Friday to all, especially to the 186,000 Americans who gained Private Sector jobs in the month of March alone! My Economic Policies have created an enormously powerful engine of Economic Growth, and nothing can slow it down. Factory Construction Jobs are soaring as a result of the rapid Onshoring and surging Investment that TARIFFS have generated, all while the Trade Deficit has shrunk by 52% in a year! President DONALD J. TRUMP"
@realDonaldTrump,2026-04-03 13:20,https://truthsocial.com/@realDonaldTrump/posts/116342393448469434,"KEEP THE OIL, ANYONE? KEEP THE OIL, ANYONE?"
@realDonaldTrump,2026-04-03 06:22,https://truthsocial.com/@realDonaldTrump/posts/116340751005894827,"With a little more time, we can easily OPEN THE HORMUZ STRAIT, TAKE THE OIL, & MAKE A FORTUNE. IT WOULD BE A “GUSHER” FOR THE WORLD??? President DONALD J. TRUMP With a little more time, we can easily OPEN THE HORMUZ STRAIT, TAKE THE OIL, & MAKE A FORTUNE. IT WOULD BE A “GUSHER” FOR THE WORLD??? President DONALD J. TRUMP"
@realDonaldTrump,2026-04-02 19:21,https://truthsocial.com/@realDonaldTrump/posts/116338150251966000,Is Bruce Springsteen going to sue his plastic surgeon? Is Bruce Springsteen going to sue his plastic surgeon?
@realDonaldTrump,2026-04-02 16:32,https://truthsocial.com/@realDonaldTrump/posts/116337483523761845,"I would like to thank the hardworking Commissioners and Staff of the National Capital Planning Commission, who just voted overwhelmingly, 8-1, to approve the magnificent White House Ballroom now rising on this Hallowed Ground. I am pleased to announce that even Board Member Senator Rand Paul, known as an extraordinarily difficult vote, voted a strong YES. For more than 150 years, every President has dreamt about having a Ballroom at the White House to accommodate people for Grand Parties, State Visits, and even, in the Modern Day, Inaugurations. I am honored to be the first President to finally get this much-needed project, which is on time and under budget, underway. When completed, it will be the Greatest and Most Beautiful Ballroom of its kind anywhere in the World, and a fabulous complement to our Beautiful and Storied White House! President DONALD J. TRUMP I would like to thank the hardworking Commissioners and Staff of the National Capital Planning Commission, who just voted overwhelmingly, 8-1, to approve the magnificent White House Ballroom now rising on this Hallowed Ground. I am pleased to announce that even Board Member Senator Rand Paul, known as an extraordinarily difficult vote, voted a strong YES. For more than 150 years, every President has dreamt about having a Ballroom at the White House to accommodate people for Grand Parties, State Visits, and even, in the Modern Day, Inaugurations. I am honored to be the first President to finally get this much-needed project, which is on time and under budget, underway. When completed, it will be the Greatest and Most Beautiful Ballroom of its kind anywhere in the World, and a fabulous complement to our Beautiful and Storied White House! President DONALD J. TRUMP"
@realDonaldTrump,2026-04-02 11:17,https://truthsocial.com/@realDonaldTrump/posts/116336247856387679,"Pam Bondi is a Great American Patriot and a loyal friend, who faithfully served as my Attorney General over the past year. Pam did a tremendous job overseeing a massive crackdown in Crime across our Country, with Murders plummeting to their lowest level since 1900. We love Pam, and she will be transitioning to a much needed and important new job in the private sector, to be announced at a date in the near future, and our Deputy Attorney General, and a very talented and respected Legal Mind, Todd Blanche, will step in to serve as Acting Attorney General. Thank you for your attention to this matter! President DONALD J. TRUMP Pam Bondi is a Great American Patriot and a loyal friend, who faithfully served as my Attorney General over the past year. Pam did a tremendous job overseeing a massive crackdown in Crime across our Country, with Murders plummeting to their lowest level since 1900. We love Pam, and she will be transitioning to a much needed and important new job in the private sector, to be announced at a date in the near future, and our Deputy Attorney General, and a very talented and respected Legal Mind, Todd Blanche, will step in to serve as Acting Attorney General. Thank you for your attention to this matter! President DONALD J. TRUMP"
@realDonaldTrump,2026-04-02 10:37,https://truthsocial.com/@realDonaldTrump/posts/116336091138489301,"The biggest bridge in Iran comes tumbling down, never to be used again — Much more to follow! IT IS TIME FOR IRAN TO MAKE A DEAL BEFORE IT IS TOO LATE, AND THERE IS NOTHING LEFT OF WHAT STILL COULD BECOME A GREAT COUNTRY! President DONALD J. TRUMP The biggest bridge in Iran comes tumbling down, never to be used again — Much more to follow! IT IS TIME FOR IRAN TO MAKE A DEAL BEFORE IT IS TOO LATE, AND THERE IS NOTHING LEFT OF WHAT STILL COULD BECOME A GREAT COUNTRY! President DONALD J. TRUMP"
@realDonaldTrump,2026-04-02 08:33,https://truthsocial.com/@realDonaldTrump/posts/116335602592937497,"Thank you to all of our Great Congressional Republicans, House Speaker Mike Johnson, and Senate Leader John Thune, for their work this week. Republicans are UNIFIED, and moving forward on a plan that will reload funding for our FANTASTIC Border Patrol and Immigration Enforcement Officers. Because the Democrats are fully and 100% committed to the Radical Left Policy of Open Borders and Zero Immigration Enforcement (which will hopefully cost them dearly in the Midterms!), allowing Murderers and Criminals of all types into our Country, totally unchecked and unvetted, I will soon sign an order to pay ALL of the incredible employees at the Department of Homeland Security. Their families have suffered far too long at the hands of the Extreme Liberal “Leaders,” Cryin’ Chuck Schumer and Hakeem “High Tax” Jeffries. Nevertheless, help is on the way for our Brave and Patriotic Public Servants who have continued to work hard, and do their part to protect and defend our Country. Thank you for your attention to this matter! President DONALD J. TRUMP Thank you to all of our Great Congressional Republicans, House Speaker Mike Johnson, and Senate Leader John Thune, for their work this week. Republicans are UNIFIED, and moving forward on a plan that will reload funding for our FANTASTIC Border Patrol and Immigration Enforcement Officers. Because the Democrats are fully and 100% committed to the Radical Left Policy of Open Borders and Zero Immigration Enforcement (which will hopefully cost them dearly in the Midterms!), allowing Murderers and Criminals of all types into our Country, totally unchecked and unvetted, I will soon sign an order to pay ALL of the incredible employees at the Department of Homeland Security. Their families have suffered far too long at the hands of the Extreme Liberal “Leaders,” Cryin’ Chuck Schumer and Hakeem “High Tax” Jeffries. Nevertheless, help is on the way for our Brave and Patriotic Public Servants who have continued to work hard, and do their part to protect and defend our Country. Thank you for your attention to this matter! President DONALD J. TRUMP"
@realDonaldTrump,2026-04-02 05:15,https://truthsocial.com/@realDonaldTrump/posts/116334821717037813,Kangaroo Court!!! Kangaroo Court!!!
@realDonaldTrump,2026-04-01 21:43,https://truthsocial.com/@realDonaldTrump/posts/116333046471233968,Donald Trump - Clip from every year from 1980 to 2024:https://m.youtube.com/watch?v=-luF0nLlM3A&pp=0gcJCcQBo7VqN5tD Donald Trump - Clip from every year from 1980 to 2024:https://m.youtube.com/watch?v=-luF0nLlM3A&pp=0gcJCcQBo7VqN5tD
@realDonaldTrump,2026-04-01 20:55,https://truthsocial.com/@realDonaldTrump/posts/116332857814797772,Douglas Murray: Deranged Tucker Carlson backstabs Trump: https://nypost.com/2026/03/19/opinion/deranged-tucker-carlson-backstabs-trump/ Douglas Murray: Deranged Tucker Carlson backstabs Trump: https://nypost.com/2026/03/19/opinion/deranged-tucker-carlson-backstabs-trump/
@realDonaldTrump,2026-04-01 20:55,https://truthsocial.com/@realDonaldTrump/posts/116332855637584819,Democratic pollster: Benefit of defanging Iran far outweighs cost of war: https://nypost.com/2026/04/01/opinion/democratic-pollster-benefit-of-defanging-iran-far-outweighs-cost-of-war/ Democratic pollster: Benefit of defanging Iran far outweighs cost of war: https://nypost.com/2026/04/01/opinion/democratic-pollster-benefit-of-defanging-iran-far-outweighs-cost-of-war/
@realDonaldTrump,2026-04-01 17:14,https://truthsocial.com/@realDonaldTrump/posts/116331990038819932,"It is my Honor to nominate Mike Hendershot to serve as Judge on the United States District Court for the Northern District of Ohio! As Chief Deputy State Solicitor, Mike has strongly, and successfully, represented Ohio in Election Law cases, and challenged the Radical Left Policies of the Obama and Biden Administrations. Mike has a J.D. from University of Virginia, a B.A. from Ohio Wesleyan University, and distinguished himself as clerk for Judge Jerry Smith of the Fifth Circuit, and Justice Terrence O’Donnell of the Supreme Court of Ohio. He will be a strong Judge for The Great State of Ohio, which I love, and won big, three times. Congratulations Mike! It is my Honor to nominate Mike Hendershot to serve as Judge on the United States District Court for the Northern District of Ohio! As Chief Deputy State Solicitor, Mike has strongly, and successfully, represented Ohio in Election Law cases, and challenged the Radical Left Policies of the Obama and Biden Administrations. Mike has a J.D. from University of Virginia, a B.A. from Ohio Wesleyan University, and distinguished himself as clerk for Judge Jerry Smith of the Fifth Circuit, and Justice Terrence O’Donnell of the Supreme Court of Ohio. He will be a strong Judge for The Great State of Ohio, which I love, and won big, three times. Congratulations Mike!"
@realDonaldTrump,2026-04-01 17:14,https://truthsocial.com/@realDonaldTrump/posts/116331986972530622,"I am pleased to nominate Arthur “Rob” Jones to serve on the United States District Court for the Southern District of Texas. Before becoming Executive Assistant U.S. Attorney for the Southern District of Texas, Rob was a longtime Assistant U.S. Attorney in Laredo. He understands a Strong Border is a matter of National Security, and has powerfully prosecuted Criminal Illegal Immigrants, and fought tirelessly to stop the flow of Illicit Drugs into our Country. I am confident Rob will continue to put America First in his new role. Congratulations Rob! I am pleased to nominate Arthur “Rob” Jones to serve on the United States District Court for the Southern District of Texas. Before becoming Executive Assistant U.S. Attorney for the Southern District of Texas, Rob was a longtime Assistant U.S. Attorney in Laredo. He understands a Strong Border is a matter of National Security, and has powerfully prosecuted Criminal Illegal Immigrants, and fought tirelessly to stop the flow of Illicit Drugs into our Country. I am confident Rob will continue to put America First in his new role. Congratulations Rob!"
@realDonaldTrump,2026-04-01 17:13,https://truthsocial.com/@realDonaldTrump/posts/116331984748685770,"I am pleased to nominate John Marck to serve on the United States District Court for the Southern District of Texas. As Acting U.S. Attorney for the Southern District of Texas, John has worked tirelessly to help us deport Criminal Illegal Immigrants, and stop the trafficking of Lethal Drugs ravaging our Communities. Throughout his distinguished career, John has demonstrated that he has the Wisdom and Courage necessary to enforce the Rule of Law, and protect the Great People of our Country. I know he will continue to deliver strong results in his new role. Congratulations John! I am pleased to nominate John Marck to serve on the United States District Court for the Southern District of Texas. As Acting U.S. Attorney for the Southern District of Texas, John has worked tirelessly to help us deport Criminal Illegal Immigrants, and stop the trafficking of Lethal Drugs ravaging our Communities. Throughout his distinguished career, John has demonstrated that he has the Wisdom and Courage necessary to enforce the Rule of Law, and protect the Great People of our Country. I know he will continue to deliver strong results in his new role. Congratulations John!"
@realDonaldTrump,2026-04-01 10:52,https://truthsocial.com/@realDonaldTrump/posts/116330487356155648,"Republicans fully support our Great Men and Women of Law Enforcement, maybe the word should be, LOVE! America thanks each and every one of our wonderful Police, Border Patrol, ICE, and others, for their work to protect our Cities, Towns, Streets and, indeed, our Country itself.Unlike Republicans, Democrats want to DEFUND the Police, Border Patrol, and all Immigration Enforcement. They want to allow Criminals, the Mentally Insane, and Lunatics from all over the World to come into our Country, totally unvetted and unchecked, putting Americans in serious danger.That’s why we are going forward to fund our incredible ICE Agents and Border Patrol through a process that doesn’t need Radical Left Democrat votes, and bypasses the Senate Filibuster (which should be repealed, IMMEDIATELY!), working in close conjunction with House Speaker Mike Johnson and Senate Leader John Thune. We are going to work as fast, and as focused, as possible to replenish funding for our Border and ICE Agents, and the Radical Left Democrats won’t be able to stop us. We will not allow them to hurt the families of these Great Patriots by defunding them. I am asking that the Bill be on my desk NO LATER than June 1st. Our Law Enforcement Officers and the American People should not have to wait until the Democrats see reason or, learn the hard way through the Polls. Hopefully, everyone will be voting REPUBLICAN for the Midterms. Through simple unification, Republicans can do this without the Democrats!In the meantime, we will continue to use funding from THE GREAT BIG BEAUTIFUL BILL, which is giving Record Tax Rebates to Citizens all over the Country, to ensure that ICE and Border Patrol Agents are paid ON TIME, and IN FULL, as we have been doing for them throughout the Democrat Shutdown. Immigration Enforcement will continue, and our Border will remain secure, with no Murderers, Drug Dealers, or Criminals of any kind entering our Country.The American People should use this opportunity to reflect on the tens of millions of Illegal Aliens, including many Violent Criminals such as Murderers, Rapists, Human Traffickers, Child Molesters, and more, that Joe Biden and his Far Left Liberal Democrat Cronies in Congress (led by Hakeem Jeffries and Chuck Schumer) invited and allowed into our Country for the four years before I took office. These Radical, Weak, and Incompetent Democrats have made clear that if they resume power, they will never again provide funding to secure our Border, or enforce our Immigration Laws. The Democrats are the Party of Open Borders for Criminals, Crime, Zero Immigration Enforcement, Defunding the Police, and Allowing the Worst of the Worst to have “Get Out of Jail Free” Cards. They want America to be OPEN AND AVAILABLE to Violent Criminals, Thugs, and Lowlifes, not our Great and Loving American Patriots. Don’t forget that in November. WIN THE MIDTERMS! Thank you for your attention to this matter. President DONALD J. TRUMP Republicans fully support our Great Men and Women of Law Enforcement, maybe the word should be, LOVE! America thanks each and every one of our wonderful Police, Border Patrol, ICE, and others, for their work to protect our Cities, Towns, Streets and, indeed, our Country itself. Unlike Republicans, Democrats want to DEFUND the Police, Border Patrol, and all Immigration Enforcement. They want to allow Criminals, the Mentally Insane, and Lunatics from all over the World to come into our Country, totally unvetted and unchecked, putting Americans in serious danger. That’s why we are going forward to fund our incredible ICE Agents and Border Patrol through a process that doesn’t need Radical Left Democrat votes, and bypasses the Senate Filibuster (which should be repealed, IMMEDIATELY!), working in close conjunction with House Speaker Mike Johnson and Senate Leader John Thune. We are going to work as fast, and as focused, as possible to replenish funding for our Border and ICE Agents, and the Radical Left Democrats won’t be able to stop us. We will not allow them to hurt the families of these Great Patriots by defunding them. I am asking that the Bill be on my desk NO LATER than June 1st. Our Law Enforcement Officers and the American People should not have to wait until the Democrats see reason or, learn the hard way through the Polls. Hopefully, everyone will be voting REPUBLICAN for the Midterms. Through simple unification, Republicans can do this without the Democrats! In the meantime, we will continue to use funding from THE GREAT BIG BEAUTIFUL BILL, which is giving Record Tax Rebates to Citizens all over the Country, to ensure that ICE and Border Patrol Agents are paid ON TIME, and IN FULL, as we have been doing for them throughout the Democrat Shutdown. Immigration Enforcement will continue, and our Border will remain secure, with no Murderers, Drug Dealers, or Criminals of any kind entering our Country. The American People should use this opportunity to reflect on the tens of millions of Illegal Aliens, including many Violent Criminals such as Murderers, Rapists, Human Traffickers, Child Molesters, and more, that Joe Biden and his Far Left Liberal Democrat Cronies in Congress (led by Hakeem Jeffries and Chuck Schumer) invited and allowed into our Country for the four years before I took office. These Radical, Weak, and Incompetent Democrats have made clear that if they resume power, they will never again provide funding to secure our Border, or enforce our Immigration Laws. The Democrats are the Party of Open Borders for Criminals, Crime, Zero Immigration Enforcement, Defunding the Police, and Allowing the Worst of the Worst to have “Get Out of Jail Free” Cards. They want America to be OPEN AND AVAILABLE to Violent Criminals, Thugs, and Lowlifes, not our Great and Loving American Patriots. Don’t forget that in November. WIN THE MIDTERMS! Thank you for your attention to this matter. President DONALD J. TRUMP"
@realDonaldTrump,2026-04-01 10:20,https://truthsocial.com/@realDonaldTrump/posts/116330362125395500,We are the only Country in the World STUPID enough to allow “Birthright” Citizenship! President DONALD J. TRUMP We are the only Country in the World STUPID enough to allow “Birthright” Citizenship! President DONALD J. TRUMP
@realDonaldTrump,2026-04-01 06:44,https://truthsocial.com/@realDonaldTrump/posts/116329512466946656,"Iran’s New Regime President, much less Radicalized and far more intelligent than his predecessors, has just asked the United States of America for a CEASEFIRE! We will consider when Hormuz Strait is open, free, and clear. Until then, we are blasting Iran into oblivion or, as they say, back to the Stone Ages!!! President DJT Iran’s New Regime President, much less Radicalized and far more intelligent than his predecessors, has just asked the United States of America for a CEASEFIRE! We will consider when Hormuz Strait is open, free, and clear. Until then, we are blasting Iran into oblivion or, as they say, back to the Stone Ages!!! President DJT"
@realDonaldTrump,2026-03-31 14:57,https://truthsocial.com/@realDonaldTrump/posts/116325785902961629,"Birthright Citizenship has to do with the babies of slaves, not Chinese Billionaires who have 56 kids, all of whom “become” American Citizens. One of the many Great Scams of our time! President DONALD J. TRUMP Birthright Citizenship has to do with the babies of slaves, not Chinese Billionaires who have 56 kids, all of whom “become” American Citizens. One of the many Great Scams of our time! President DONALD J. TRUMP"
@realDonaldTrump,2026-03-31 14:29,https://truthsocial.com/@realDonaldTrump/posts/116325677707554016,"I have just met with various Political Representatives of the tragedy that took place in California concerning the burning of thousands of once beautiful homes. It was brought to my attention that the Insurance Companies, in particular, State Farm, have been absolutely horrible to people that have been paying them large Premiums for years, only to find that when tragedy struck, these horrendous Companies were not there to help! I have asked the Administrator of the U.S. Environmental Protection Agency, Lee Zeldin, to give me a list of the Companies who acted swiftly, courageously, and bravely in order to make their clients happy and, even more importantly, in order to fulfill their Legal obligations. Likewise, I have asked to see those Companies that were particularly bad. The names of some surprise me, but in the World in which we live, nothing really surprises me! State Farm, and others, should get their act together, and treat people fairly. The Government is looking into this matter as we speak! President DONALD J. TRUMP I have just met with various Political Representatives of the tragedy that took place in California concerning the burning of thousands of once beautiful homes. It was brought to my attention that the Insurance Companies, in particular, State Farm, have been absolutely horrible to people that have been paying them large Premiums for years, only to find that when tragedy struck, these horrendous Companies were not there to help! I have asked the Administrator of the U.S. Environmental Protection Agency, Lee Zeldin, to give me a list of the Companies who acted swiftly, courageously, and bravely in order to make their clients happy and, even more importantly, in order to fulfill their Legal obligations. Likewise, I have asked to see those Companies that were particularly bad. The names of some surprise me, but in the World in which we live, nothing really surprises me! State Farm, and others, should get their act together, and treat people fairly. The Government is looking into this matter as we speak! President DONALD J. TRUMP"
@realDonaldTrump,2026-03-31 13:12,https://truthsocial.com/@realDonaldTrump/posts/116325374279671384,"Secretary of the Interior Doug Burgum and I are working on fixing the absolutely filthy Reflecting Pool between the Lincoln Memorial and the Washington Monument. This work was supposed to be done by the Biden Administration, but Sleepy Joe doesn’t know what “CLEAN” or proper maintenance is — The President and Secretary do! Secretary of the Interior Doug Burgum and I are working on fixing the absolutely filthy Reflecting Pool between the Lincoln Memorial and the Washington Monument. This work was supposed to be done by the Biden Administration, but Sleepy Joe doesn’t know what “CLEAN” or proper maintenance is — The President and Secretary do!"
@realDonaldTrump,2026-03-31 07:21,https://truthsocial.com/@realDonaldTrump/posts/116323992527197622,"Melania and I are pleased to announce that Their Majesties, the King and Queen of the United Kingdom, will visit the United States for a Historic State Visit from April 27-30th, which will include a beautiful Banquet Dinner at the White House on the evening of April 28th. This momentous occasion will be even more special this year, as we commemorate the 250th Anniversary of our Great Country. I look forward to spending time with the King, whom I greatly respect. It will be TERRIFIC!DONALD J. TRUMPPRESIDENT OF THE UNITED STATES OF AMERICA Melania and I are pleased to announce that Their Majesties, the King and Queen of the United Kingdom, will visit the United States for a Historic State Visit from April 27-30th, which will include a beautiful Banquet Dinner at the White House on the evening of April 28th. This momentous occasion will be even more special this year, as we commemorate the 250th Anniversary of our Great Country. I look forward to spending time with the King, whom I greatly respect. It will be TERRIFIC! DONALD J. TRUMPPRESIDENT OF THE UNITED STATES OF AMERICA"
@realDonaldTrump,2026-03-31 07:15,https://truthsocial.com/@realDonaldTrump/posts/116323969849989366,Netanyahu to Newsmax: Trump Has Shown 'Tremendous Leadership': https://www.newsmax.com/newsmax-tv/benjamin-netanyahu-israel-donald-trump/2026/03/30/id/1251249/ Netanyahu to Newsmax: Trump Has Shown 'Tremendous Leadership': https://www.newsmax.com/newsmax-tv/benjamin-netanyahu-israel-donald-trump/2026/03/30/id/1251249/
@realDonaldTrump,2026-03-31 05:11,https://truthsocial.com/@realDonaldTrump/posts/116323481956698353,"All of those countries that can’t get jet fuel because of the Strait of Hormuz, like the United Kingdom, which refused to get involved in the decapitation of Iran, I have a suggestion for you: Number 1, buy from the U.S., we have plenty, and Number 2, build up some delayed courage, go to the Strait, and just TAKE IT. You’ll have to start learning how to fight for yourself, the U.S.A. won’t be there to help you anymore, just like you weren’t there for us. Iran has been, essentially, decimated. The hard part is done. Go get your own oil! President DJT All of those countries that can’t get jet fuel because of the Strait of Hormuz, like the United Kingdom, which refused to get involved in the decapitation of Iran, I have a suggestion for you: Number 1, buy from the U.S., we have plenty, and Number 2, build up some delayed courage, go to the Strait, and just TAKE IT. You’ll have to start learning how to fight for yourself, the U.S.A. won’t be there to help you anymore, just like you weren’t there for us. Iran has been, essentially, decimated. The hard part is done. Go get your own oil! President DJT"
@realDonaldTrump,2026-03-30 17:59,https://truthsocial.com/@realDonaldTrump/posts/116320838897987884,https://www.trumplibrary.org/ https://www.trumplibrary.org/
@realDonaldTrump,2026-03-30 06:27,https://truthsocial.com/@realDonaldTrump/posts/116318120548204193,The current war in Iran may prevent much greater bloodshed: https://thehill.com/opinion/national-security/5804535-the-current-war-in-iran-may-prevent-much-greater-bloodshed/ The current war in Iran may prevent much greater bloodshed: https://thehill.com/opinion/national-security/5804535-the-current-war-in-iran-may-prevent-much-greater-bloodshed/
@realDonaldTrump,2026-03-30 05:26,https://truthsocial.com/@realDonaldTrump/posts/116317880658472708,"The United States of America is in serious discussions with A NEW, AND MORE REASONABLE, REGIME to end our Military Operations in Iran. Great progress has been made but, if for any reason a deal is not shortly reached, which it probably will be, and if the Hormuz Strait is not immediately “Open for Business,” we will conclude our lovely “stay” in Iran by blowing up and completely obliterating all of their Electric Generating Plants, Oil Wells and Kharg Island (and possibly all desalinization plants!), which we have purposefully not yet “touched.” This will be in retribution for our many soldiers, and others, that Iran has butchered and killed over the old Regime’s 47 year “Reign of Terror.” Thank you for your attention to this matter. President DONALD J. TRUMP The United States of America is in serious discussions with A NEW, AND MORE REASONABLE, REGIME to end our Military Operations in Iran. Great progress has been made but, if for any reason a deal is not shortly reached, which it probably will be, and if the Hormuz Strait is not immediately “Open for Business,” we will conclude our lovely “stay” in Iran by blowing up and completely obliterating all of their Electric Generating Plants, Oil Wells and Kharg Island (and possibly all desalinization plants!), which we have purposefully not yet “touched.” This will be in retribution for our many soldiers, and others, that Iran has butchered and killed over the old Regime’s 47 year “Reign of Terror.” Thank you for your attention to this matter. President DONALD J. TRUMP"
@realDonaldTrump,2026-03-29 20:29,https://truthsocial.com/@realDonaldTrump/posts/116315768155415029,"Big day in Iran. Many long sought after targets have been taken out and destroyed by our GREAT MILITARY, the finest and most lethal in the World. God bless you all! President DJT Big day in Iran. Many long sought after targets have been taken out and destroyed by our GREAT MILITARY, the finest and most lethal in the World. God bless you all! President DJT"
@realDonaldTrump,2026-03-29 20:23,https://truthsocial.com/@realDonaldTrump/posts/116315744707013424,"Congratulations to a great guy, and golfer, Gary Woodland, on his big win today in the Texas Children’s Houston Open. He shot 21 under par! What a GREAT comeback from a serious health problem he has achieved. Gary is a total WINNER!!! President DONALD J. TRUMP Congratulations to a great guy, and golfer, Gary Woodland, on his big win today in the Texas Children’s Houston Open. He shot 21 under par! What a GREAT comeback from a serious health problem he has achieved. Gary is a total WINNER!!! President DONALD J. TRUMP"
@realDonaldTrump,2026-03-29 19:35,https://truthsocial.com/@realDonaldTrump/posts/116315554378575899,Top Trump Housing Official Seeks New Prosecution Of Letitia James: https://www.binnews.com/content/2026-03-26-top-trump-housing-official-seeks-new-prosecution-of-letitia-james/ Top Trump Housing Official Seeks New Prosecution Of Letitia James: https://www.binnews.com/content/2026-03-26-top-trump-housing-official-seeks-new-prosecution-of-letitia-james/
@realDonaldTrump,2026-03-29 19:31,https://truthsocial.com/@realDonaldTrump/posts/116315538702242081,Bill Pulte files new criminal referral against Trump foe Letitia James: https://www.washingtonexaminer.com/news/justice/4504109/bill-pulte-criminal-referral-letitia-james/ Bill Pulte files new criminal referral against Trump foe Letitia James: https://www.washingtonexaminer.com/news/justice/4504109/bill-pulte-criminal-referral-letitia-james/
@realDonaldTrump,2026-03-29 19:30,https://truthsocial.com/@realDonaldTrump/posts/116315536925726627,Trump housing chief requests new criminal investigation into Letitia James: https://www.theguardian.com/us-news/2026/mar/25/trump-letitia-james-mortgage-fraud-investigation-referral Trump housing chief requests new criminal investigation into Letitia James: https://www.theguardian.com/us-news/2026/mar/25/trump-letitia-james-mortgage-fraud-investigation-referral
@realDonaldTrump,2026-03-29 19:29,https://truthsocial.com/@realDonaldTrump/posts/116315533234465639,JUST IN: Federal Housing Regulator Bill Pulte Criminally Refers Embattled New York Attorney General Letitia James for Homeowner Insurance Fraud: https://www.thegatewaypundit.com/2026/03/housing-regulator-pulte-criminally-refers-embattled-new-york/ JUST IN: Federal Housing Regulator Bill Pulte Criminally Refers Embattled New York Attorney General Letitia James for Homeowner Insurance Fraud: https://www.thegatewaypundit.com/2026/03/housing-regulator-pulte-criminally-refers-embattled-new-york/
@realDonaldTrump,2026-03-29 19:27,https://truthsocial.com/@realDonaldTrump/posts/116315525048495482,Trump’s Housing Chief Seeks New DOJ Investigation Against Letitia James: https://www.forbes.com/sites/siladityaray/2026/03/26/trump-housing-official-seeks-new-criminal-investigation-against-letitia-james/ Trump’s Housing Chief Seeks New DOJ Investigation Against Letitia James: https://www.forbes.com/sites/siladityaray/2026/03/26/trump-housing-official-seeks-new-criminal-investigation-against-letitia-james/
@realDonaldTrump,2026-03-29 19:27,https://truthsocial.com/@realDonaldTrump/posts/116315523560021437,Trump admin makes new criminal referrals to DOJ targeting New York AG Letitia James: https://www.foxnews.com/politics/trump-admin-makes-new-criminal-referrals-doj-targeting-new-york-ag-letitia-james Trump admin makes new criminal referrals to DOJ targeting New York AG Letitia James: https://www.foxnews.com/politics/trump-admin-makes-new-criminal-referrals-doj-targeting-new-york-ag-letitia-james
@realDonaldTrump,2026-03-29 19:26,https://truthsocial.com/@realDonaldTrump/posts/116315522329057259,NY AG Letitia James hit with two more criminal referrals alleging possible insurance fraud: https://nypost.com/2026/03/25/us-news/ny-ag-letitia-james-hit-with-two-more-criminal-referrals-alleging-possible-insurance-fraud/ NY AG Letitia James hit with two more criminal referrals alleging possible insurance fraud: https://nypost.com/2026/03/25/us-news/ny-ag-letitia-james-hit-with-two-more-criminal-referrals-alleging-possible-insurance-fraud/
@realDonaldTrump,2026-03-29 19:06,https://truthsocial.com/@realDonaldTrump/posts/116315443614484269,"Last week, my Envoy to Belarus, John Coale, after negotiating with Highly Respected President Alexander Lukashenko, got 250 more Political Prisoners freed! This brings the total Prisoners gracefully released by President Lukashenko to well over 500, since last May. I would like to give my warmest THANK YOU to the President for doing this, and I look forward to being with him at the next Board of Peace meeting! President DONALD J. TRUMP Last week, my Envoy to Belarus, John Coale, after negotiating with Highly Respected President Alexander Lukashenko, got 250 more Political Prisoners freed! This brings the total Prisoners gracefully released by President Lukashenko to well over 500, since last May. I would like to give my warmest THANK YOU to the President for doing this, and I look forward to being with him at the next Board of Peace meeting! President DONALD J. TRUMP"
@realDonaldTrump,2026-03-29 07:41,https://truthsocial.com/@realDonaldTrump/posts/116312749090280206,"The Unaffordable Care Act, sometimes referred to as ObamaCare, must be replaced by payments being made directly to THE PEOPLE, so that they can buy their own Healthcare, rather than to bloated and uncaring Insurance Companies. ObamaCare is not and, never has been, sustainable! The Unaffordable Care Act, sometimes referred to as ObamaCare, must be replaced by payments being made directly to THE PEOPLE, so that they can buy their own Healthcare, rather than to bloated and uncaring Insurance Companies. ObamaCare is not and, never has been, sustainable!"
@realDonaldTrump,2026-03-28 16:37,https://truthsocial.com/@realDonaldTrump/posts/116309194049631675,"TrumpRX website sees steady growth in prescription offerings, proving MAHA doubters wrong: https://justthenews.com/government/white-house/trumprx-website-sees-steady-growth-prescription-offerings-proving-maha TrumpRX website sees steady growth in prescription offerings, proving MAHA doubters wrong: https://justthenews.com/government/white-house/trumprx-website-sees-steady-growth-prescription-offerings-proving-maha"
@realDonaldTrump,2026-03-28 16:37,https://truthsocial.com/@realDonaldTrump/posts/116309192353741463,NY AG Letitia James referred again for criminal prosecution for alleged homeowner insurance fraud: https://justthenews.com/government/courts-law/545ny-ag-letitia-james-referred-again-criminal-prosecution-homeowner NY AG Letitia James referred again for criminal prosecution for alleged homeowner insurance fraud: https://justthenews.com/government/courts-law/545ny-ag-letitia-james-referred-again-criminal-prosecution-homeowner
@realDonaldTrump,2026-03-28 16:15,https://truthsocial.com/@realDonaldTrump/posts/116309106577650785,It is time for the Senate Filibuster to END. Those weak and ineffective Republicans Senators that stand in the way of this should be exposed to the public. The Democrats are CRAZY! It is time for the Senate Filibuster to END. Those weak and ineffective Republicans Senators that stand in the way of this should be exposed to the public. The Democrats are CRAZY!
@realDonaldTrump,2026-03-28 15:46,https://truthsocial.com/@realDonaldTrump/posts/116308992209421747,"Watch Mark Levin interview of Brilliant Marc Thiessen tonight at 8:00 P.M., on FoxNews. Will discuss the importance of hitting Iran, HARD!!! President DJT Watch Mark Levin interview of Brilliant Marc Thiessen tonight at 8:00 P.M., on FoxNews. Will discuss the importance of hitting Iran, HARD!!! President DJT"
@realDonaldTrump,2026-03-26 16:30,https://truthsocial.com/@realDonaldTrump/posts/116297841162983424,"The Radical Left Democrats, and their “Leader,” Cryin’ Chuck Schumer, have made it very clear where they stand, and that is, ON THE SIDE OF CRIMINAL ILLEGAL ALIENS, AND NOT THE AMERICAN PEOPLE. They are refusing to fund Immigration Enforcement unless the Republicans agree to their Open Border Policies, which will never, ever happen again. They almost destroyed our Country, allowing 25 Million People to enter from Prisons, Mental Institutions, and Insane Asylums, those that are Drug Dealers, and thousands of Murderers, many of whom killed more than one person. Because the Democrats have recklessly created a true National Crisis, I am using my authorities under the Law to protect our Great Country, as I always will do! Therefore, I am going to sign an Order instructing the Secretary of Homeland Security, Markwayne Mullin, to immediately pay our TSA Agents in order to address this Emergency Situation, and to quickly stop the Democrat Chaos at the Airports. It is not an easy thing to do, but I am going to do it! I want to thank our hardworking TSA Agents and also, ICE, for the incredible help they have given us at the Airports. I will not allow the Radical Left Democrats to hold our Country hostage any longer. Thank you for your attention to this matter! President DONALD J. TRUMP The Radical Left Democrats, and their “Leader,” Cryin’ Chuck Schumer, have made it very clear where they stand, and that is, ON THE SIDE OF CRIMINAL ILLEGAL ALIENS, AND NOT THE AMERICAN PEOPLE. They are refusing to fund Immigration Enforcement unless the Republicans agree to their Open Border Policies, which will never, ever happen again. They almost destroyed our Country, allowing 25 Million People to enter from Prisons, Mental Institutions, and Insane Asylums, those that are Drug Dealers, and thousands of Murderers, many of whom killed more than one person. Because the Democrats have recklessly created a true National Crisis, I am using my authorities under the Law to protect our Great Country, as I always will do! Therefore, I am going to sign an Order instructing the Secretary of Homeland Security, Markwayne Mullin, to immediately pay our TSA Agents in order to address this Emergency Situation, and to quickly stop the Democrat Chaos at the Airports. It is not an easy thing to do, but I am going to do it! I want to thank our hardworking TSA Agents and also, ICE, for the incredible help they have given us at the Airports. I will not allow the Radical Left Democrats to hold our Country hostage any longer. Thank you for your attention to this matter! President DONALD J. TRUMP"
@realDonaldTrump,2026-03-26 16:29,https://truthsocial.com/@realDonaldTrump/posts/116297837562852093,"Congratulations to the International Olympic Committee on their decision to ban Men from Women’s Sports. This is only happening because of my powerful Executive Order, standing up for Women and Girls! President DONALD J. TRUMP Congratulations to the International Olympic Committee on their decision to ban Men from Women’s Sports. This is only happening because of my powerful Executive Order, standing up for Women and Girls! President DONALD J. TRUMP"
@realDonaldTrump,2026-03-26 05:22,https://truthsocial.com/@realDonaldTrump/posts/116295216341236902,"Chuck Schumer, a desperate, crippled politician, who has lost control of the Radical Left Democrats, will make a deal now because he thinks that if he doesn’t, Republicans will TERMINATE THE FILIBUSTER, something which they should do whether he makes a deal or not!!! Chuck Schumer, a desperate, crippled politician, who has lost control of the Radical Left Democrats, will make a deal now because he thinks that if he doesn’t, Republicans will TERMINATE THE FILIBUSTER, something which they should do whether he makes a deal or not!!!"
@realDonaldTrump,2026-03-26 04:59,https://truthsocial.com/@realDonaldTrump/posts/116295123363005809,TERMINATE THE FILIBUSTER! TERMINATE THE FILIBUSTER!
@realDonaldTrump,2026-03-26 04:54,https://truthsocial.com/@realDonaldTrump/posts/116295104061661845,“You couldn’t ask for more militarily. It will be studied with envy for many years to come!” Steve Yates on Fox & Friends First “You couldn’t ask for more militarily. It will be studied with envy for many years to come!” Steve Yates on Fox & Friends First
@realDonaldTrump,2026-03-26 04:51,https://truthsocial.com/@realDonaldTrump/posts/116295094711655881,"When is “enough, enough” for our Republican Senators. There comes a time when you must do what should have been done a long time ago, and something which the Lunatic Democrats will do on day one, if they ever get the chance. TERMINATE THE FILIBUSTER, and get our airports, and everything else, moving again. Also, add the complete, all five items, SAVE AMERICA ACT items. Go for the Gold!!! President DJT When is “enough, enough” for our Republican Senators. There comes a time when you must do what should have been done a long time ago, and something which the Lunatic Democrats will do on day one, if they ever get the chance. TERMINATE THE FILIBUSTER, and get our airports, and everything else, moving again. Also, add the complete, all five items, SAVE AMERICA ACT items. Go for the Gold!!! President DJT"
@realDonaldTrump,2026-03-26 04:43,https://truthsocial.com/@realDonaldTrump/posts/116295060276845350,U.S. intercepted Ukraine government messages discussing plot to route money to Biden re-election: https://justthenews.com/government/security/nsa-intercepted-ukraine-government-messages-discussing-effort-route-money-2024 U.S. intercepted Ukraine government messages discussing plot to route money to Biden re-election: https://justthenews.com/government/security/nsa-intercepted-ukraine-government-messages-discussing-effort-route-money-2024
@realDonaldTrump,2026-03-26 04:39,https://truthsocial.com/@realDonaldTrump/posts/116295045718240014,"The Iranian negotiators are very different and “strange.” They are “begging” us to make a deal, which they should be doing since they have been militarily obliterated, with zero chance of a comeback, and yet they publicly state that they are only “looking at our proposal.” WRONG!!! They better get serious soon, before it is too late, because once that happens, there is NO TURNING BACK, and it won’t be pretty! President DJT The Iranian negotiators are very different and “strange.” They are “begging” us to make a deal, which they should be doing since they have been militarily obliterated, with zero chance of a comeback, and yet they publicly state that they are only “looking at our proposal.” WRONG!!! They better get serious soon, before it is too late, because once that happens, there is NO TURNING BACK, and it won’t be pretty! President DJT"
@realDonaldTrump,2026-03-25 08:08,https://truthsocial.com/@realDonaldTrump/posts/116290206738569856,"Trump and Pirro deserve credit for big cuts to Washington, DC crime: https://www.washingtonexaminer.com/opinion/beltway-confidential/4498245/trump-and-pirro-deserve-credit-for-big-cuts-to-washington-dc-crime/ Trump and Pirro deserve credit for big cuts to Washington, DC crime: https://www.washingtonexaminer.com/opinion/beltway-confidential/4498245/trump-and-pirro-deserve-credit-for-big-cuts-to-washington-dc-crime/"
@seanhannity,2026-03-25 08:13,https://truthsocial.com/@seanhannity/posts/116290223606300207,HANNITY MONOLOGUE: Modern-Day Democratic Party Has Lost Its Heart and Soul [WATCH]https://hannity.com/media-room/hannity-monologue-modern-day-democratic-party-has-lost-its-heart-and-soul-watch/ HANNITY MONOLOGUE: Modern-Day Democratic Party Has Lost Its Heart and Soul [WATCH] https://hannity.com/media-room/hannity-monologue-modern-day-democratic-party-has-lost-its-heart-and-soul-watch/
@realDonaldTrump,2026-03-25 09:14,https://truthsocial.com/@realDonaldTrump/posts/116290465114134220,"Blame the Democrats for the Airport’s mess. They want our Country to do badly. They want our Country to fail. They broke the already signed Bill because they want to take care of Criminals who enter our Country illegally, rather than American citizens. Thank you to our great ICE Patriots for helping. It makes a big difference. I may call up the National Guard for more help. President DJT. Blame the Democrats for the Airport’s mess. They want our Country to do badly. They want our Country to fail. They broke the already signed Bill because they want to take care of Criminals who enter our Country illegally, rather than American citizens. Thank you to our great ICE Patriots for helping. It makes a big difference. I may call up the National Guard for more help. President DJT."
@realDonaldTrump,2026-03-25 09:24,https://truthsocial.com/@realDonaldTrump/posts/116290505546059162,"The Democrats don’t want to make any deal unless Amnesty and Citizenship is given to millions of Criminals who have entered our Country illegally, many of whom have been convicted of serious crimes. PROTECT AMERICA! President DJT The Democrats don’t want to make any deal unless Amnesty and Citizenship is given to millions of Criminals who have entered our Country illegally, many of whom have been convicted of serious crimes. PROTECT AMERICA! President DJT"
@realDonaldTrump,2026-03-25 12:17,https://truthsocial.com/@realDonaldTrump/posts/116291185984825094,"My meeting with the Highly Respected President of China, President Xi Jinping, which was originally postponed due to our Military operation in Iran, has been rescheduled, and will take place in Beijing on May 14th and 15th. First Lady Melania and I will also host President Xi and Madame Peng for a reciprocal visit in Washington, D.C., at a later date, this year. Our Representatives are finalizing preparations for these Historic Visits. I look very much forward to spending time with President Xi in what will be, I am sure, a Monumental Event. Thank you for your attention to this matter! President DONALD J. TRUMP My meeting with the Highly Respected President of China, President Xi Jinping, which was originally postponed due to our Military operation in Iran, has been rescheduled, and will take place in Beijing on May 14th and 15th. First Lady Melania and I will also host President Xi and Madame Peng for a reciprocal visit in Washington, D.C., at a later date, this year. Our Representatives are finalizing preparations for these Historic Visits. I look very much forward to spending time with President Xi in what will be, I am sure, a Monumental Event. Thank you for your attention to this matter! President DONALD J. TRUMP"
@realDonaldTrump,2026-03-25 10:51,https://truthsocial.com/@realDonaldTrump/posts/116290846597255331,"Speaker of the House Mike Johnson and Senate Majority Leader John Thune have been working to pass a clean extension of FISA Section 702, a Law that was passed many years ago by Congress to collect Intelligence on Foreigners and Noncitizens. When used properly, FISA is an effective tool to keep Americans safe. For these reasons, I have called for a clean 18-month extension, HOWEVER, the Critical and Common Sense Reforms that were made in the last Reauthorization of FISA must remain intact to protect the American People from abuses. Nobody understands this better than me, as I was a victim of the worst and most illegal abuse of FISA in our Nation’s History, by Radical Left Lunatics who lied to the FISA Court to spy on my 2016 Presidential Campaign in their attempt to RIG the Election in favor of Crooked Hillary Clinton. That is why, since the first day of my already Historic Second Term, my Administration has worked tirelessly to ensure these Reforms are being aggressively executed at every level of the Executive Branch to keep Americans safe, while protecting their sacred Civil Liberties guaranteed by our Great Constitution. With the ongoing successful Military activities against the Terrorist Iranian Regime, it is more important than ever that we remain vigilant, PROTECT our Homeland, Troops, and Diplomats stationed abroad, and maintain our ability to quickly stop bad actors seeking to cause harm to our People and our Country. The fact is, whether you like FISA or not, it is extremely important to our Military. I have spoken to many Generals about this, and they consider it vital. Not one said, even tacitly, that they can do without it — especially right now with our brilliant Military Operation in Iran. Thank you for your attention to this very important matter! President DONALD J. TRUMP Speaker of the House Mike Johnson and Senate Majority Leader John Thune have been working to pass a clean extension of FISA Section 702, a Law that was passed many years ago by Congress to collect Intelligence on Foreigners and Noncitizens. When used properly, FISA is an effective tool to keep Americans safe. For these reasons, I have called for a clean 18-month extension, HOWEVER, the Critical and Common Sense Reforms that were made in the last Reauthorization of FISA must remain intact to protect the American People from abuses. Nobody understands this better than me, as I was a victim of the worst and most illegal abuse of FISA in our Nation’s History, by Radical Left Lunatics who lied to the FISA Court to spy on my 2016 Presidential Campaign in their attempt to RIG the Election in favor of Crooked Hillary Clinton. That is why, since the first day of my already Historic Second Term, my Administration has worked tirelessly to ensure these Reforms are being aggressively executed at every level of the Executive Branch to keep Americans safe, while protecting their sacred Civil Liberties guaranteed by our Great Constitution. With the ongoing successful Military activities against the Terrorist Iranian Regime, it is more important than ever that we remain vigilant, PROTECT our Homeland, Troops, and Diplomats stationed abroad, and maintain our ability to quickly stop bad actors seeking to cause harm to our People and our Country. The fact is, whether you like FISA or not, it is extremely important to our Military. I have spoken to many Generals about this, and they consider it vital. Not one said, even tacitly, that they can do without it — especially right now with our brilliant Military Operation in Iran. Thank you for your attention to this very important matter! President DONALD J. TRUMP"
@realDonaldTrump,2026-03-25 10:39,https://truthsocial.com/@realDonaldTrump/posts/116290799193660420,"I am so proud of our ICE Patriots! They were unfairly maligned by the Lunatic Democrats for years, and now, at the Airports, in addition to what they are supposed to be doing, they are helping people with bags, even picking up and cleaning areas. They are so proud to be there! The fact is, they shouldn’t have to do this, but they are rehabbing a fake image given to them by Radical Left Democrat politicians. The Public is loving ICE, so the Democrats, unwittingly, did us a favor — They are Great American Patriots, they just happen to have much larger, and harder, muscles than most — which is what they’re supposed to have. Thank you to ICE for the GREAT job you are doing. America very much appreciates it! President DONALD J. TRUMP I am so proud of our ICE Patriots! They were unfairly maligned by the Lunatic Democrats for years, and now, at the Airports, in addition to what they are supposed to be doing, they are helping people with bags, even picking up and cleaning areas. They are so proud to be there! The fact is, they shouldn’t have to do this, but they are rehabbing a fake image given to them by Radical Left Democrat politicians. The Public is loving ICE, so the Democrats, unwittingly, did us a favor — They are Great American Patriots, they just happen to have much larger, and harder, muscles than most — which is what they’re supposed to have. Thank you to ICE for the GREAT job you are doing. America very much appreciates it! President DONALD J. TRUMP"
@realDonaldTrump,2026-03-25 09:26,https://truthsocial.com/@realDonaldTrump/posts/116290510170055349,MAKE AMERICA GREAT AGAIN!!! MAKE AMERICA GREAT AGAIN!!!
@realDonaldTrump,2026-03-24 21:47,https://truthsocial.com/@realDonaldTrump/posts/116287761828408706,Terrible!https://x.com/jamesokeefeiii/status/2036527947255788007?s=46 Terrible! https://x.com/jamesokeefeiii/status/2036527947255788007?s=46
@realDonaldTrump,2026-03-24 21:45,https://truthsocial.com/@realDonaldTrump/posts/116287754799935332,"Iran’s flex of long-range ballistic missiles vindicates Trump, may change European calculus: https://justthenews.com/government/security/irans-flex-long-range-ballistic-missiles-vindicates-trump-threat-perception Iran’s flex of long-range ballistic missiles vindicates Trump, may change European calculus: https://justthenews.com/government/security/irans-flex-long-range-ballistic-missiles-vindicates-trump-threat-perception"
@realDonaldTrump,2026-03-24 13:57,https://truthsocial.com/@realDonaldTrump/posts/116285916990204668,"It is my Great Honor to endorse T.W. Shannon, an America First Patriot who is running for Lieutenant Governor of Oklahoma, a place I love and WON BIG, winning all 77 out of 77 Counties in 2016, 2020, and 2024! As the youngest House Speaker in Oklahoma’s History, the National Chair of Black Voices for Trump and, as a former Senior Appointee at the U.S. Department of Agriculture in my Administration, T.W. has proven he has the Courage and Wisdom to deliver strong results for the incredible people of his State and Nation — He has truly been with us from the beginning! As your next Lieutenant Governor, T.W. will work hard to Grow our Economy, Cut Taxes and Regulations, Support our Amazing Farmers and Ranchers, Promote MADE IN THE U.S.A., Unleash American Energy DOMINANCE, Keep our Border SECURE, Stop Migrant Crime, Advance Election Integrity, Ensure LAW AND ORDER, Strengthen our Military, Veterans, and Law Enforcement, and Protect our always under siege Second Amendment. T.W. Shannon has my Complete and Total Endorsement to be the next Lieutenant Governor of Oklahoma — HE WILL NEVER LET YOU DOWN! It is my Great Honor to endorse T.W. Shannon, an America First Patriot who is running for Lieutenant Governor of Oklahoma, a place I love and WON BIG, winning all 77 out of 77 Counties in 2016, 2020, and 2024! As the youngest House Speaker in Oklahoma’s History, the National Chair of Black Voices for Trump and, as a former Senior Appointee at the U.S. Department of Agriculture in my Administration, T.W. has proven he has the Courage and Wisdom to deliver strong results for the incredible people of his State and Nation — He has truly been with us from the beginning! As your next Lieutenant Governor, T.W. will work hard to Grow our Economy, Cut Taxes and Regulations, Support our Amazing Farmers and Ranchers, Promote MADE IN THE U.S.A., Unleash American Energy DOMINANCE, Keep our Border SECURE, Stop Migrant Crime, Advance Election Integrity, Ensure LAW AND ORDER, Strengthen our Military, Veterans, and Law Enforcement, and Protect our always under siege Second Amendment. T.W. Shannon has my Complete and Total Endorsement to be the next Lieutenant Governor of Oklahoma — HE WILL NEVER LET YOU DOWN!"
@realDonaldTrump,2026-03-24 13:39,https://truthsocial.com/@realDonaldTrump/posts/116285845418508842,"State Senator Randy Maxwell is a Tremendous Champion for the incredible people of Indiana’s 43rd State Senate District! As a very successful Businessman, Randy knows the America First Policies required to Grow our Economy, Create GREAT Jobs, Cut Taxes and Regulations, Promote MADE IN THE U.S.A., and Unleash American Energy DOMINANCE. In the State Senate, he is also fighting tirelessly to Protect “Hoosier” Values, Stop Migrant Crime, Ensure LAW AND ORDER, Strengthen our Military/Veterans, Advance Election Integrity, and Defend our always under siege Second Amendment. Randy Maxwell has my Complete and Total Endorsement for Re-Election — HE WILL NEVER LET YOU DOWN! State Senator Randy Maxwell is a Tremendous Champion for the incredible people of Indiana’s 43rd State Senate District! As a very successful Businessman, Randy knows the America First Policies required to Grow our Economy, Create GREAT Jobs, Cut Taxes and Regulations, Promote MADE IN THE U.S.A., and Unleash American Energy DOMINANCE. In the State Senate, he is also fighting tirelessly to Protect “Hoosier” Values, Stop Migrant Crime, Ensure LAW AND ORDER, Strengthen our Military/Veterans, Advance Election Integrity, and Defend our always under siege Second Amendment. Randy Maxwell has my Complete and Total Endorsement for Re-Election — HE WILL NEVER LET YOU DOWN!"
@realDonaldTrump,2026-03-24 13:37,https://truthsocial.com/@realDonaldTrump/posts/116285837978693829,"State Senator Mike Gaskill is a MAGA Warrior who is doing a tremendous job representing Indiana’s 25th State Senate District! A Highly Successful Businessman, Mike knows the AMERICA FIRST Policies necessary to Create GREAT Jobs, Promote MADE IN THE U.S.A., Unleash Innovation, and Advance American Energy DOMINANCE. In the State Senate, he is fighting tirelessly to Protect “Hoosier” Values, Grow our Economy, Cut Taxes and Regulations, Stop Migrant Crime, Support our Brave Military/Veterans, Safeguard our Elections, and Defend our always under siege Second Amendment. Mike Gaskill has my Complete and Total Endorsement for Re-Election — HE WILL NEVER LET YOU DOWN! State Senator Mike Gaskill is a MAGA Warrior who is doing a tremendous job representing Indiana’s 25th State Senate District! A Highly Successful Businessman, Mike knows the AMERICA FIRST Policies necessary to Create GREAT Jobs, Promote MADE IN THE U.S.A., Unleash Innovation, and Advance American Energy DOMINANCE. In the State Senate, he is fighting tirelessly to Protect “Hoosier” Values, Grow our Economy, Cut Taxes and Regulations, Stop Migrant Crime, Support our Brave Military/Veterans, Safeguard our Elections, and Defend our always under siege Second Amendment. Mike Gaskill has my Complete and Total Endorsement for Re-Election — HE WILL NEVER LET YOU DOWN!"
@realDonaldTrump,2026-03-23 17:18,https://truthsocial.com/@realDonaldTrump/posts/116281041925886913,"There is a very important Special Election tomorrow, Tuesday, March 24th, for Florida State House District 87 in beautiful Palm Beach County — JON MAPLES HAS MY COMPLETE AND TOTAL ENDORSEMENT!Jon is a very successful Businessman and Civic Leader, who is known and loved, and also endorsed by so many of my Palm Beach County friends, including by Great State Representative “MAGA” Meg Weinberger. Jon will be a terrific Legislator! As your next State Representative, Jon will fight tirelessly to Grow the Economy, Cut Taxes and Regulations, Promote MADE IN THE U.S.A., Stop Migrant Crime, Safeguard our Elections, Support our Military, Veterans, and Law Enforcement, and Defend our always under siege Second Amendment.TO ALL GREAT PATRIOTS IN FLORIDA STATE HOUSE DISTRICT 87: GET OUT AND VOTE FOR JON MAPLES! Polls are open from 7:00 A.M. to 7:00 P.M. JON WILL NEVER LET YOU DOWN! Find your Voting Location here: https://swampthevoteusa.com/jon-maples/ There is a very important Special Election tomorrow, Tuesday, March 24th, for Florida State House District 87 in beautiful Palm Beach County — JON MAPLES HAS MY COMPLETE AND TOTAL ENDORSEMENT! Jon is a very successful Businessman and Civic Leader, who is known and loved, and also endorsed by so many of my Palm Beach County friends, including by Great State Representative “MAGA” Meg Weinberger. Jon will be a terrific Legislator! As your next State Representative, Jon will fight tirelessly to Grow the Economy, Cut Taxes and Regulations, Promote MADE IN THE U.S.A., Stop Migrant Crime, Safeguard our Elections, Support our Military, Veterans, and Law Enforcement, and Defend our always under siege Second Amendment. TO ALL GREAT PATRIOTS IN FLORIDA STATE HOUSE DISTRICT 87: GET OUT AND VOTE FOR JON MAPLES! Polls are open from 7:00 A.M. to 7:00 P.M. JON WILL NEVER LET YOU DOWN! Find your Voting Location here: https://swampthevoteusa.com/jon-maples/"
@realDonaldTrump,2026-03-23 06:57,https://truthsocial.com/@realDonaldTrump/posts/116278600245530358,"I am a BIG proponent of ICE wearing masks as they search for, and are forced to deal with, hardened criminals, many of whom were let into our Country by Sleepy Joe Biden and his wonderful “Border Czar,” Kamala (she never even went to the Border!), through their absolutely INSANE Open Border Policy. I would greatly appreciate, however, NO MASKS, when helping our Country out of the Democrat caused MESS at the airports, etc. Thank you! President DJT I am a BIG proponent of ICE wearing masks as they search for, and are forced to deal with, hardened criminals, many of whom were let into our Country by Sleepy Joe Biden and his wonderful “Border Czar,” Kamala (she never even went to the Border!), through their absolutely INSANE Open Border Policy. I would greatly appreciate, however, NO MASKS, when helping our Country out of the Democrat caused MESS at the airports, etc. Thank you! President DJT"
@realDonaldTrump,2026-03-23 08:10,https://truthsocial.com/@realDonaldTrump/posts/116278886833581746,Trump administration cancels $109M in environmentally focused transportation grants for Colorado: https://coloradosun.com/2025/12/16/trump-administration-cuts-transportation-grants-colorado/ Trump administration cancels $109M in environmentally focused transportation grants for Colorado: https://coloradosun.com/2025/12/16/trump-administration-cuts-transportation-grants-colorado/
@realDonaldTrump,2026-03-23 08:09,https://truthsocial.com/@realDonaldTrump/posts/116278885275457312,"Questions Grow as Lt. Michael Byrd, Who Shot Ashli Babbitt on Jan. 6, Operates a Taxpayer-Funded Home Daycare as $190 Million in Federal Child Care Funds Flow to Maryland: https://www.thegatewaypundit.com/2026/01/developing-lt-michael-byrd-who-shot-ashli-babbitt/ Questions Grow as Lt. Michael Byrd, Who Shot Ashli Babbitt on Jan. 6, Operates a Taxpayer-Funded Home Daycare as $190 Million in Federal Child Care Funds Flow to Maryland: https://www.thegatewaypundit.com/2026/01/developing-lt-michael-byrd-who-shot-ashli-babbitt/"
@realDonaldTrump,2026-03-23 08:09,https://truthsocial.com/@realDonaldTrump/posts/116278883659138389,https://www.theepochtimes.com/us/oklahoma-black-lives-matter-leader-indicted-over-alleged-3-15-million-embezzlement-5957229 https://www.theepochtimes.com/us/oklahoma-black-lives-matter-leader-indicted-over-alleged-3-15-million-embezzlement-5957229
@realDonaldTrump,2026-03-23 05:23,https://truthsocial.com/@realDonaldTrump/posts/116278232362967212,"I AM PLEASED TO REPORT THAT THE UNITED STATES OF AMERICA, AND THE COUNTRY OF IRAN, HAVE HAD, OVER THE LAST TWO DAYS, VERY GOOD AND PRODUCTIVE CONVERSATIONS REGARDING A COMPLETE AND TOTAL RESOLUTION OF OUR HOSTILITIES IN THE MIDDLE EAST. BASED ON THE TENOR AND TONE OF THESE IN DEPTH, DETAILED, AND CONSTRUCTIVE CONVERSATIONS, WHICH WILL CONTINUE THROUGHOUT THE WEEK, I HAVE INSTRUCTED THE DEPARTMENT OF WAR TO POSTPONE ANY AND ALL MILITARY STRIKES AGAINST IRANIAN POWER PLANTS AND ENERGY INFRASTRUCTURE FOR A FIVE DAY PERIOD, SUBJECT TO THE SUCCESS OF THE ONGOING MEETINGS AND DISCUSSIONS. THANK YOU FOR YOUR ATTENTION TO THIS MATTER! PRESIDENT DONALD J. TRUMP I AM PLEASED TO REPORT THAT THE UNITED STATES OF AMERICA, AND THE COUNTRY OF IRAN, HAVE HAD, OVER THE LAST TWO DAYS, VERY GOOD AND PRODUCTIVE CONVERSATIONS REGARDING A COMPLETE AND TOTAL RESOLUTION OF OUR HOSTILITIES IN THE MIDDLE EAST. BASED ON THE TENOR AND TONE OF THESE IN DEPTH, DETAILED, AND CONSTRUCTIVE CONVERSATIONS, WHICH WILL CONTINUE THROUGHOUT THE WEEK, I HAVE INSTRUCTED THE DEPARTMENT OF WAR TO POSTPONE ANY AND ALL MILITARY STRIKES AGAINST IRANIAN POWER PLANTS AND ENERGY INFRASTRUCTURE FOR A FIVE DAY PERIOD, SUBJECT TO THE SUCCESS OF THE ONGOING MEETINGS AND DISCUSSIONS. THANK YOU FOR YOUR ATTENTION TO THIS MATTER! PRESIDENT DONALD J. TRUMP"
@realDonaldTrump,2026-03-22 18:31,https://truthsocial.com/@realDonaldTrump/posts/116275668825285445,"I don’t think we should make any deal with the Crazy, Country Destroying, Radical Left Democrats unless, and until, they Vote with Republicans to pass “THE SAVE AMERICA ACT.” It is far more important than anything else we are doing in the Senate, and that includes giving these same terrible people, the Dems (who are to blame for this mess!), a Five Billion Dollar cut in ICE funding, a deal which, even when disguised as something else, is unacceptable to me and the American people - UNLESS it includes their approval of Voter I.D., (with picture!), Citizenship to Vote, No Mail-In Voting (with exceptions), All Paper Ballots, No Men In Women’s Sports, and No Transgender MUTILIZATION of our precious children. Put it all together, and also, let Leader Thune clearly identify those few “Republicans” that are Voting against AMERICA. They will never be elected again! In other words, lump everything together as one, and VOTE!!! Kill the Filibuster, and stay in D.C. for Easter, if necessary. MAKE AMERICA GREAT AGAIN! President DJT I don’t think we should make any deal with the Crazy, Country Destroying, Radical Left Democrats unless, and until, they Vote with Republicans to pass “THE SAVE AMERICA ACT.” It is far more important than anything else we are doing in the Senate, and that includes giving these same terrible people, the Dems (who are to blame for this mess!), a Five Billion Dollar cut in ICE funding, a deal which, even when disguised as something else, is unacceptable to me and the American people - UNLESS it includes their approval of Voter I.D., (with picture!), Citizenship to Vote, No Mail-In Voting (with exceptions), All Paper Ballots, No Men In Women’s Sports, and No Transgender MUTILIZATION of our precious children. Put it all together, and also, let Leader Thune clearly identify those few “Republicans” that are Voting against AMERICA. They will never be elected again! In other words, lump everything together as one, and VOTE!!! Kill the Filibuster, and stay in D.C. for Easter, if necessary. MAKE AMERICA GREAT AGAIN! President DJT"
@realDonaldTrump,2026-03-22 08:40,https://truthsocial.com/@realDonaldTrump/posts/116273343074887409,"The Democrat running in Texas, James Talarico, turns out to be a FRAUD! It showed after the Election when he beat Low IQ Candidate Jasmine Crockett (No relation to Davy Crockett!). He’s got six Genders, insults to Jesus, only vegan food, was wearing a mask in 2023 and 2024, and is a weak, ineffective guy who we “allowed” to win prior to releasing the avalanche of information we had on him because, as bad as Crockett was as a Candidate, this guy is worse! I believe that any human being running against him, sick, incompetent, close to death or, even a child, would win. He may be the Worst Candidate I have ever seen, other than, of course, Gavin Newscum who admitted that he suffers from mental incapacity, is unable to read a speech, and is dumb but, in saying “the dumb comment,” referred to his audience, and therefore became, in the eyes of African Americans, A TOTAL RACIST — which is probably true! Gavin admits that he’s a Low IQ individual, which typically is not good for winning the Presidency. His interview may have been the worst ever given by a “professional” politician. I believe, it takes him OUT OF THE RACE. Kamala is back! President DONALD J. TRUMP The Democrat running in Texas, James Talarico, turns out to be a FRAUD! It showed after the Election when he beat Low IQ Candidate Jasmine Crockett (No relation to Davy Crockett!). He’s got six Genders, insults to Jesus, only vegan food, was wearing a mask in 2023 and 2024, and is a weak, ineffective guy who we “allowed” to win prior to releasing the avalanche of information we had on him because, as bad as Crockett was as a Candidate, this guy is worse! I believe that any human being running against him, sick, incompetent, close to death or, even a child, would win. He may be the Worst Candidate I have ever seen, other than, of course, Gavin Newscum who admitted that he suffers from mental incapacity, is unable to read a speech, and is dumb but, in saying “the dumb comment,” referred to his audience, and therefore became, in the eyes of African Americans, A TOTAL RACIST — which is probably true! Gavin admits that he’s a Low IQ individual, which typically is not good for winning the Presidency. His interview may have been the worst ever given by a “professional” politician. I believe, it takes him OUT OF THE RACE. Kamala is back! President DONALD J. TRUMP"
@realDonaldTrump,2026-03-22 07:33,https://truthsocial.com/@realDonaldTrump/posts/116273082320286134,SAVE America Act Hits the Achilles Heel of Democrats’ Fraud Scheme: https://www.stonecoldtruth.com/p/save-america-act-hits-the-achilles SAVE America Act Hits the Achilles Heel of Democrats’ Fraud Scheme: https://www.stonecoldtruth.com/p/save-america-act-hits-the-achilles
@realDonaldTrump,2026-03-22 06:24,https://truthsocial.com/@realDonaldTrump/posts/116272810363139207,"Now with the death of Iran, the greatest enemy America has is the Radical Left, Highly Incompetent, Democrat Party! Thank you for your attention to this matter. President DJT Now with the death of Iran, the greatest enemy America has is the Radical Left, Highly Incompetent, Democrat Party! Thank you for your attention to this matter. President DJT"
@realDonaldTrump,2026-03-22 06:14,https://truthsocial.com/@realDonaldTrump/posts/116272771861671364,https://truthsocial.com/@IStandWithTrump47/116269851029760378 https://truthsocial.com/@IStandWithTrump47/116269851029760378
@realDonaldTrump,2026-03-22 06:13,https://truthsocial.com/@realDonaldTrump/posts/116272764873568314,https://truthsocial.com/@IStandWithTrump47/116164006155671847 https://truthsocial.com/@IStandWithTrump47/116164006155671847
@realDonaldTrump,2026-03-21 11:42,https://truthsocial.com/@realDonaldTrump/posts/116268396341038197,"The Radical Left Democrats have hurt so many people with their vicious and uncaring ways. What they have done to the Department of Homeland Security, our fantastic TSA Officers, and, most importantly, the great people of our Country, is an absolute disgrace. If the Democrats do not allow for Just and Proper Security at our Airports, and elsewhere throughout our Country, ICE will do the job far better than ever done before! The Fascist Democrats will never protect America, but the Republicans will. Just like the Radical Left allowed millions of Criminals to pour into our Country through their ridiculous and dangerous Open Border Policy, the Republicans closed it all down, and we now have the Strongest Border in American History. Likewise, I look forward to moving ICE in on Monday, and have already told them to, “GET READY.” NO MORE WAITING, NO MORE GAMES! President DONALD J. TRUMP The Radical Left Democrats have hurt so many people with their vicious and uncaring ways. What they have done to the Department of Homeland Security, our fantastic TSA Officers, and, most importantly, the great people of our Country, is an absolute disgrace. If the Democrats do not allow for Just and Proper Security at our Airports, and elsewhere throughout our Country, ICE will do the job far better than ever done before! The Fascist Democrats will never protect America, but the Republicans will. Just like the Radical Left allowed millions of Criminals to pour into our Country through their ridiculous and dangerous Open Border Policy, the Republicans closed it all down, and we now have the Strongest Border in American History. Likewise, I look forward to moving ICE in on Monday, and have already told them to, “GET READY.” NO MORE WAITING, NO MORE GAMES! President DONALD J. TRUMP"
@realDonaldTrump,2026-03-21 16:13,https://truthsocial.com/@realDonaldTrump/posts/116269463539535135,The Democrats want to give our Country away to the illegals who they allowed to pour through our now very strong Border. I won’t allow that to happen. The Democrats are grossly incompetent! ICE is ready to go on Monday. President DONALD J. TRUMP The Democrats want to give our Country away to the illegals who they allowed to pour through our now very strong Border. I won’t allow that to happen. The Democrats are grossly incompetent! ICE is ready to go on Monday. President DONALD J. TRUMP
@realDonaldTrump,2026-03-22 06:00,https://truthsocial.com/@realDonaldTrump/posts/116272713025328785,"On Monday, ICE will be going to airports to help our wonderful TSA Agents who have stayed on the job despite the fact that the Radical Left Democrats, who are only focused on protecting hard line criminals who have entered our Country illegally, are endangering the USA by holding back the money that was long ago agreed to with signed and sealed contracts, and all. But watch, no matter how great a job ICE does, the Lunatics leading the incompetent Dems will be highly critical of their work. THEY WILL DO A FANTASTIC JOB. The great Tom Homan is in charge!!! President DJT On Monday, ICE will be going to airports to help our wonderful TSA Agents who have stayed on the job despite the fact that the Radical Left Democrats, who are only focused on protecting hard line criminals who have entered our Country illegally, are endangering the USA by holding back the money that was long ago agreed to with signed and sealed contracts, and all. But watch, no matter how great a job ICE does, the Lunatics leading the incompetent Dems will be highly critical of their work. THEY WILL DO A FANTASTIC JOB. The great Tom Homan is in charge!!! President DJT"
@realDonaldTrump,2026-03-21 16:37,https://truthsocial.com/@realDonaldTrump/posts/116269555618597105,"The United States has blown Iran off of the map, and yet their lightweight analyst, David Sanger, says that I haven’t met my own goals. Yes I have, and weeks ahead of schedule! Their leadership is gone, their navy and air force are dead, they have absolutely no defense, and they want to make a deal. I don’t! We are weeks ahead of schedule. Just like their incompetent Election coverage of me, The Failing New York Times always gets it wrong! President DJT The United States has blown Iran off of the map, and yet their lightweight analyst, David Sanger, says that I haven’t met my own goals. Yes I have, and weeks ahead of schedule! Their leadership is gone, their navy and air force are dead, they have absolutely no defense, and they want to make a deal. I don’t! We are weeks ahead of schedule. Just like their incompetent Election coverage of me, The Failing New York Times always gets it wrong! President DJT"
@realDonaldTrump,2026-03-21 11:26,https://truthsocial.com/@realDonaldTrump/posts/116268334535345382,"Robert Mueller just died. Good, I’m glad he’s dead. He can no longer hurt innocent people! President DONALD J. TRUMP Robert Mueller just died. Good, I’m glad he’s dead. He can no longer hurt innocent people! President DONALD J. TRUMP"
@realDonaldTrump,2026-03-21 10:52,https://truthsocial.com/@realDonaldTrump/posts/116268200625887787,"Highly Respected America First Congresswoman, Julia Letlow, of the wonderful State of Louisiana, is a Great Star, has been from the very beginning, and only gets better! Julia is running for the United States Senate in Louisiana, a place I love and WON BIG, six times, including Primaries, in 2016, 2020, and 2024! I know Julia well, have seen her tested at the highest and most difficult levels, and she is a TOTAL WINNER! A Proud Mother of two children, Julia is a wonderful person, has ALWAYS delivered for Louisiana, and would continue doing so in the United States Senate. As your next Senator, Julia will work tirelessly to Grow our Economy, Cut Taxes and Regulations, Support our Amazing Farmers and Fishermen, Champion Louisiana Oil & Gas, Unleash American Energy DOMINANCE, Promote MADE IN THE U.S.A., Keep our Border SECURE, Stop Migrant Crime, Ensure LAW AND ORDER, Strengthen our Military/Veterans, and Protect our always under siege Second Amendment. Julia Letlow has my Complete and Total Endorsement — SHE WILL NEVER LET YOU DOWN! Highly Respected America First Congresswoman, Julia Letlow, of the wonderful State of Louisiana, is a Great Star, has been from the very beginning, and only gets better! Julia is running for the United States Senate in Louisiana, a place I love and WON BIG, six times, including Primaries, in 2016, 2020, and 2024! I know Julia well, have seen her tested at the highest and most difficult levels, and she is a TOTAL WINNER! A Proud Mother of two children, Julia is a wonderful person, has ALWAYS delivered for Louisiana, and would continue doing so in the United States Senate. As your next Senator, Julia will work tirelessly to Grow our Economy, Cut Taxes and Regulations, Support our Amazing Farmers and Fishermen, Champion Louisiana Oil & Gas, Unleash American Energy DOMINANCE, Promote MADE IN THE U.S.A., Keep our Border SECURE, Stop Migrant Crime, Ensure LAW AND ORDER, Strengthen our Military/Veterans, and Protect our always under siege Second Amendment. Julia Letlow has my Complete and Total Endorsement — SHE WILL NEVER LET YOU DOWN!"
@realDonaldTrump,2026-03-20 15:13,https://truthsocial.com/@realDonaldTrump/posts/116263563453969628,"We are getting very close to meeting our objectives as we consider winding down our great Military efforts in the Middle East with respect to the Terrorist Regime of Iran: (1) Completely degrading Iranian Missile Capability, Launchers, and everything else pertaining to them. (2) Destroying Iran’s Defense Industrial Base. (3) Eliminating their Navy and Air Force, including Anti Aircraft Weaponry. (4) Never allowing Iran to get even close to Nuclear Capability, and always being in a position where the U.S.A. can quickly and powerfully react to such a situation, should it take place. (5) Protecting, at the highest level, our Middle Eastern Allies, including Israel, Saudi Arabia, Qatar, the United Arab Emirates, Bahrain, Kuwait, and others. The Hormuz Strait will have to be guarded and policed, as necessary, by other Nations who use it — The United States does not! If asked, we will help these Countries in their Hormuz efforts, but it shouldn’t be necessary once Iran’s threat is eradicated. Importantly, it will be an easy Military Operation for them. Thank you for your attention to this matter! President DONALD J. TRUMP We are getting very close to meeting our objectives as we consider winding down our great Military efforts in the Middle East with respect to the Terrorist Regime of Iran: (1) Completely degrading Iranian Missile Capability, Launchers, and everything else pertaining to them. (2) Destroying Iran’s Defense Industrial Base. (3) Eliminating their Navy and Air Force, including Anti Aircraft Weaponry. (4) Never allowing Iran to get even close to Nuclear Capability, and always being in a position where the U.S.A. can quickly and powerfully react to such a situation, should it take place. (5) Protecting, at the highest level, our Middle Eastern Allies, including Israel, Saudi Arabia, Qatar, the United Arab Emirates, Bahrain, Kuwait, and others. The Hormuz Strait will have to be guarded and policed, as necessary, by other Nations who use it — The United States does not! If asked, we will help these Countries in their Hormuz efforts, but it shouldn’t be necessary once Iran’s threat is eradicated. Importantly, it will be an easy Military Operation for them. Thank you for your attention to this matter! President DONALD J. TRUMP"
@realDonaldTrump,2026-03-20 07:56,https://truthsocial.com/@realDonaldTrump/posts/116261847910261480,"I met with Hope Scheppelman and her husband Steven, of the Radical Left State of Colorado, to discuss various opportunities to serve our Country in a different capacity than her current run for the United States Congress. Hope and Steven are wonderful and patriotic Veterans of our U.S. Navy, and loyal supporters of our Historic MAKE AMERICA GREAT AGAIN Movement. Therefore, I am proud to announce that they will be leaving the Campaign trail in order to join my Administration, in a capacity to be determined. Together with them, we decided that Congressman Jeff Hurd, of Colorado’s 3rd Congressional District, should in no way, shape, or form, be impeded from winning the District in that the Democrat alternative is a DISASTER for our Country. Therefore, I will be fully supporting Jeff’s Re-Election to the House of Representatives, giving him my Complete and Total Endorsement! Every true MAGA supporter and Republican, if they truly care about saving our Country, will do everything in their power to unify together, and defeat the Crazed Radical Left Democrats this November. If they seize power, they will spend every minute trying to “turn back the clock” to Record Inflation, Skyrocketing Prices, High Taxes, Open Borders, Men in Women’s Sports, Transgender for Everybody, Corrupt Elections, “Get Out of Jail Free Cards” for Violent Criminals, and Terrorists, and much more — We cannot let this happen! It is time to stand together against the people that want to destroy our Great Nation, and vote for Jeff Hurd, who will do a fantastic job as your Congressman, including Growing the Economy, Cutting Taxes and Regulations, Promoting MADE IN THE U.S.A., Advancing American Energy DOMINANCE, Keeping our Border SECURE, Supporting our Military/Veterans, Defending our always under siege Second Amendment, and Ensuring PEACE THROUGH STRENGTH. Congratulations to Jeff Hurd and, MAKE AMERICA GREAT AGAIN! President DJT I met with Hope Scheppelman and her husband Steven, of the Radical Left State of Colorado, to discuss various opportunities to serve our Country in a different capacity than her current run for the United States Congress. Hope and Steven are wonderful and patriotic Veterans of our U.S. Navy, and loyal supporters of our Historic MAKE AMERICA GREAT AGAIN Movement. Therefore, I am proud to announce that they will be leaving the Campaign trail in order to join my Administration, in a capacity to be determined. Together with them, we decided that Congressman Jeff Hurd, of Colorado’s 3rd Congressional District, should in no way, shape, or form, be impeded from winning the District in that the Democrat alternative is a DISASTER for our Country. Therefore, I will be fully supporting Jeff’s Re-Election to the House of Representatives, giving him my Complete and Total Endorsement! Every true MAGA supporter and Republican, if they truly care about saving our Country, will do everything in their power to unify together, and defeat the Crazed Radical Left Democrats this November. If they seize power, they will spend every minute trying to “turn back the clock” to Record Inflation, Skyrocketing Prices, High Taxes, Open Borders, Men in Women’s Sports, Transgender for Everybody, Corrupt Elections, “Get Out of Jail Free Cards” for Violent Criminals, and Terrorists, and much more — We cannot let this happen! It is time to stand together against the people that want to destroy our Great Nation, and vote for Jeff Hurd, who will do a fantastic job as your Congressman, including Growing the Economy, Cutting Taxes and Regulations, Promoting MADE IN THE U.S.A., Advancing American Energy DOMINANCE, Keeping our Border SECURE, Supporting our Military/Veterans, Defending our always under siege Second Amendment, and Ensuring PEACE THROUGH STRENGTH. Congratulations to Jeff Hurd and, MAKE AMERICA GREAT AGAIN! President DJT"
@realDonaldTrump,2026-03-20 07:43,https://truthsocial.com/@realDonaldTrump/posts/116261796648776538,"Without the U.S.A., NATO IS A PAPER TIGER! They didn’t want to join the fight to stop a Nuclear Powered Iran. Now that fight is Militarily WON, with very little danger for them, they complain about the high oil prices they are forced to pay, but don’t want to help open the Strait of Hormuz, a simple military maneuver that is the single reason for the high oil prices. So easy for them to do, with so little risk. COWARDS, and we will REMEMBER! President DONALD J. TRUMP Without the U.S.A., NATO IS A PAPER TIGER! They didn’t want to join the fight to stop a Nuclear Powered Iran. Now that fight is Militarily WON, with very little danger for them, they complain about the high oil prices they are forced to pay, but don’t want to help open the Strait of Hormuz, a simple military maneuver that is the single reason for the high oil prices. So easy for them to do, with so little risk. COWARDS, and we will REMEMBER! President DONALD J. TRUMP"
@realDonaldTrump,2026-03-19 15:16,https://truthsocial.com/@realDonaldTrump/posts/116257915423728314,They Threw Everything They Had at Donald Trump. He’s Still Standing. America Is Better For It: https://www.citynewsokc.com/opinion/they-threw-everything-they-had-at-donald-trump-he-s-still-standing-america-is-better/article_cbfc787a-f638-4d77-938b-b33e59958043.html They Threw Everything They Had at Donald Trump. He’s Still Standing. America Is Better For It: https://www.citynewsokc.com/opinion/they-threw-everything-they-had-at-donald-trump-he-s-still-standing-america-is-better/article_cbfc787a-f638-4d77-938b-b33e59958043.html
@realDonaldTrump,2026-03-19 14:54,https://truthsocial.com/@realDonaldTrump/posts/116257826369374629,You Should Be Terrified by What JPMorgan Did to Trump: https://townhall.com/columnists/douglasmackinnon/2026/02/23/you-should-be-terrorized-by-what-jp-morgan-did-to-trump-n2671705 You Should Be Terrified by What JPMorgan Did to Trump: https://townhall.com/columnists/douglasmackinnon/2026/02/23/you-should-be-terrorized-by-what-jp-morgan-did-to-trump-n2671705
@realDonaldTrump,2026-03-19 14:53,https://truthsocial.com/@realDonaldTrump/posts/116257824115129532,Ex-police chief says Trump told him 'thank goodness you're stopping' Epstein in 2000s: https://abcnews.com/US/police-chief-trump-told-goodness-stopping-epstein-2006/story?id=130010254 Ex-police chief says Trump told him 'thank goodness you're stopping' Epstein in 2000s: https://abcnews.com/US/police-chief-trump-told-goodness-stopping-epstein-2006/story?id=130010254
@realDonaldTrump,2026-03-19 08:07,https://truthsocial.com/@realDonaldTrump/posts/116256226651705916,Passing The Save America Act Is Indispensable To Preserve Representative Democracy: https://paulingrassia.substack.com/p/passing-the-save-america-act-is-indispensable Passing The Save America Act Is Indispensable To Preserve Representative Democracy: https://paulingrassia.substack.com/p/passing-the-save-america-act-is-indispensable
@realDonaldTrump,2026-03-19 08:06,https://truthsocial.com/@realDonaldTrump/posts/116256225070534165,"Michael Whatley is so Great! Running against a really bad former Governor who set murderers free to kill again, and was grossly incompetent on the big hurricane cleanup. I had to get it done when I took office on January 20th, and I did! I hope the Great people of North Carolina remember how BAD Roy Cooper was as Governor, especially on crime. Michael Whatley will be a FANTASTIC Senator. He led the Republican Party to VICTORY in 2024. Michael will be a GREAT SENATOR, one of the very best! President DJT Michael Whatley is so Great! Running against a really bad former Governor who set murderers free to kill again, and was grossly incompetent on the big hurricane cleanup. I had to get it done when I took office on January 20th, and I did! I hope the Great people of North Carolina remember how BAD Roy Cooper was as Governor, especially on crime. Michael Whatley will be a FANTASTIC Senator. He led the Republican Party to VICTORY in 2024. Michael will be a GREAT SENATOR, one of the very best! President DJT"
@realDonaldTrump,2026-03-19 08:06,https://truthsocial.com/@realDonaldTrump/posts/116256221612685192,"Britain had meltdown when China hacked voter files, but U.S. intel kept it secret in America: https://justthenews.com/government/security/us-intel-has-known-2020-china-gained-access-us-voter-files-memos-show Britain had meltdown when China hacked voter files, but U.S. intel kept it secret in America: https://justthenews.com/government/security/us-intel-has-known-2020-china-gained-access-us-voter-files-memos-show"
@realDonaldTrump,2026-03-19 08:05,https://truthsocial.com/@realDonaldTrump/posts/116256220292711449,President Trump Has Prevented Another Holocaust: https://www.israelnationalnews.com/news/423965 President Trump Has Prevented Another Holocaust: https://www.israelnationalnews.com/news/423965
@realDonaldTrump,2026-03-19 08:05,https://truthsocial.com/@realDonaldTrump/posts/116256218451397252,The Left Is Petrified That Trump Will Succeed in Iran and Expose Them As Mind-Twisted Frauds: https://townhall.com/columnists/douglasmackinnon/2026/03/02/the-left-is-petrified-that-trump-will-succeed-in-iran-and-expose-them-as-mind-twisted-frauds-n2672119 The Left Is Petrified That Trump Will Succeed in Iran and Expose Them As Mind-Twisted Frauds: https://townhall.com/columnists/douglasmackinnon/2026/03/02/the-left-is-petrified-that-trump-will-succeed-in-iran-and-expose-them-as-mind-twisted-frauds-n2672119
@realDonaldTrump,2026-03-19 08:04,https://truthsocial.com/@realDonaldTrump/posts/116256215639879243,MORNING GLORY: Why Trump must finish what he started with Iran’s regime: https://www.foxnews.com/opinion/morning-glory-why-trump-must-finish-what-he-started-irans-regime MORNING GLORY: Why Trump must finish what he started with Iran’s regime: https://www.foxnews.com/opinion/morning-glory-why-trump-must-finish-what-he-started-irans-regime
@realDonaldTrump,2026-03-19 08:04,https://truthsocial.com/@realDonaldTrump/posts/116256214426681641,"From Douglas MacKinnon: “This is a photo from yesterday on the drive from LA to Palm Springs. Hundreds and Hundreds of these pieces of junk windmills. No surprise to The President, but ONLY ten percent of them working as we drove past!!! Eagle and bird killers which suck the taxpayers dry!! My best to The President!” From Douglas MacKinnon: “This is a photo from yesterday on the drive from LA to Palm Springs. Hundreds and Hundreds of these pieces of junk windmills. No surprise to The President, but ONLY ten percent of them working as we drove past!!! Eagle and bird killers which suck the taxpayers dry!! My best to The President!”"
@realDonaldTrump,2026-03-19 08:01,https://truthsocial.com/@realDonaldTrump/posts/116256204305007898,Jon McNaughton working on The Forgotten Man in The Eisenhower Executive Office Building! Jon McNaughton working on The Forgotten Man in The Eisenhower Executive Office Building!
@realDonaldTrump,2026-03-19 06:21,https://truthsocial.com/@realDonaldTrump/posts/116255809955960965,"Media, lawmakers downplay threat from the Iran regime, but evidence shows the true scope of danger: https://justthenews.com/government/security/media-and-lawmakers-downplay-threat-iran-regime-public-evidence-shows-true Media, lawmakers downplay threat from the Iran regime, but evidence shows the true scope of danger: https://justthenews.com/government/security/media-and-lawmakers-downplay-threat-iran-regime-public-evidence-shows-true"
@realDonaldTrump,2026-03-18 20:05,https://truthsocial.com/@realDonaldTrump/posts/116253388303392718,"Israel, out of anger for what has taken place in the Middle East, has violently lashed out at a major facility known as South Pars Gas Field in Iran. A relatively small section of the whole has been hit. The United States knew nothing about this particular attack, and the country of Qatar was in no way, shape, or form, involved with it, nor did it have any idea that it was going to happen. Unfortunately, Iran did not know this, or any of the pertinent facts pertaining to the South Pars attack, and unjustifiably and unfairly attacked a portion of Qatar’s LNG Gas facility. NO MORE ATTACKS WILL BE MADE BY ISRAEL pertaining to this extremely important and valuable South Pars Field unless Iran unwisely decides to attack a very innocent, in this case, Qatar - In which instance the United States of America, with or without the help or consent of Israel, will massively blow up the entirety of the South Pars Gas Field at an amount of strength and power that Iran has never seen or witnessed before. I do not want to authorize this level of violence and destruction because of the long term implications that it will have on the future of Iran, but if Qatar’s LNG is again attacked, I will not hesitate to do so. Thank you for your attention to this matter. President DONALD J. TRUMP Israel, out of anger for what has taken place in the Middle East, has violently lashed out at a major facility known as South Pars Gas Field in Iran. A relatively small section of the whole has been hit. The United States knew nothing about this particular attack, and the country of Qatar was in no way, shape, or form, involved with it, nor did it have any idea that it was going to happen. Unfortunately, Iran did not know this, or any of the pertinent facts pertaining to the South Pars attack, and unjustifiably and unfairly attacked a portion of Qatar’s LNG Gas facility. NO MORE ATTACKS WILL BE MADE BY ISRAEL pertaining to this extremely important and valuable South Pars Field unless Iran unwisely decides to attack a very innocent, in this case, Qatar - In which instance the United States of America, with or without the help or consent of Israel, will massively blow up the entirety of the South Pars Gas Field at an amount of strength and power that Iran has never seen or witnessed before. I do not want to authorize this level of violence and destruction because of the long term implications that it will have on the future of Iran, but if Qatar’s LNG is again attacked, I will not hesitate to do so. Thank you for your attention to this matter. President DONALD J. TRUMP"
@realDonaldTrump,2026-03-18 17:51,https://truthsocial.com/@realDonaldTrump/posts/116252861649863261,"FREE TINA PETERS, A 73-YEAR-OLD WOMAN, WITH CANCER, GIVEN A NINE YEAR DEATH SENTENCE IN A COLORADO PRISON BY A DEMOCRAT GOVERNOR, JARED POLIS, AND A CORRUPT POLITICAL MACHINE, FOR EXPOSING FRAUD BY THE DEMOCRATS DURING THE 2020 PRESIDENTIAL ELECTION. AGAIN, FREE TINA! FREE TINA PETERS, A 73-YEAR-OLD WOMAN, WITH CANCER, GIVEN A NINE YEAR DEATH SENTENCE IN A COLORADO PRISON BY A DEMOCRAT GOVERNOR, JARED POLIS, AND A CORRUPT POLITICAL MACHINE, FOR EXPOSING FRAUD BY THE DEMOCRATS DURING THE 2020 PRESIDENTIAL ELECTION. AGAIN, FREE TINA!"
@realDonaldTrump,2026-03-18 06:20,https://truthsocial.com/@realDonaldTrump/posts/116250143939100110,"For all of the Fake News out there, it’s called THE SAVE AMERICA ACT, not the SAVE ACT. Nobody knows what the Save Act means!!! For all of the Fake News out there, it’s called THE SAVE AMERICA ACT, not the SAVE ACT. Nobody knows what the Save Act means!!!"
@realDonaldTrump,2026-03-18 06:13,https://truthsocial.com/@realDonaldTrump/posts/116250115423447200,When is “Too Late” Powell lowering INTEREST RATES? President DJT When is “Too Late” Powell lowering INTEREST RATES? President DJT
@realDonaldTrump,2026-03-17 20:57,https://truthsocial.com/@realDonaldTrump/posts/116247928951810982,STATEHOOD!!! President DJT STATEHOOD!!! President DJT
@realDonaldTrump,2026-03-17 06:21,https://truthsocial.com/@realDonaldTrump/posts/116244486426312346,"The Save America Act is one of the most IMPORTANT & CONSEQUENTIAL pieces of legislation in the history of Congress, and America itself. NO MORE RIGGED ELECTIONS! Voter I.D., Proof of Citizenship, No Rigged Mail-In Voting (We are the only Country in the World that allows this!), No Men in Women’s Sports, No Transgender MUTILIZATION of our Children. 90% to 99% ISSUES ALL! Only sick, demented, or deranged people in the House or Senate could vote against THE SAVE AMERICA ACT. If they do, each one of these points, separately, will be used against the user in his/her political campaign for office - A guaranteed loss! Get your Senators, REPUBLICAN OR DEMOCRAT, to VOTE “YES” ON “THE SAVE AMERICA ACT.” I WILL NEVER (EVER!) ENDORSE ANYONE WHO VOTES AGAINST “SAVE AMERICA!!!” Thank you for your attention to this matter! President DONALD J. TRUMP The Save America Act is one of the most IMPORTANT & CONSEQUENTIAL pieces of legislation in the history of Congress, and America itself. NO MORE RIGGED ELECTIONS! Voter I.D., Proof of Citizenship, No Rigged Mail-In Voting (We are the only Country in the World that allows this!), No Men in Women’s Sports, No Transgender MUTILIZATION of our Children. 90% to 99% ISSUES ALL! Only sick, demented, or deranged people in the House or Senate could vote against THE SAVE AMERICA ACT. If they do, each one of these points, separately, will be used against the user in his/her political campaign for office - A guaranteed loss! Get your Senators, REPUBLICAN OR DEMOCRAT, to VOTE “YES” ON “THE SAVE AMERICA ACT.” I WILL NEVER (EVER!) ENDORSE ANYONE WHO VOTES AGAINST “SAVE AMERICA!!!” Thank you for your attention to this matter! President DONALD J. TRUMP"
@realDonaldTrump,2026-03-17 03:01,https://truthsocial.com/@realDonaldTrump/posts/116243698779273101,The US-Israeli strategy against Iran is working. Here is why: https://www.aljazeera.com/opinions/2026/3/16/the-us-israeli-strategy-against-iran-is-working-here-is-why The US-Israeli strategy against Iran is working. Here is why: https://www.aljazeera.com/opinions/2026/3/16/the-us-israeli-strategy-against-iran-is-working-here-is-why
@realDonaldTrump,2026-03-16 21:14,https://truthsocial.com/@realDonaldTrump/posts/116242335330134909,"Wow! Venezuela defeated Italy tonight, 4-2, in the WBC (Baseball!) Semifinal. They are looking really great. Good things are happening to Venezuela lately! I wonder what this magic is all about? STATEHOOD, #51, ANYONE? President DONALD J. TRUMP Wow! Venezuela defeated Italy tonight, 4-2, in the WBC (Baseball!) Semifinal. They are looking really great. Good things are happening to Venezuela lately! I wonder what this magic is all about? STATEHOOD, #51, ANYONE? President DONALD J. TRUMP"
@realDonaldTrump,2026-03-16 17:58,https://truthsocial.com/@realDonaldTrump/posts/116241562639922898,Prez Trump Draws Massive Crowd Reaction At CFP Title Game In Miami: https://www.outkick.com/sports/prez-trump-draws-massive-crowd-reaction-cfp-title-game-miami Prez Trump Draws Massive Crowd Reaction At CFP Title Game In Miami: https://www.outkick.com/sports/prez-trump-draws-massive-crowd-reaction-cfp-title-game-miami
@realDonaldTrump,2026-03-16 17:57,https://truthsocial.com/@realDonaldTrump/posts/116241561679397928,WATCH: Trump Cheered During National Anthem at College Football National Championship Game: https://www.breitbart.com/sports/2026/01/19/watch-trump-cheered-during-national-anthem-at-college-football-national-championship-game/ WATCH: Trump Cheered During National Anthem at College Football National Championship Game: https://www.breitbart.com/sports/2026/01/19/watch-trump-cheered-during-national-anthem-at-college-football-national-championship-game/
@realDonaldTrump,2026-03-16 17:57,https://truthsocial.com/@realDonaldTrump/posts/116241559915911661,"WATCH: Crowd Goes WILD for Trump During National Anthem at the College Football Championship in Miami, FL: https://www.thegatewaypundit.com/2026/01/watch-crowd-goes-wild-trump-during-national-anthem/ WATCH: Crowd Goes WILD for Trump During National Anthem at the College Football Championship in Miami, FL: https://www.thegatewaypundit.com/2026/01/watch-crowd-goes-wild-trump-during-national-anthem/"
@realDonaldTrump,2026-03-16 17:56,https://truthsocial.com/@realDonaldTrump/posts/116241557993544867,"Jack Smith targeted then-House Speaker McCarthy’s private phone records in J6 probe, FBI docs reveal: https://www.foxnews.com/politics/jack-smith-targeted-then-house-speaker-mccarthys-private-phone-records-j6-probe-fbi-docs-reveal Jack Smith targeted then-House Speaker McCarthy’s private phone records in J6 probe, FBI docs reveal: https://www.foxnews.com/politics/jack-smith-targeted-then-house-speaker-mccarthys-private-phone-records-j6-probe-fbi-docs-reveal"
@realDonaldTrump,2026-03-16 17:55,https://truthsocial.com/@realDonaldTrump/posts/116241553340894634,"NATO long warned of Russian, Chinese threats to Greenland, now rejects Trump’s ownership solution: https://justthenews.com/government/security/nato-long-warned-russian-and-chinese-threats-greenland-now-rejects-trumps NATO long warned of Russian, Chinese threats to Greenland, now rejects Trump’s ownership solution: https://justthenews.com/government/security/nato-long-warned-russian-and-chinese-threats-greenland-now-rejects-trumps"
@realDonaldTrump,2026-03-16 17:54,https://truthsocial.com/@realDonaldTrump/posts/116241548802837887,Clay County Sheriff Michelle Cook honored by President Trump at Women’s History Month event at White House: https://www.news4jax.com/news/local/2026/03/12/clay-county-sheriff-michelle-cook-honored-by-president-trump-at-womens-history-month-event-at-white-house/ Clay County Sheriff Michelle Cook honored by President Trump at Women’s History Month event at White House: https://www.news4jax.com/news/local/2026/03/12/clay-county-sheriff-michelle-cook-honored-by-president-trump-at-womens-history-month-event-at-white-house/
@realDonaldTrump,2026-03-16 09:57,https://truthsocial.com/@realDonaldTrump/posts/116239674084445278,"Susie Wiles is an incredible Chief of Staff, a great person, and one of the strongest people I know but, unfortunately, she has been diagnosed with early stage breast cancer, and has decided to take on this challenge, IMMEDIATELY, as opposed to waiting. She has a fantastic medical team, and her prognosis is excellent! During the treatment period, she will be spending virtually full time at the White House, which makes me, as President, very happy! Her Strength and her Commitment to continue doing the job she loves, and does so well, while undergoing treatment, tells you everything you need to know about her. Susie, as one of my closest and most important advisors, is tough and deeply committed to serving the American People. She will soon be better than ever! Melania and I are with her in every way, and we look forward to working with Susie on the many big and wonderful things that are happening for the benefit of our Country! President DONALD J. TRUMP Susie Wiles is an incredible Chief of Staff, a great person, and one of the strongest people I know but, unfortunately, she has been diagnosed with early stage breast cancer, and has decided to take on this challenge, IMMEDIATELY, as opposed to waiting. She has a fantastic medical team, and her prognosis is excellent! During the treatment period, she will be spending virtually full time at the White House, which makes me, as President, very happy! Her Strength and her Commitment to continue doing the job she loves, and does so well, while undergoing treatment, tells you everything you need to know about her. Susie, as one of my closest and most important advisors, is tough and deeply committed to serving the American People. She will soon be better than ever! Melania and I are with her in every way, and we look forward to working with Susie on the many big and wonderful things that are happening for the benefit of our Country! President DONALD J. TRUMP"
@realDonaldTrump,2026-03-16 07:19,https://truthsocial.com/@realDonaldTrump/posts/116239050427498715,"News Conference today, prior to Trump Kennedy Center Board Meeting. Thank you! News Conference today, prior to Trump Kennedy Center Board Meeting. Thank you!"
@realDonaldTrump,2026-03-15 20:45,https://truthsocial.com/@realDonaldTrump/posts/116236559151421767,"The decision that mattered most to me was TARIFFS! The Court knew where I stood, how badly I wanted this Victory for our Country, and instead decided to, potentially, give away Trillions of Dollars to Countries and Companies who have been taking advantage of the United States for decades. Our Supreme Court has made these Countries very happy but, as the Court pointed out, I have the absolute right to charge TARIFFS in another form, and have already started to do so. The Hundreds of Billions of Dollars that our Adversaries want our Country to pay back to others that have disrespected the U.S.A., until I came along, should be marked down, in the eyes of the Public, as just another reason why the United States had been in such major decline — But, not anymore, because we have MADE AMERICA GREAT AGAIN and, very soon, it will be GREATER THAN EVER BEFORE! I want to thank Justices Alito, Thomas, and Kavanaugh for their Wisdom and Courage pertaining to the TARIFF case, and for understanding, in addition to the Law, that our “Unfriendly Competitors” should not be reimbursed and rewarded for the decades of Damage they have caused THE UNITED STATES OF AMERICA. I will fight hard to make sure that this does not happen! The Democrats on the Court always “stick together,” no matter how strong a case is put before them — There is rarely even a minor “waver.” But Republicans do not do this. They openly disrespect the Presidents who nominate them to the highest position in the Land, a Justice of the United States Supreme Court, and go out of their way, with bad and wrongful rulings and intentions, to prove how “honest,” “independent,” and “legitimate” they are. The Democrat Justices just vote Democrat — They always stick together! Our Country was unnecessarily RANSACKED by the United States Supreme Court, which has become little more than a weaponized and unjust Political Organization. The sad thing is, they will only get worse! They wouldn’t even call out The Rigged Presidential Election of 2020, because they said that I, as President of the United States, did not have “standing” to challenge it, and now, with time, it has been conclusively proven to be stolen — And look what happened to our wonderful Nation by allowing a grossly incompetent man, Sleepy Joe Biden, to be our “President.” This completely inept and embarrassing Court was not what the Supreme Court of the United States was set up by our wonderful Founders to be. They are hurting our Country, and will continue to do so. All I can do, as President, is call them out for their bad behavior! This statement about the United States Supreme Court will cause me nothing but problems in the future, but I feel it is my obligation to speak the TRUTH. Thank you for your attention to this matter. MAKE AMERICA GREAT AGAIN! President DONALD J. TRUMP The decision that mattered most to me was TARIFFS! The Court knew where I stood, how badly I wanted this Victory for our Country, and instead decided to, potentially, give away Trillions of Dollars to Countries and Companies who have been taking advantage of the United States for decades. Our Supreme Court has made these Countries very happy but, as the Court pointed out, I have the absolute right to charge TARIFFS in another form, and have already started to do so. The Hundreds of Billions of Dollars that our Adversaries want our Country to pay back to others that have disrespected the U.S.A., until I came along, should be marked down, in the eyes of the Public, as just another reason why the United States had been in such major decline — But, not anymore, because we have MADE AMERICA GREAT AGAIN and, very soon, it will be GREATER THAN EVER BEFORE! I want to thank Justices Alito, Thomas, and Kavanaugh for their Wisdom and Courage pertaining to the TARIFF case, and for understanding, in addition to the Law, that our “Unfriendly Competitors” should not be reimbursed and rewarded for the decades of Damage they have caused THE UNITED STATES OF AMERICA. I will fight hard to make sure that this does not happen! The Democrats on the Court always “stick together,” no matter how strong a case is put before them — There is rarely even a minor “waver.” But Republicans do not do this. They openly disrespect the Presidents who nominate them to the highest position in the Land, a Justice of the United States Supreme Court, and go out of their way, with bad and wrongful rulings and intentions, to prove how “honest,” “independent,” and “legitimate” they are. The Democrat Justices just vote Democrat — They always stick together! Our Country was unnecessarily RANSACKED by the United States Supreme Court, which has become little more than a weaponized and unjust Political Organization. The sad thing is, they will only get worse! They wouldn’t even call out The Rigged Presidential Election of 2020, because they said that I, as President of the United States, did not have “standing” to challenge it, and now, with time, it has been conclusively proven to be stolen — And look what happened to our wonderful Nation by allowing a grossly incompetent man, Sleepy Joe Biden, to be our “President.” This completely inept and embarrassing Court was not what the Supreme Court of the United States was set up by our wonderful Founders to be. They are hurting our Country, and will continue to do so. All I can do, as President, is call them out for their bad behavior! This statement about the United States Supreme Court will cause me nothing but problems in the future, but I feel it is my obligation to speak the TRUTH. Thank you for your attention to this matter. MAKE AMERICA GREAT AGAIN! President DONALD J. TRUMP"
@realDonaldTrump,2026-03-15 20:30,https://truthsocial.com/@realDonaldTrump/posts/116236498017197393,"Mark Levin, a truly Great American Patriot, is somewhat under siege by other people with far less Intellect, Capability, and Love for our Country. Mark is Tough, Strong, and Brilliant, hence the nickname, “THE GREAT ONE,” conceived by our MAGA friend, the wonderful Sean Hannity, after years of dealing with Mark in Legal, Media, and other capacities. Mark would often do Sean’s show, speaking as a lawyer, and Sean realized then, as did others, that he was special. Mark Levin was not looking to do Television, Radio, or anything else, but he was drafted by very smart people who understood that there are few like him. He is a true Conservative, and Intellect, far smarter than those who criticize him but, above all, he is a man of Great Wisdom and Common Sense who truly loves our Country. When you hear others unfairly attack Mark, remember that they are jealous and angry Human Beings, whose “sway” is much less than the Public understands, and will, now that they know where I stand, rapidly diminish. Other than for his wonderful wife and family, Mark Levin only cares and wants one thing, GREATNESS AND SUCCESS FOR AMERICA! Those that speak ill of Mark will quickly fall by the wayside, as do the people whose ideas, policies, and footings are not sound. THEY ARE NOT MAGA, I AM, and MAGA includes not allowing Iran, a Sick, Demented, and Violent Terrorist Regime, to have a Nuclear Weapon to blow up the United States of America, the Middle East and, ultimately, the rest of the World. MAGA is about stopping them cold, and that is exactly what we are doing. GOD BLESS OUR GREAT MILITARY, WHICH I HAVE REBUILT SINCE THE BEGINNING OF MY FIRST TERM, TO ACHIEVE EVERLASTING PEACE THROUGH STRENGTH. MAKE AMERICA GREAT AGAIN! Thank you for your attention to this matter. President DONALD J. TRUMP Mark Levin, a truly Great American Patriot, is somewhat under siege by other people with far less Intellect, Capability, and Love for our Country. Mark is Tough, Strong, and Brilliant, hence the nickname, “THE GREAT ONE,” conceived by our MAGA friend, the wonderful Sean Hannity, after years of dealing with Mark in Legal, Media, and other capacities. Mark would often do Sean’s show, speaking as a lawyer, and Sean realized then, as did others, that he was special. Mark Levin was not looking to do Television, Radio, or anything else, but he was drafted by very smart people who understood that there are few like him. He is a true Conservative, and Intellect, far smarter than those who criticize him but, above all, he is a man of Great Wisdom and Common Sense who truly loves our Country. When you hear others unfairly attack Mark, remember that they are jealous and angry Human Beings, whose “sway” is much less than the Public understands, and will, now that they know where I stand, rapidly diminish. Other than for his wonderful wife and family, Mark Levin only cares and wants one thing, GREATNESS AND SUCCESS FOR AMERICA! Those that speak ill of Mark will quickly fall by the wayside, as do the people whose ideas, policies, and footings are not sound. THEY ARE NOT MAGA, I AM, and MAGA includes not allowing Iran, a Sick, Demented, and Violent Terrorist Regime, to have a Nuclear Weapon to blow up the United States of America, the Middle East and, ultimately, the rest of the World. MAGA is about stopping them cold, and that is exactly what we are doing. GOD BLESS OUR GREAT MILITARY, WHICH I HAVE REBUILT SINCE THE BEGINNING OF MY FIRST TERM, TO ACHIEVE EVERLASTING PEACE THROUGH STRENGTH. MAKE AMERICA GREAT AGAIN! Thank you for your attention to this matter. President DONALD J. TRUMP"
@realDonaldTrump,2026-03-15 17:48,https://truthsocial.com/@realDonaldTrump/posts/116235861005528220,"Iran has long been known as a Master of Media Manipulation and Public Relations. They are Militarily ineffective and weak, but are really good at “feeding” the very appreciative Fake News Media false information. Now, A.I. has become another Disinformation weapon that Iran uses, quite well, considering they are being annihilated by the day. They showed phony “Kamikaze Boats,” shooting at various Ships at Sea, which looks wonderful, powerful, and vicious, but these Boats don’t exist — It’s all false information to show how “tough” their already defeated Military is! The five U.S. Refueling Planes that were supposedly struck down and badly damaged, according to The Wall Street Journal’s false reporting, and others, are all in service, with the exception of one, which will soon be flying the skies. Buildings and Ships that are shown to be on fire are not — It’s FAKE NEWS, generated by A.I. For instance, Iran, working in close coordination with the Fake News Media, shows our great USS Abraham Lincoln Aircraft Carrier, one of the largest and most prestigious Ships in the World, burning uncontrollably in the Ocean. Not only was it not burning, it was not even shot at — Iran knows better than to do that! The story was knowingly FAKE and, in a certain way, you can say that those Media Outlets that generated it should be brought up on Charges for TREASON for the dissemination of false information! The fact is, Iran is being decimated, and the only battles they “win” are those that they create through AI, and are distributed by Corrupt Media Outlets. The Radical Leftwing Press knows this full well, but continues to go forward with false stories and LIES. That’s why their Approval Rating is so low, and I can win a Presidential Election, IN A LANDSLIDE, getting only 5% positive Press — They have no credibility! I am so thrilled to see Brendan Carr, the Chairman of the Federal Communications Commission (FCC), looking at the licenses of some of these Corrupt and Highly Unpatriotic “News” Organizations. They get Billions of Dollars of FREE American Airwaves, and use it to perpetuate LIES, both in News and almost all of their Shows, including the Late Night Morons, who get gigantic Salaries for horrible Ratings, and never get, as I used to say in The Apprentice, “FIRED.” Thank you for your attention to this matter! President DONALD J. TRUMP Iran has long been known as a Master of Media Manipulation and Public Relations. They are Militarily ineffective and weak, but are really good at “feeding” the very appreciative Fake News Media false information. Now, A.I. has become another Disinformation weapon that Iran uses, quite well, considering they are being annihilated by the day. They showed phony “Kamikaze Boats,” shooting at various Ships at Sea, which looks wonderful, powerful, and vicious, but these Boats don’t exist — It’s all false information to show how “tough” their already defeated Military is! The five U.S. Refueling Planes that were supposedly struck down and badly damaged, according to The Wall Street Journal’s false reporting, and others, are all in service, with the exception of one, which will soon be flying the skies. Buildings and Ships that are shown to be on fire are not — It’s FAKE NEWS, generated by A.I. For instance, Iran, working in close coordination with the Fake News Media, shows our great USS Abraham Lincoln Aircraft Carrier, one of the largest and most prestigious Ships in the World, burning uncontrollably in the Ocean. Not only was it not burning, it was not even shot at — Iran knows better than to do that! The story was knowingly FAKE and, in a certain way, you can say that those Media Outlets that generated it should be brought up on Charges for TREASON for the dissemination of false information! The fact is, Iran is being decimated, and the only battles they “win” are those that they create through AI, and are distributed by Corrupt Media Outlets. The Radical Leftwing Press knows this full well, but continues to go forward with false stories and LIES. That’s why their Approval Rating is so low, and I can win a Presidential Election, IN A LANDSLIDE, getting only 5% positive Press — They have no credibility! I am so thrilled to see Brendan Carr, the Chairman of the Federal Communications Commission (FCC), looking at the licenses of some of these Corrupt and Highly Unpatriotic “News” Organizations. They get Billions of Dollars of FREE American Airwaves, and use it to perpetuate LIES, both in News and almost all of their Shows, including the Late Night Morons, who get gigantic Salaries for horrible Ratings, and never get, as I used to say in The Apprentice, “FIRED.” Thank you for your attention to this matter! President DONALD J. TRUMP"
@realDonaldTrump,2026-03-14 13:25,https://truthsocial.com/@realDonaldTrump/posts/116229166794959253,McLaughlin: Strong Majority Backs Trump in Stopping Iran's Nuclear Ambitions: https://www.newsmax.com/mclaughlin/cable-nuclear-weapons/2026/03/12/id/1249304/ McLaughlin: Strong Majority Backs Trump in Stopping Iran's Nuclear Ambitions: https://www.newsmax.com/mclaughlin/cable-nuclear-weapons/2026/03/12/id/1249304/
@realDonaldTrump,2026-03-14 07:35,https://truthsocial.com/@realDonaldTrump/posts/116227789768118115,"Yet again, an intentionally misleading headline by the Fake News Media about the five tanker planes that were supposedly struck down at an Airport in Saudi Arabia, and of no further use. In actuality, the Base was hit a few days ago, but the planes were not “struck” or “destroyed.” Four of the five had virtually no damage, and are already back in service. One had slightly more damage, but will be in the air shortly. None were destroyed, or close to that, as the Fake News said in headlines. The New York Times and The Wall Street Journal (in particular), and other Lowlife “Papers” and Media actually want us to lose the War. Their terrible reporting is the exact opposite of the actual facts! They are truly sick and demented people that have no idea the damage they cause the United States of America. Fortunately, as proven by our Great and Conclusive Election Win in 2024, the People of our Country understand what is happening far better than the Fake News Media! President DONALD J. TRUMP Yet again, an intentionally misleading headline by the Fake News Media about the five tanker planes that were supposedly struck down at an Airport in Saudi Arabia, and of no further use. In actuality, the Base was hit a few days ago, but the planes were not “struck” or “destroyed.” Four of the five had virtually no damage, and are already back in service. One had slightly more damage, but will be in the air shortly. None were destroyed, or close to that, as the Fake News said in headlines. The New York Times and The Wall Street Journal (in particular), and other Lowlife “Papers” and Media actually want us to lose the War. Their terrible reporting is the exact opposite of the actual facts! They are truly sick and demented people that have no idea the damage they cause the United States of America. Fortunately, as proven by our Great and Conclusive Election Win in 2024, the People of our Country understand what is happening far better than the Fake News Media! President DONALD J. TRUMP"
@realDonaldTrump,2026-03-14 06:08,https://truthsocial.com/@realDonaldTrump/posts/116227449614232103,"Thank you to Johnny Jones and all of our GREAT TSA Agents who are going to work but not being paid because the Radical Left Democrats refuse to honor the deal that was approved and voted on in Congress. They want your money to go to “Border Criminals, Murderers, foreign Drug Dealers, and some of the worst people on earth.” They don’t want it to go to you. Keep fighting for the USA. GO TO WORK! I promise that I will never forget you!!! President DJT Thank you to Johnny Jones and all of our GREAT TSA Agents who are going to work but not being paid because the Radical Left Democrats refuse to honor the deal that was approved and voted on in Congress. They want your money to go to “Border Criminals, Murderers, foreign Drug Dealers, and some of the worst people on earth.” They don’t want it to go to you. Keep fighting for the USA. GO TO WORK! I promise that I will never forget you!!! President DJT"
@realDonaldTrump,2026-03-13 17:43,https://truthsocial.com/@realDonaldTrump/posts/116224518730089644,"Iran had plans of taking over the entire Middle East, and completely obliterating Israel. JUST LIKE IRAN ITSELF, THOSE PLANS ARE NOW DEAD! President DONALD J. TRUMP Iran had plans of taking over the entire Middle East, and completely obliterating Israel. JUST LIKE IRAN ITSELF, THOSE PLANS ARE NOW DEAD! President DONALD J. TRUMP"
@jmclghln,2026-03-12 22:07,https://truthsocial.com/@jmclghln/posts/116219893965837380,Strong Majority backs @realDonaldTrump stopping Iran from getting Nukes https://www.newsmax.com/mclaughlin/cable-nuclear-weapons/2026/03/12/id/1249304/ @DanScavino @StevenCheung @DevinNunes Strong Majority backs @realDonaldTrump stopping Iran from getting Nukes https://www.newsmax.com/mclaughlin/cable-nuclear-weapons/2026/03/12/id/1249304/ @DanScavino @StevenCheung @DevinNunes
@realDonaldTrump,2026-03-13 18:12,https://truthsocial.com/@realDonaldTrump/posts/116224631824988888,Trump Investment Surge: Trillions Pour Into America As Economic Revival Accelerates: https://thenevadaglobe.com/articles/trump-investment-surge-trillions-pour-into-america-as-economic-revival-accelerates/ Trump Investment Surge: Trillions Pour Into America As Economic Revival Accelerates: https://thenevadaglobe.com/articles/trump-investment-surge-trillions-pour-into-america-as-economic-revival-accelerates/
@realDonaldTrump,2026-03-13 18:11,https://truthsocial.com/@realDonaldTrump/posts/116224629259359835,"Trump honors Virginia mom, farmer at White House Women's History Month event: https://wjla.com/news/local/president-donald-trump-honors-virginia-mom-farmer-white-house-womens-history-month-event-first-agriculture-working-mothers-contributions-lady-melania-trump-brooke-farms-llc-mult-generational-farm-bob-missy-chambers-real-estate-tax-relief-families Trump honors Virginia mom, farmer at White House Women's History Month event: https://wjla.com/news/local/president-donald-trump-honors-virginia-mom-farmer-white-house-womens-history-month-event-first-agriculture-working-mothers-contributions-lady-melania-trump-brooke-farms-llc-mult-generational-farm-bob-missy-chambers-real-estate-tax-relief-families"
@realDonaldTrump,2026-03-13 18:11,https://truthsocial.com/@realDonaldTrump/posts/116224627869912229,Baltimore woman honored by President Trump during Women’s History Month: https://www.wbal.com/baltimore-woman-honored-by-president-trump-during-womens-history-month Baltimore woman honored by President Trump during Women’s History Month: https://www.wbal.com/baltimore-woman-honored-by-president-trump-during-womens-history-month
@realDonaldTrump,2026-03-13 16:54,https://truthsocial.com/@realDonaldTrump/posts/116224324444349237,"Moments ago, at my direction, the United States Central Command executed one of the most powerful bombing raids in the History of the Middle East, and totally obliterated every MILITARY target in Iran’s crown jewel, Kharg Island. Our Weapons are the most powerful and sophisticated that the World has ever known but, for reasons of decency, I have chosen NOT to wipe out the Oil Infrastructure on the Island. However, should Iran, or anyone else, do anything to interfere with the Free and Safe Passage of Ships through the Strait of Hormuz, I will immediately reconsider this decision. During my First Term, and currently, I rebuilt our Military into the Most Lethal, Powerful, and Effective Force, by far, anywhere in the World. Iran has NO ability to defend anything that we want to attack — There is nothing they can do about it! Iran will NEVER have a nuclear weapon, nor will it have the ability to threaten the United States of America, the Middle East or, for that matter, the World! Iran’s Military, and all others involved with this Terrorist Regime, would be wise to lay down their arms, and save what’s left of their country, which isn’t much! Thank you for your attention to this matter. President DONALD J. TRUMP Moments ago, at my direction, the United States Central Command executed one of the most powerful bombing raids in the History of the Middle East, and totally obliterated every MILITARY target in Iran’s crown jewel, Kharg Island. Our Weapons are the most powerful and sophisticated that the World has ever known but, for reasons of decency, I have chosen NOT to wipe out the Oil Infrastructure on the Island. However, should Iran, or anyone else, do anything to interfere with the Free and Safe Passage of Ships through the Strait of Hormuz, I will immediately reconsider this decision. During my First Term, and currently, I rebuilt our Military into the Most Lethal, Powerful, and Effective Force, by far, anywhere in the World. Iran has NO ability to defend anything that we want to attack — There is nothing they can do about it! Iran will NEVER have a nuclear weapon, nor will it have the ability to threaten the United States of America, the Middle East or, for that matter, the World! Iran’s Military, and all others involved with this Terrorist Regime, would be wise to lay down their arms, and save what’s left of their country, which isn’t much! Thank you for your attention to this matter. President DONALD J. TRUMP"
@realDonaldTrump,2026-03-13 16:17,https://truthsocial.com/@realDonaldTrump/posts/116224179318558161,"After meeting with Governor Gretchen Whitmer, and hearing from our GREAT Republican Candidate for the United States Senate, Mike Rogers, I approved $100 Million Dollars in Public Assistance to support recovery from the Major Ice Storm that hit Michigan last year. Michigan is a State I love and won BIG, and it is my honor to help the wonderful people there. This was VERY IMPORTANT to Mike Rogers, who has my COMPLETE AND TOTAL ENDORSEMENT to be your next Senator. He will never let you down! President DJT After meeting with Governor Gretchen Whitmer, and hearing from our GREAT Republican Candidate for the United States Senate, Mike Rogers, I approved $100 Million Dollars in Public Assistance to support recovery from the Major Ice Storm that hit Michigan last year. Michigan is a State I love and won BIG, and it is my honor to help the wonderful people there. This was VERY IMPORTANT to Mike Rogers, who has my COMPLETE AND TOTAL ENDORSEMENT to be your next Senator. He will never let you down! President DJT"
@realDonaldTrump,2026-03-13 15:05,https://truthsocial.com/@realDonaldTrump/posts/116223896071757407,"Thank you to Highly Respected America First Congresswoman, Stephanie Bice, of the Great State of Oklahoma, for deciding, because of her love for her Constituents, and for America, itself, to run for Re-Election to Congress, where she will continue to do a tremendous job serving the people of Oklahoma’s 5th Congressional District, who have benefitted greatly from our Republican House Majority! Stephanie has been a fearless fighter alongside GREAT Speaker of the House, Mike Johnson, and our entire UNITED REPUBLICAN TEAM, working tirelessly to deliver and codify our very successful America First Agenda. Stephanie is a Team Player, 100%, committed to the mission of EXPANDING OUR MAJORITY and, MAKING AMERICA GREAT AGAIN! In 2026, Stephanie Bice, once again, has my Complete and Total Endorsement for Re-Election — SHE WILL NEVER LET YOU DOWN! Thank you to Highly Respected America First Congresswoman, Stephanie Bice, of the Great State of Oklahoma, for deciding, because of her love for her Constituents, and for America, itself, to run for Re-Election to Congress, where she will continue to do a tremendous job serving the people of Oklahoma’s 5th Congressional District, who have benefitted greatly from our Republican House Majority! Stephanie has been a fearless fighter alongside GREAT Speaker of the House, Mike Johnson, and our entire UNITED REPUBLICAN TEAM, working tirelessly to deliver and codify our very successful America First Agenda. Stephanie is a Team Player, 100%, committed to the mission of EXPANDING OUR MAJORITY and, MAKING AMERICA GREAT AGAIN! In 2026, Stephanie Bice, once again, has my Complete and Total Endorsement for Re-Election — SHE WILL NEVER LET YOU DOWN!"
@realDonaldTrump,2026-03-13 14:32,https://truthsocial.com/@realDonaldTrump/posts/116223767250350057,"Maggot Hagerman, just another SLEAZEBAG writer for The Failing New York Times, insists on writing false stories about me, even though she fully knows and understands that the exact opposite of anything she says is usually the truth. In any event, I’m thinking of adding Maggot, and some of her “associates,” into my Florida based Lawsuit against The Times which, very happily, seems to be proceeding nicely. Thank you for your attention to this matter! President DJT Maggot Hagerman, just another SLEAZEBAG writer for The Failing New York Times, insists on writing false stories about me, even though she fully knows and understands that the exact opposite of anything she says is usually the truth. In any event, I’m thinking of adding Maggot, and some of her “associates,” into my Florida based Lawsuit against The Times which, very happily, seems to be proceeding nicely. Thank you for your attention to this matter! President DJT"
@realDonaldTrump,2026-03-13 11:43,https://truthsocial.com/@realDonaldTrump/posts/116223100937937927,"Two renderings of the new, highly improved, TRUMP KENNEDY CENTER! Two renderings of the new, highly improved, TRUMP KENNEDY CENTER!"
@realDonaldTrump,2026-03-13 07:54,https://truthsocial.com/@realDonaldTrump/posts/116222200536303389,"Cuba confirms talks with Trump officials, raising hopes for US deal: https://www.usatoday.com/story/news/world/2026/03/13/cuba-confirms-talks-trump-economic-deal/89132765007/ Cuba confirms talks with Trump officials, raising hopes for US deal: https://www.usatoday.com/story/news/world/2026/03/13/cuba-confirms-talks-trump-economic-deal/89132765007/"
@realDonaldTrump,2026-03-12 22:33,https://truthsocial.com/@realDonaldTrump/posts/116219996530067941,"We are totally destroying the terrorist regime of Iran, militarily, economically, and otherwise, yet, if you read the Failing New York Times, you would incorrectly think that we are not winning. Iran’s Navy is gone, their Air Force is no longer, missiles, drones and everything else are being decimated, and their leaders have been wiped from the face of the earth. We have unparalleled firepower, unlimited ammunition, and plenty of time - Watch what happens to these deranged scumbags today. They’ve been killing innocent people all over the world for 47 years, and now I, as the 47th President of the United States of America, am killing them. What a great honor it is to do so! Thank you for your attention to this matter. President DONALD J. TRUMP We are totally destroying the terrorist regime of Iran, militarily, economically, and otherwise, yet, if you read the Failing New York Times, you would incorrectly think that we are not winning. Iran’s Navy is gone, their Air Force is no longer, missiles, drones and everything else are being decimated, and their leaders have been wiped from the face of the earth. We have unparalleled firepower, unlimited ammunition, and plenty of time - Watch what happens to these deranged scumbags today. They’ve been killing innocent people all over the world for 47 years, and now I, as the 47th President of the United States of America, am killing them. What a great honor it is to do so! Thank you for your attention to this matter. President DONALD J. TRUMP"
@realDonaldTrump,2026-03-12 18:57,https://truthsocial.com/@realDonaldTrump/posts/116219148622456831,"At Military Academy with my parents, Fred and Mary! At Military Academy with my parents, Fred and Mary!"
@realDonaldTrump,2026-03-12 17:05,https://truthsocial.com/@realDonaldTrump/posts/116218706168761876,"The United States of America looks very much forward to hosting the FIFA World Cup. Ticket sales are “through the roof!” It will be the Greatest and Safest Sporting Event in American History. All Players, Officials, and Fans will be treated like the “STARS” that they are! President DONALD J. TRUMP The United States of America looks very much forward to hosting the FIFA World Cup. Ticket sales are “through the roof!” It will be the Greatest and Safest Sporting Event in American History. All Players, Officials, and Fans will be treated like the “STARS” that they are! President DONALD J. TRUMP"
@realDonaldTrump,2026-03-12 13:05,https://truthsocial.com/@realDonaldTrump/posts/116217763545289031,"Where is the Federal Reserve Chairman, Jerome “Too Late” Powell, today? He should be dropping Interest Rates, IMMEDIATELY, not waiting for the next meeting! President DONALD J. TRUMP Where is the Federal Reserve Chairman, Jerome “Too Late” Powell, today? He should be dropping Interest Rates, IMMEDIATELY, not waiting for the next meeting! President DONALD J. TRUMP"
@realDonaldTrump,2026-03-12 09:00,https://truthsocial.com/@realDonaldTrump/posts/116216801278101254,"The Iran National Soccer Team is welcome to The World Cup, but I really don’t believe it is appropriate that they be there, for their own life and safety. Thank you for your attention to this matter! President DONALD J. TRUMP The Iran National Soccer Team is welcome to The World Cup, but I really don’t believe it is appropriate that they be there, for their own life and safety. Thank you for your attention to this matter! President DONALD J. TRUMP"
@realDonaldTrump,2026-03-12 07:14,https://truthsocial.com/@realDonaldTrump/posts/116216383667242591,"The United States is the largest Oil Producer in the World, by far, so when oil prices go up, we make a lot of money. BUT, of far greater interest and importance to me, as President, is stoping an evil Empire, Iran, from having Nuclear Weapons, and destroying the Middle East and, indeed, the World. I won’t ever let that happen! Thank you for your attention to this matter. President DONALD J. TRUMP The United States is the largest Oil Producer in the World, by far, so when oil prices go up, we make a lot of money. BUT, of far greater interest and importance to me, as President, is stoping an evil Empire, Iran, from having Nuclear Weapons, and destroying the Middle East and, indeed, the World. I won’t ever let that happen! Thank you for your attention to this matter. President DONALD J. TRUMP"
@realDonaldTrump,2026-03-11 17:30,https://truthsocial.com/@realDonaldTrump/posts/116213141577677778,"Marty Jackley has been a tremendous Attorney General of South Dakota, a place I love and WON BIG, six times, including Primaries, in 2016, 2020, and 2024! An America First Patriot, and true friend of MAGA, Marty is now running for Congress, where I know he will continue to do a fantastic job! As your next Congressman, Marty will work tirelessly to Grow the Economy, Cut Taxes and Regulations, Support our Amazing Farmers and Ranchers, Promote MADE IN THE U.S.A., Champion American Energy DOMINANCE, Keep our Border SECURE, Stop Migrant Crime, Strengthen our Military/Veterans, Advance Election Integrity, and Protect our always under siege Second Amendment. Marty Jackley has my Complete and Total Endorsement to be the next U.S. Representative from the Great State of South Dakota — HE WILL NEVER LET YOU DOWN! Marty Jackley has been a tremendous Attorney General of South Dakota, a place I love and WON BIG, six times, including Primaries, in 2016, 2020, and 2024! An America First Patriot, and true friend of MAGA, Marty is now running for Congress, where I know he will continue to do a fantastic job! As your next Congressman, Marty will work tirelessly to Grow the Economy, Cut Taxes and Regulations, Support our Amazing Farmers and Ranchers, Promote MADE IN THE U.S.A., Champion American Energy DOMINANCE, Keep our Border SECURE, Stop Migrant Crime, Strengthen our Military/Veterans, Advance Election Integrity, and Protect our always under siege Second Amendment. Marty Jackley has my Complete and Total Endorsement to be the next U.S. Representative from the Great State of South Dakota — HE WILL NEVER LET YOU DOWN!"
@realDonaldTrump,2026-03-11 17:29,https://truthsocial.com/@realDonaldTrump/posts/116213139152922657,"It is my Great Honor to endorse Colonel Laurie Buckhout, who is running to represent the incredible people of North Carolina’s 1st Congressional District. Laurie is running against a Radical Left Democrat named Don Davis, who tried to raise Taxes by over $4 Trillion Dollars, and voted against all of our Tax Cuts, including NO TAX ON TIPS, NO TAX ON SOCIAL SECURITY, and NO TAX ON OVERTIME. Don Davis wants to abolish our Borders, stop deporting Criminal Illegal Aliens, and supports dangerous “Soft on Crime” Policies like cashless bail that let repeat Violent Criminals roam free on our streets. He voted to allow men in women’s sports, is in favor of the transgender mutilation of children, and voted AGAINST Voter I.D., but in favor of allowing Illegal Aliens to vote in our Sacred Elections. He is Reckless, Radical, and Dangerous! In contrast, Retired U.S. Army Colonel and Decorated Combat Commander Laurie Buckhout knows the Wisdom and Courage required to Defend our Country, Support our Brave Military/Veterans, and Ensure PEACE THROUGH STRENGTH. As your next Congresswoman, she will work tirelessly to Grow the Economy, Cut Taxes and Regulations, Unleash American Energy DOMINANCE, Promote MADE IN THE U.S.A., Keep our Border SECURE, Stop Migrant Crime, and Protect our always under siege Second Amendment. Colonel Laurie Buckhout has my Complete and Total Endorsement to be the next Representative from North Carolina’s 1st Congressional District — SHE WILL NEVER LET YOU DOWN! It is my Great Honor to endorse Colonel Laurie Buckhout, who is running to represent the incredible people of North Carolina’s 1st Congressional District. Laurie is running against a Radical Left Democrat named Don Davis, who tried to raise Taxes by over $4 Trillion Dollars, and voted against all of our Tax Cuts, including NO TAX ON TIPS, NO TAX ON SOCIAL SECURITY, and NO TAX ON OVERTIME. Don Davis wants to abolish our Borders, stop deporting Criminal Illegal Aliens, and supports dangerous “Soft on Crime” Policies like cashless bail that let repeat Violent Criminals roam free on our streets. He voted to allow men in women’s sports, is in favor of the transgender mutilation of children, and voted AGAINST Voter I.D., but in favor of allowing Illegal Aliens to vote in our Sacred Elections. He is Reckless, Radical, and Dangerous! In contrast, Retired U.S. Army Colonel and Decorated Combat Commander Laurie Buckhout knows the Wisdom and Courage required to Defend our Country, Support our Brave Military/Veterans, and Ensure PEACE THROUGH STRENGTH. As your next Congresswoman, she will work tirelessly to Grow the Economy, Cut Taxes and Regulations, Unleash American Energy DOMINANCE, Promote MADE IN THE U.S.A., Keep our Border SECURE, Stop Migrant Crime, and Protect our always under siege Second Amendment. Colonel Laurie Buckhout has my Complete and Total Endorsement to be the next Representative from North Carolina’s 1st Congressional District — SHE WILL NEVER LET YOU DOWN!"
@realDonaldTrump,2026-03-11 16:16,https://truthsocial.com/@realDonaldTrump/posts/116212852948843659,"Top DOJ prosecutor says tens of thousands of noncitizens on voter rolls, dozens illegally voted: https://justthenews.com/politics-policy/elections/wedelection-bombshell-top-doj-prosecutor-says-tens-thousands-noncitizens Top DOJ prosecutor says tens of thousands of noncitizens on voter rolls, dozens illegally voted: https://justthenews.com/politics-policy/elections/wedelection-bombshell-top-doj-prosecutor-says-tens-thousands-noncitizens"
@realDonaldTrump,2026-03-11 11:33,https://truthsocial.com/@realDonaldTrump/posts/116211737655789420,"The Republican Party’s Worst “Congressman,” EVER, Thomas Massie, is attacking GREAT Navy Seal Hero, Ed Gallrein, who is running against him in the Primary, saying that Ed became an Independent for a period of time, long ago. The fact is, many people do that, but Ed still supported me, and strongly, which is far more than Massie ever did, or does. Ed came back into the Party after he saw the Strength and “Wisdom” that I displayed. Many people have joined, and rejoined, our Party, but Massie did not, because he only votes, “NO!” It will be interesting to see what he does with THE SAVE AMERICA ACT, which is, simply: 1. ALL VOTERS MUST SHOW VOTER I.D. (IDENTIFICATION!).2. ALL VOTERS MUST SHOW PROOF OF CITIZENSHIP IN ORDER TO VOTE.3. NO MAIL-IN BALLOTS (EXCEPT FOR ILLNESS, DISABILITY, MILITARY, OR TRAVEL!).4. NO MEN IN WOMEN’S SPORTS.5. NO TRANSGENDER MUTILATION SURGERY FOR CHILDREN. He’d like to vote, “NO,” but on this one, there may be too much pressure, even on him, to do that. Thomas Massie, sometimes referred to as Rand Paul Jr. because he only votes “NO,” is A COMPLETE AND TOTAL DISASTER as a Congressman, and a Human Being. He is disloyal to the Republican Party, the People of Kentucky and, most importantly, he is disloyal to the United States of America! He is a MISFIT, who should be voted out of Office, ASAP. VOTE FOR ED GALLREIN, A MAN WHO HAS MY COMPLETE AND TOTAL ENDORSEMENT. HE IS A TRUE AMERICAN HERO! President DONALD J. TRUMP The Republican Party’s Worst “Congressman,” EVER, Thomas Massie, is attacking GREAT Navy Seal Hero, Ed Gallrein, who is running against him in the Primary, saying that Ed became an Independent for a period of time, long ago. The fact is, many people do that, but Ed still supported me, and strongly, which is far more than Massie ever did, or does. Ed came back into the Party after he saw the Strength and “Wisdom” that I displayed. Many people have joined, and rejoined, our Party, but Massie did not, because he only votes, “NO!” It will be interesting to see what he does with THE SAVE AMERICA ACT, which is, simply: 1. ALL VOTERS MUST SHOW VOTER I.D. (IDENTIFICATION!). 2. ALL VOTERS MUST SHOW PROOF OF CITIZENSHIP IN ORDER TO VOTE. 3. NO MAIL-IN BALLOTS (EXCEPT FOR ILLNESS, DISABILITY, MILITARY, OR TRAVEL!). 4. NO MEN IN WOMEN’S SPORTS. 5. NO TRANSGENDER MUTILATION SURGERY FOR CHILDREN. He’d like to vote, “NO,” but on this one, there may be too much pressure, even on him, to do that. Thomas Massie, sometimes referred to as Rand Paul Jr. because he only votes “NO,” is A COMPLETE AND TOTAL DISASTER as a Congressman, and a Human Being. He is disloyal to the Republican Party, the People of Kentucky and, most importantly, he is disloyal to the United States of America! He is a MISFIT, who should be voted out of Office, ASAP. VOTE FOR ED GALLREIN, A MAN WHO HAS MY COMPLETE AND TOTAL ENDORSEMENT. HE IS A TRUE AMERICAN HERO! President DONALD J. TRUMP"
@realDonaldTrump,2026-03-11 08:54,https://truthsocial.com/@realDonaldTrump/posts/116211112963892984,"PUNXSUTAWNEY PHIL SEES ZERO MORE YEARS OF SUMMERS.Summers To Resign From Teaching Appointments, Relinquish University Professorship Over Epstein Ties:https://www.thecrimson.com/article/2026/2/25/summers-retire-harvard-epstein/ PUNXSUTAWNEY PHIL SEES ZERO MORE YEARS OF SUMMERS. Summers To Resign From Teaching Appointments, Relinquish University Professorship Over Epstein Ties:https://www.thecrimson.com/article/2026/2/25/summers-retire-harvard-epstein/"
@realDonaldTrump,2026-03-11 08:48,https://truthsocial.com/@realDonaldTrump/posts/116211091235254854,Trump targeted by four FBI code-named counterintel probes that ensnared hundreds of Americans: https://justthenews.com/government/federal-agencies/trump-targeted-four-consecutive-fbi-counterintel-probes-ensnaring Trump targeted by four FBI code-named counterintel probes that ensnared hundreds of Americans: https://justthenews.com/government/federal-agencies/trump-targeted-four-consecutive-fbi-counterintel-probes-ensnaring
@realDonaldTrump,2026-03-11 08:48,https://truthsocial.com/@realDonaldTrump/posts/116211088596192977,Hillary Clinton should’ve heeded my ‘reality Czech’ to save the West: https://nypost.com/2026/02/18/opinion/hillary-clinton-shouldve-heeded-my-reality-czech-to-save-the-west/ Hillary Clinton should’ve heeded my ‘reality Czech’ to save the West: https://nypost.com/2026/02/18/opinion/hillary-clinton-shouldve-heeded-my-reality-czech-to-save-the-west/
@realDonaldTrump,2026-03-11 05:45,https://truthsocial.com/@realDonaldTrump/posts/116210369394250268,"I predict that “Representative”Thomas Massie will go down as the WORST Republican Congressman in the long and fabled history of the United States Congress, even worse than Crazy Liz Chaney, Cryin’ Adam Kinzinger, and Marjorie “Traitor” Brown (Remember, Green turns to Brown under stress!). They are all misfits and losers, but Massie, who is running against a great American Patriot in the Kentucky Primary, will hopefully lose BIG. I LOVE KENTUCKY!!! President DJT I predict that “Representative”Thomas Massie will go down as the WORST Republican Congressman in the long and fabled history of the United States Congress, even worse than Crazy Liz Chaney, Cryin’ Adam Kinzinger, and Marjorie “Traitor” Brown (Remember, Green turns to Brown under stress!). They are all misfits and losers, but Massie, who is running against a great American Patriot in the Kentucky Primary, will hopefully lose BIG. I LOVE KENTUCKY!!! President DJT"
@realDonaldTrump,2026-03-11 05:22,https://truthsocial.com/@realDonaldTrump/posts/116210278812822198,Clay Fuller is going to be a fantastic Congressman in representing the Great State of Georgia. Now we have to be careful and finish it off. MAKE AMERICA GREAT AGAIN!!! President DJT Clay Fuller is going to be a fantastic Congressman in representing the Great State of Georgia. Now we have to be careful and finish it off. MAKE AMERICA GREAT AGAIN!!! President DJT
@realDonaldTrump,2026-03-10 21:10,https://truthsocial.com/@realDonaldTrump/posts/116208344727934829,THE SAVE AMERICA ACT is by far the most popular Bill of its kind ever put before Congress! President DJT THE SAVE AMERICA ACT is by far the most popular Bill of its kind ever put before Congress! President DJT
@realDonaldTrump,2026-03-10 18:57,https://truthsocial.com/@realDonaldTrump/posts/116207821606085249,52% of US Likely Voters support Trump’s decision to strike Iran: Poll: https://justthenews.com/politics-policy/polling/52-us-likely-voters-support-trumps-decision-strike-iran-poll 52% of US Likely Voters support Trump’s decision to strike Iran: Poll: https://justthenews.com/politics-policy/polling/52-us-likely-voters-support-trumps-decision-strike-iran-poll
@realDonaldTrump,2026-03-10 15:21,https://truthsocial.com/@realDonaldTrump/posts/116206971915527868,"Just two of the many brutal criminals we have captured in Memphis, making it 50% safer than it was just two months ago — More to follow! Just two of the many brutal criminals we have captured in Memphis, making it 50% safer than it was just two months ago — More to follow!"
@realDonaldTrump,2026-03-10 15:17,https://truthsocial.com/@realDonaldTrump/posts/116206958726200848,"America is returning to REAL ENERGY DOMINANCE! Today I am proud to announce that America First Refining is opening the FIRST new U.S. Oil Refinery in 50 YEARS in Brownsville, Texas. THIS IS A HISTORIC $300 BILLION DOLLAR DEAL — THE BIGGEST IN U.S. HISTORY, A MASSIVE WIN for American Workers, Energy, and the GREAT People of South Texas! Thank you to our partners in India, and their largest privately held Energy Company, Reliance, for this tremendous Investment. It is because of our America First Agenda, streamlining Permits, and lowering Taxes, that have attracted Billions of Dollars in Deals coming back to our Nation. A new Refinery at the Port of Brownsville, will fuel U.S. Markets, strengthen our National Security, boost American Energy production, deliver Billions of Dollars in Economic impact, and will be THE CLEANEST REFINERY IN THE WORLD. It will power Global Exports, and bring THOUSANDS of long overdue Jobs and Growth to a Region that deserves it. This is what AMERICAN ENERGY DOMINANCE looks like. AMERICA FIRST, ALWAYS! America is returning to REAL ENERGY DOMINANCE! Today I am proud to announce that America First Refining is opening the FIRST new U.S. Oil Refinery in 50 YEARS in Brownsville, Texas. THIS IS A HISTORIC $300 BILLION DOLLAR DEAL — THE BIGGEST IN U.S. HISTORY, A MASSIVE WIN for American Workers, Energy, and the GREAT People of South Texas! Thank you to our partners in India, and their largest privately held Energy Company, Reliance, for this tremendous Investment. It is because of our America First Agenda, streamlining Permits, and lowering Taxes, that have attracted Billions of Dollars in Deals coming back to our Nation. A new Refinery at the Port of Brownsville, will fuel U.S. Markets, strengthen our National Security, boost American Energy production, deliver Billions of Dollars in Economic impact, and will be THE CLEANEST REFINERY IN THE WORLD. It will power Global Exports, and bring THOUSANDS of long overdue Jobs and Growth to a Region that deserves it. This is what AMERICAN ENERGY DOMINANCE looks like. AMERICA FIRST, ALWAYS!"
@realDonaldTrump,2026-03-10 14:20,https://truthsocial.com/@realDonaldTrump/posts/116206732840510472,"I am pleased to report that within the last few hours, we have hit, and completely destroyed, 10 inactive mine laying boats and/or ships, with more to follow! President DONALD J. TRUMP I am pleased to report that within the last few hours, we have hit, and completely destroyed, 10 inactive mine laying boats and/or ships, with more to follow! President DONALD J. TRUMP"
@realDonaldTrump,2026-03-09 18:30,https://truthsocial.com/@realDonaldTrump/posts/116202054617775180,"If Iran does anything that stops the flow of Oil within the Strait of Hormuz, they will be hit by the United States of America TWENTY TIMES HARDER than they have been hit thus far. Additionally, we will take out easily destroyable targets that will make it virtually impossible for Iran to ever be built back, as a Nation, again — Death, Fire, and Fury will reign upon them — But I hope, and pray, that it does not happen! This is a gift from the United States of America to China, and all of those Nations that heavily use the Hormuz Strait. Hopefully, it is a gesture that will be greatly appreciated. Thank you for your attention to this matter! President DONALD J. TRUMP If Iran does anything that stops the flow of Oil within the Strait of Hormuz, they will be hit by the United States of America TWENTY TIMES HARDER than they have been hit thus far. Additionally, we will take out easily destroyable targets that will make it virtually impossible for Iran to ever be built back, as a Nation, again — Death, Fire, and Fury will reign upon them — But I hope, and pray, that it does not happen! This is a gift from the United States of America to China, and all of those Nations that heavily use the Hormuz Strait. Hopefully, it is a gesture that will be greatly appreciated. Thank you for your attention to this matter! President DONALD J. TRUMP"
@realDonaldTrump,2026-03-09 17:54,https://truthsocial.com/@realDonaldTrump/posts/116201913738494775,Nolte: Cassidy ‘Trump Attacked Secret Service Agent’ Hutchinson Referred for Criminal Charges: https://www.breitbart.com/politics/2026/03/06/nolte-cassidy-trump-attacked-secret-service-agent-hutchinson-referred-for-criminal-charges/ Nolte: Cassidy ‘Trump Attacked Secret Service Agent’ Hutchinson Referred for Criminal Charges: https://www.breitbart.com/politics/2026/03/06/nolte-cassidy-trump-attacked-secret-service-agent-hutchinson-referred-for-criminal-charges/
@realDonaldTrump,2026-03-09 11:23,https://truthsocial.com/@realDonaldTrump/posts/116200375013104800,Donald’s Bible: https://youtu.be/SSL7_QV4960?feature=shared Donald’s Bible: https://youtu.be/SSL7_QV4960?feature=shared
@realDonaldTrump,2026-03-09 10:52,https://truthsocial.com/@realDonaldTrump/posts/116200253375013431,"THE SAVE AMERICA ACT!1. ALL VOTERS MUST SHOW VOTER I.D. (IDENTIFICATION!).2. ALL VOTERS MUST SHOW PROOF OF CITIZENSHIP IN ORDER TO VOTE.3. NO MAIL-IN BALLOTS (EXCEPT FOR ILLNESS, DISABILITY, MILITARY, OR TRAVEL!).4. NO MEN IN WOMEN’S SPORTS.5. NO TRANSGENDER MUTILATION SURGERY FOR CHILDREN. THE SAVE AMERICA ACT! 1. ALL VOTERS MUST SHOW VOTER I.D. (IDENTIFICATION!). 2. ALL VOTERS MUST SHOW PROOF OF CITIZENSHIP IN ORDER TO VOTE. 3. NO MAIL-IN BALLOTS (EXCEPT FOR ILLNESS, DISABILITY, MILITARY, OR TRAVEL!). 4. NO MEN IN WOMEN’S SPORTS. 5. NO TRANSGENDER MUTILATION SURGERY FOR CHILDREN."
@realDonaldTrump,2026-03-09 10:43,https://truthsocial.com/@realDonaldTrump/posts/116200217053294630,"Many important meetings and phone calls taking place today while I am at Trump National Doral, in Miami. Additionally, I will be going to Speaker Mike Johnson’s (who is doing a fantastic job!) fundraising event, at 4 P.M., and then, prior to leaving for D.C., I will hold a News Conference from a Doral Ballroom at approximately 5:30 P.M. Thank you for your attention to this matter! President DONALD J. TRUMP Many important meetings and phone calls taking place today while I am at Trump National Doral, in Miami. Additionally, I will be going to Speaker Mike Johnson’s (who is doing a fantastic job!) fundraising event, at 4 P.M., and then, prior to leaving for D.C., I will hold a News Conference from a Doral Ballroom at approximately 5:30 P.M. Thank you for your attention to this matter! President DONALD J. TRUMP"
@realDonaldTrump,2026-03-09 08:30,https://truthsocial.com/@realDonaldTrump/posts/116199696068251039,ASYLUM! ASYLUM!
@realDonaldTrump,2026-03-09 08:16,https://truthsocial.com/@realDonaldTrump/posts/116199640636892669,"Australia is making a terrible humanitarian mistake by allowing the Iran National Woman’s Soccer team to be forced back to Iran, where they will most likely be killed. Don’t do it, Mr. Prime Minister, give ASYLUM. The U.S. will take them if you won’t. Thank you for your attention to this matter. President DONALD J. TRUMP Australia is making a terrible humanitarian mistake by allowing the Iran National Woman’s Soccer team to be forced back to Iran, where they will most likely be killed. Don’t do it, Mr. Prime Minister, give ASYLUM. The U.S. will take them if you won’t. Thank you for your attention to this matter. President DONALD J. TRUMP"
@realDonaldTrump,2026-03-09 07:11,https://truthsocial.com/@realDonaldTrump/posts/116199384958218035,Great!!!FBI secretly seizes election records from Arizona’s largest county as voting probe expands: https://justthenews.com/politics-policy/elections/monfbi-secretly-seizes-election-records-arizonas-largest-county-voting Great!!! FBI secretly seizes election records from Arizona’s largest county as voting probe expands: https://justthenews.com/politics-policy/elections/monfbi-secretly-seizes-election-records-arizonas-largest-county-voting
@realDonaldTrump,2026-03-08 16:54,https://truthsocial.com/@realDonaldTrump/posts/116196014942465383,"Short term oil prices, which will drop rapidly when the destruction of the Iran nuclear threat is over, is a very small price to pay for U.S.A., and World, Safety and Peace. ONLY FOOLS WOULD THINK DIFFERENTLY!President DJT Short term oil prices, which will drop rapidly when the destruction of the Iran nuclear threat is over, is a very small price to pay for U.S.A., and World, Safety and Peace. ONLY FOOLS WOULD THINK DIFFERENTLY!President DJT"
@realDonaldTrump,2026-03-08 06:22,https://truthsocial.com/@realDonaldTrump/posts/116193527873859174,"Great Job by hard working Scott Pressler on Fox & Friends talking about using the Filibuster, or Talking Filibuster, in order to pass THE SAVE AMERICA ACT, an 88% issue with ALL VOTERS. It must be done immediately. It supersedes everything else. MUST GO TO THE FRONT OF THE LINE. I, as President, will not sign other Bills until this is passed, AND NOT THE WATERED DOWN VERSION - GO FOR THE GOLD: MUST SHOW VOTER I.D. & PROOF OF CITIZENSHIP: NO MAIL-IN BALLOTS EXCEPT FOR MILITARY - ILLNESS, DISABILITY, TRAVEL: NO MEN IN WOMEN’S SPORTS: NO TRANSGENDER MUTILIZATION FOR CHILDREN! DO NOT FAIL!!! President DONALD J. TRUMP Great Job by hard working Scott Pressler on Fox & Friends talking about using the Filibuster, or Talking Filibuster, in order to pass THE SAVE AMERICA ACT, an 88% issue with ALL VOTERS. It must be done immediately. It supersedes everything else. MUST GO TO THE FRONT OF THE LINE. I, as President, will not sign other Bills until this is passed, AND NOT THE WATERED DOWN VERSION - GO FOR THE GOLD: MUST SHOW VOTER I.D. & PROOF OF CITIZENSHIP: NO MAIL-IN BALLOTS EXCEPT FOR MILITARY - ILLNESS, DISABILITY, TRAVEL: NO MEN IN WOMEN’S SPORTS: NO TRANSGENDER MUTILIZATION FOR CHILDREN! DO NOT FAIL!!! President DONALD J. TRUMP"
@realDonaldTrump,2026-03-07 15:05,https://truthsocial.com/@realDonaldTrump/posts/116189925042301817,"The United Kingdom, our once Great Ally, maybe the Greatest of them all, is finally giving serious thought to sending two aircraft carriers to the Middle East. That’s OK, Prime Minister Starmer, we don’t need them any longer — But we will remember. We don’t need people that join Wars after we’ve already won! President DONALD J. TRUMP The United Kingdom, our once Great Ally, maybe the Greatest of them all, is finally giving serious thought to sending two aircraft carriers to the Middle East. That’s OK, Prime Minister Starmer, we don’t need them any longer — But we will remember. We don’t need people that join Wars after we’ve already won! President DONALD J. TRUMP"
@realDonaldTrump,2026-03-07 05:11,https://truthsocial.com/@realDonaldTrump/posts/116187586876366061,"Iran, which is being beat to HELL, has apologized and surrendered to its Middle East neighbors, and promised that it will not shoot at them anymore. This promise was only made because of the relentless U.S. and Israeli attack. They were looking to take over and rule the Middle East. It is the first time that Iran has ever lost, in thousands of years, to surrounding Middle Eastern Countries. They have said, “Thank you President Trump.” I have said, “You’re welcome!” Iran is no longer the “Bully of the Middle East,” they are, instead, “THE LOSER OF THE MIDDLE EAST,” and will be for many decades until they surrender or, more likely, completely collapse! Today Iran will be hit very hard! Under serious consideration for complete destruction and certain death, because of Iran’s bad behavior, are areas and groups of people that were not considered for targeting up until this moment in time. Thank you for your attention to this matter! President DONALD J. TRUMP Iran, which is being beat to HELL, has apologized and surrendered to its Middle East neighbors, and promised that it will not shoot at them anymore. This promise was only made because of the relentless U.S. and Israeli attack. They were looking to take over and rule the Middle East. It is the first time that Iran has ever lost, in thousands of years, to surrounding Middle Eastern Countries. They have said, “Thank you President Trump.” I have said, “You’re welcome!” Iran is no longer the “Bully of the Middle East,” they are, instead, “THE LOSER OF THE MIDDLE EAST,” and will be for many decades until they surrender or, more likely, completely collapse! Today Iran will be hit very hard! Under serious consideration for complete destruction and certain death, because of Iran’s bad behavior, are areas and groups of people that were not considered for targeting up until this moment in time. Thank you for your attention to this matter! President DONALD J. TRUMP"
@realDonaldTrump,2026-03-07 04:10,https://truthsocial.com/@realDonaldTrump/posts/116187346419235898,https://truthsocial.com/@realDonaldTrump/116162644396687602 https://truthsocial.com/@realDonaldTrump/116162644396687602
@realDonaldTrump,2026-03-06 20:27,https://truthsocial.com/@realDonaldTrump/posts/116185525145806002,https://vandenbergcoalition.org/mar_survey/ https://vandenbergcoalition.org/mar_survey/
@realDonaldTrump,2026-03-06 20:18,https://truthsocial.com/@realDonaldTrump/posts/116185492043628345,GREGG JARRETT: Democrat war powers vote was an unconstitutional way to halt Iran strikes: https://www.foxnews.com/opinion/gregg-jarrett-democrat-war-powers-vote-unconstitutional-way-halt-iran-strikes GREGG JARRETT: Democrat war powers vote was an unconstitutional way to halt Iran strikes: https://www.foxnews.com/opinion/gregg-jarrett-democrat-war-powers-vote-unconstitutional-way-halt-iran-strikes
@realDonaldTrump,2026-03-06 19:17,https://truthsocial.com/@realDonaldTrump/posts/116185253653403697,Men’s Gold Medal Hockey Team! Men’s Gold Medal Hockey Team!
@realDonaldTrump,2026-03-06 14:46,https://truthsocial.com/@realDonaldTrump/posts/116184185735585906,"We just concluded a very good meeting with the largest U.S. Defense Manufacturing Companies where we discussed Production and Production Schedules. They have agreed to quadruple Production of the “Exquisite Class” Weaponry in that we want to reach, as rapidly as possible, the highest levels of quantity. Expansion began three months prior to the meeting, and Plants and Production of many of these Weapons are already under way. We have a virtually unlimited supply of Medium and Upper Medium Grade Munitions, which we are using, as an example, in Iran, and recently used in Venezuela. Regardless, however, we have also increased Orders at these levels. The Companies represented were the CEOs of BAE Systems, Boeing, Honeywell Aerospace, L3Harris Missile Solutions, Lockheed Martin, Northrop Grumman, and Raytheon. The meeting concluded with another meeting scheduled in two months. States all over the Country are bidding for these new Plants. Thank you for your attention to this matter! President DONALD J. TRUMP We just concluded a very good meeting with the largest U.S. Defense Manufacturing Companies where we discussed Production and Production Schedules. They have agreed to quadruple Production of the “Exquisite Class” Weaponry in that we want to reach, as rapidly as possible, the highest levels of quantity. Expansion began three months prior to the meeting, and Plants and Production of many of these Weapons are already under way. We have a virtually unlimited supply of Medium and Upper Medium Grade Munitions, which we are using, as an example, in Iran, and recently used in Venezuela. Regardless, however, we have also increased Orders at these levels. The Companies represented were the CEOs of BAE Systems, Boeing, Honeywell Aerospace, L3Harris Missile Solutions, Lockheed Martin, Northrop Grumman, and Raytheon. The meeting concluded with another meeting scheduled in two months. States all over the Country are bidding for these new Plants. Thank you for your attention to this matter! President DONALD J. TRUMP"
@realDonaldTrump,2026-03-06 10:04,https://truthsocial.com/@realDonaldTrump/posts/116183077071476578,Ruddy: Trump Faces Down Biggest Fake News: https://www.newsmax.com/world/globaltalk/donald-trump-christopher-ruddy-munich/2026/02/12/id/1245975/ Ruddy: Trump Faces Down Biggest Fake News: https://www.newsmax.com/world/globaltalk/donald-trump-christopher-ruddy-munich/2026/02/12/id/1245975/
@realDonaldTrump,2026-03-06 10:04,https://truthsocial.com/@realDonaldTrump/posts/116183076016216866,https://www.justice.gov/opa/pr/justice-department-sues-harvard-university-withholding-race-related-admissions-documents https://www.justice.gov/opa/pr/justice-department-sues-harvard-university-withholding-race-related-admissions-documents
@realDonaldTrump,2026-03-06 10:03,https://truthsocial.com/@realDonaldTrump/posts/116183073116586511,U.S. Trade Deficit Nearly Cut in Half Since Liberation Day: https://www.breitbart.com/economy/2026/02/19/u-s-trade-deficit-nearly-cut-in-half-since-liberation-day/ U.S. Trade Deficit Nearly Cut in Half Since Liberation Day: https://www.breitbart.com/economy/2026/02/19/u-s-trade-deficit-nearly-cut-in-half-since-liberation-day/
@realDonaldTrump,2026-03-06 10:02,https://truthsocial.com/@realDonaldTrump/posts/116183070152538648,"White House Torches CNN, MS NOW for Not Broadcasting Trump’s Angel Family Day Ceremony: https://www.breitbart.com/politics/2026/02/23/white-house-torches-cnn-ms-now-for-not-broadcasting-trumps-angel-family-day-ceremony/ White House Torches CNN, MS NOW for Not Broadcasting Trump’s Angel Family Day Ceremony: https://www.breitbart.com/politics/2026/02/23/white-house-torches-cnn-ms-now-for-not-broadcasting-trumps-angel-family-day-ceremony/"
@realDonaldTrump,2026-03-06 10:02,https://truthsocial.com/@realDonaldTrump/posts/116183069134046672,Trump declares National Angel Family Day for illegal immigrants’ victims: https://www.washingtonexaminer.com/news/white-house/4465340/trump-national-angel-family-day-illegal-immigration-laken-riley/ Trump declares National Angel Family Day for illegal immigrants’ victims: https://www.washingtonexaminer.com/news/white-house/4465340/trump-national-angel-family-day-illegal-immigration-laken-riley/
@realDonaldTrump,2026-03-06 10:02,https://truthsocial.com/@realDonaldTrump/posts/116183067945192625,Georgia Full-Line Steel Service Center President Says Trump’s Tariffs Saved Business: https://www.breitbart.com/politics/2026/02/20/georgia-full-line-steel-service-center-president-says-trumps-tariffs-saved-business/ Georgia Full-Line Steel Service Center President Says Trump’s Tariffs Saved Business: https://www.breitbart.com/politics/2026/02/20/georgia-full-line-steel-service-center-president-says-trumps-tariffs-saved-business/
@realDonaldTrump,2026-03-06 10:01,https://truthsocial.com/@realDonaldTrump/posts/116183066623288188,"Trump honors Laken Riley, other illegal migrant crime victims at 'Angel Family Day' event: https://foxbaltimore.com/news/nation-world/trump-to-honor-laken-riley-other-crime-victims-in-angel-family-day-signing-proclamation-illegal-migrants-crime-kayla-hamilton-rachel-morin-katie-abraham-homan-noem-state-of-the-union Trump honors Laken Riley, other illegal migrant crime victims at 'Angel Family Day' event: https://foxbaltimore.com/news/nation-world/trump-to-honor-laken-riley-other-crime-victims-in-angel-family-day-signing-proclamation-illegal-migrants-crime-kayla-hamilton-rachel-morin-katie-abraham-homan-noem-state-of-the-union"
@realDonaldTrump,2026-03-06 10:01,https://truthsocial.com/@realDonaldTrump/posts/116183063685022383,EXCLUSIVE: Trump Celebrates Milestone in Serving Veterans: https://www.dailysignal.com/2026/02/23/exclusive-trump-celebrates-milestone-serving-veterans/ EXCLUSIVE: Trump Celebrates Milestone in Serving Veterans: https://www.dailysignal.com/2026/02/23/exclusive-trump-celebrates-milestone-serving-veterans/
@realDonaldTrump,2026-03-06 09:59,https://truthsocial.com/@realDonaldTrump/posts/116183059398944254,"Stephen Moore: “New Unleash Prosperity study: 401(k) balance under Trump saw an inflation-adjusted gain of $20,700 (15.1%) for American workers By contrast, during the four years of the Biden administration, the average 401(k) saw a crushing $24,800 real loss (-15.3%). Aggregate 401(k) balances topped $10 trillion for the first time in history, signaling a broad-based recovery from the Biden slump. Six out 10 Americans have IRA or 401k accounts.” Stephen Moore: “New Unleash Prosperity study: 401(k) balance under Trump saw an inflation-adjusted gain of $20,700 (15.1%) for American workers By contrast, during the four years of the Biden administration, the average 401(k) saw a crushing $24,800 real loss (-15.3%). Aggregate 401(k) balances topped $10 trillion for the first time in history, signaling a broad-based recovery from the Biden slump. Six out 10 Americans have IRA or 401k accounts.”"
@realDonaldTrump,2026-03-06 09:08,https://truthsocial.com/@realDonaldTrump/posts/116182858456252484,"We are moving thousands of people out of various Countries throughout the Middle East. It is being done quietly, but seamlessly. The State Department, under Secretary Marco Rubio, is doing a great job! President DONALD J. TRUMP We are moving thousands of people out of various Countries throughout the Middle East. It is being done quietly, but seamlessly. The State Department, under Secretary Marco Rubio, is doing a great job! President DONALD J. TRUMP"
@realDonaldTrump,2026-03-06 08:51,https://truthsocial.com/@realDonaldTrump/posts/116182789967579091,"Trump calls Bill Maher a 'jerk,' adding that dinner with him was 'a total waste of time': https://kutv.com/news/nation-world/trump-calls-bill-maher-a-jerk-adding-that-dinner-with-him-was-a-total-waste-of-time-politics-real-time-host-hbo-show Trump calls Bill Maher a 'jerk,' adding that dinner with him was 'a total waste of time': https://kutv.com/news/nation-world/trump-calls-bill-maher-a-jerk-adding-that-dinner-with-him-was-a-total-waste-of-time-politics-real-time-host-hbo-show"
@realDonaldTrump,2026-03-06 08:50,https://truthsocial.com/@realDonaldTrump/posts/116182787199648959,Trump slams Bill Maher in Truth Social post as ‘extremely nervous’ with ‘ZERO confidence in himself’: https://nypost.com/2026/02/14/us-news/trump-slams-bill-maher-in-truth-social-post-as-extremely-nervous-zero-confidence-in-himself/ Trump slams Bill Maher in Truth Social post as ‘extremely nervous’ with ‘ZERO confidence in himself’: https://nypost.com/2026/02/14/us-news/trump-slams-bill-maher-in-truth-social-post-as-extremely-nervous-zero-confidence-in-himself/
@realDonaldTrump,2026-03-06 08:50,https://truthsocial.com/@realDonaldTrump/posts/116182784868917876,'Overrated LIGHTWEIGHT': Trump roasts famous TDS-ridden TV host in Valentine's Day morning message: https://www.theblaze.com/news/overrated-lightweight-trump-roasts-famous-tds-ridden-tv-host-in-valentine-s-day-morning-message 'Overrated LIGHTWEIGHT': Trump roasts famous TDS-ridden TV host in Valentine's Day morning message: https://www.theblaze.com/news/overrated-lightweight-trump-roasts-famous-tds-ridden-tv-host-in-valentine-s-day-morning-message
@realDonaldTrump,2026-03-06 08:49,https://truthsocial.com/@realDonaldTrump/posts/116182783561396898,"Trump Slams Bill Maher as a ‘Highly Overrated Lightweight’ and Calls Their White House Dinner a ‘Complete Waste of Time’: ‘He Is No Different Than Kimmel, Fallon, or Colbert’: https://variety.com/2026/tv/news/trump-bill-maher-white-house-dinner-waste-of-time-1236663505/ Trump Slams Bill Maher as a ‘Highly Overrated Lightweight’ and Calls Their White House Dinner a ‘Complete Waste of Time’: ‘He Is No Different Than Kimmel, Fallon, or Colbert’: https://variety.com/2026/tv/news/trump-bill-maher-white-house-dinner-waste-of-time-1236663505/"
@realDonaldTrump,2026-03-06 08:49,https://truthsocial.com/@realDonaldTrump/posts/116182782234801440,"Donald Trump Rages At Bill Maher, Says “It Was A Total Waste Of Time For Me To Have This Jerk At The White House”: https://deadline.com/2026/02/trump-bill-maher-white-house-dinner-1236724910/ Donald Trump Rages At Bill Maher, Says “It Was A Total Waste Of Time For Me To Have This Jerk At The White House”: https://deadline.com/2026/02/trump-bill-maher-white-house-dinner-1236724910/"
@realDonaldTrump,2026-03-06 08:49,https://truthsocial.com/@realDonaldTrump/posts/116182780764441930,Trump Breaks Up With Bill Maher On Valentine's Day: https://www.huffpost.com/entry/trump-breaks-up-with-bill-maher-on-valentines-day_n_6990b5eee4b0d24cb0c47b58 Trump Breaks Up With Bill Maher On Valentine's Day: https://www.huffpost.com/entry/trump-breaks-up-with-bill-maher-on-valentines-day_n_6990b5eee4b0d24cb0c47b58
@realDonaldTrump,2026-03-05 18:09,https://truthsocial.com/@realDonaldTrump/posts/116179321036412853,"The wonderful Lou Holtz passed away yesterday, so sad. Lou was an absolute WINNER both on and off the field. Not only did he spearhead Notre Dame’s HISTORIC undefeated season in 1988 (including the legendary 31-30 “Catholics v. Convicts” Victory against Miami), he raised Millions upon Millions for struggling student-athletes, and the AMAZING University of Notre Dame (Go Irish!). He was also a true American Patriot, supporting me through thick and thin, and consistently speaking out against Democrat Insanity, including “Transgender for Everybody,” and the Illegal Alien Invasion. It is for all this incredible work that I gave Lou Holtz our Nation’s Highest Civilian Honor, the Presidential Medal of Freedom. Rest in Peace, Lou. Because of Patriots like you, we have made America GREAT AGAIN! President DONALD J. TRUMP The wonderful Lou Holtz passed away yesterday, so sad. Lou was an absolute WINNER both on and off the field. Not only did he spearhead Notre Dame’s HISTORIC undefeated season in 1988 (including the legendary 31-30 “Catholics v. Convicts” Victory against Miami), he raised Millions upon Millions for struggling student-athletes, and the AMAZING University of Notre Dame (Go Irish!). He was also a true American Patriot, supporting me through thick and thin, and consistently speaking out against Democrat Insanity, including “Transgender for Everybody,” and the Illegal Alien Invasion. It is for all this incredible work that I gave Lou Holtz our Nation’s Highest Civilian Honor, the Presidential Medal of Freedom. Rest in Peace, Lou. Because of Patriots like you, we have made America GREAT AGAIN! President DONALD J. TRUMP"
@realDonaldTrump,2026-03-05 12:41,https://truthsocial.com/@realDonaldTrump/posts/116178030946996760,"I am pleased to announce that the Highly Respected United States Senator from the Great State of Oklahoma, Markwayne Mullin, will become the United States Secretary of Homeland Security (DHS), effective March 31, 2026. The current Secretary, Kristi Noem, who has served us well, and has had numerous and spectacular results (especially on the Border!), will be moving to be Special Envoy for The Shield of the Americas, our new Security Initiative in the Western Hemisphere we are announcing on Saturday in Doral, Florida. I thank Kristi for her service at “Homeland.” Serving 10 years in the United States House of Representatives, and 3 in the Senate, Markwayne has done a tremendous job representing the wonderful People of Oklahoma, where I won all 77 out of 77 Counties — in 2016, 2020, and 2024! A MAGA Warrior, and former undefeated professional MMA fighter, Markwayne truly gets along well with people, and knows the Wisdom and Courage required to Advance our America First Agenda. As the only Native American in the Senate, Markwayne is a fantastic advocate for our incredible Tribal Communities. Markwayne will work tirelessly to Keep our Border Secure, Stop Migrant Crime, Murderers, and other Criminals from illegally entering our Country, End the Scourge of Illegal Drugs and, MAKE AMERICA SAFE AGAIN. Markwayne will make a spectacular Secretary of Homeland Security. Thank you for your attention to this matter! PRESIDENT DONALD J. TRUMP I am pleased to announce that the Highly Respected United States Senator from the Great State of Oklahoma, Markwayne Mullin, will become the United States Secretary of Homeland Security (DHS), effective March 31, 2026. The current Secretary, Kristi Noem, who has served us well, and has had numerous and spectacular results (especially on the Border!), will be moving to be Special Envoy for The Shield of the Americas, our new Security Initiative in the Western Hemisphere we are announcing on Saturday in Doral, Florida. I thank Kristi for her service at “Homeland.” Serving 10 years in the United States House of Representatives, and 3 in the Senate, Markwayne has done a tremendous job representing the wonderful People of Oklahoma, where I won all 77 out of 77 Counties — in 2016, 2020, and 2024! A MAGA Warrior, and former undefeated professional MMA fighter, Markwayne truly gets along well with people, and knows the Wisdom and Courage required to Advance our America First Agenda. As the only Native American in the Senate, Markwayne is a fantastic advocate for our incredible Tribal Communities. Markwayne will work tirelessly to Keep our Border Secure, Stop Migrant Crime, Murderers, and other Criminals from illegally entering our Country, End the Scourge of Illegal Drugs and, MAKE AMERICA SAFE AGAIN. Markwayne will make a spectacular Secretary of Homeland Security. Thank you for your attention to this matter! PRESIDENT DONALD J. TRUMP"
@realDonaldTrump,2026-03-05 12:17,https://truthsocial.com/@realDonaldTrump/posts/116177938351998839,"Trump, Zeldin roll back Obama-era climate change rule — cite savings of more than $3,800 per American: https://nypost.com/2026/02/12/us-news/trump-lee-zeldin-announce-largest-deregulatory-action-in-american-history/ Trump, Zeldin roll back Obama-era climate change rule — cite savings of more than $3,800 per American: https://nypost.com/2026/02/12/us-news/trump-lee-zeldin-announce-largest-deregulatory-action-in-american-history/"
@realDonaldTrump,2026-03-05 11:03,https://truthsocial.com/@realDonaldTrump/posts/116177647347721084,President Trump pardons Hall of Famer Joe Klecko and four other former NFL players: https://www.nytimes.com/athletic/7043795/2026/02/13/trump-pardons-nfl-players-klecko-newton-lewis-henry-cannon/ President Trump pardons Hall of Famer Joe Klecko and four other former NFL players: https://www.nytimes.com/athletic/7043795/2026/02/13/trump-pardons-nfl-players-klecko-newton-lewis-henry-cannon/
@realDonaldTrump,2026-03-05 11:03,https://truthsocial.com/@realDonaldTrump/posts/116177646053391538,EXCLUSIVE: Trump Removes Barriers to Building Infrastructure in States: https://amac.us/newsline/politics/exclusive-trump-removes-barriers-to-building-infrastructure-in-states/ EXCLUSIVE: Trump Removes Barriers to Building Infrastructure in States: https://amac.us/newsline/politics/exclusive-trump-removes-barriers-to-building-infrastructure-in-states/
@realDonaldTrump,2026-03-05 11:02,https://truthsocial.com/@realDonaldTrump/posts/116177644896153938,Midterm's Lesson: Use Blakeman-Trump Model for Victory: https://www.newsmax.com/mclaughlin/schumer-jeffries-mamdani/2025/11/14/id/1234569/ Midterm's Lesson: Use Blakeman-Trump Model for Victory: https://www.newsmax.com/mclaughlin/schumer-jeffries-mamdani/2025/11/14/id/1234569/
@realDonaldTrump,2026-03-05 10:59,https://truthsocial.com/@realDonaldTrump/posts/116177631885804964,U.S. Justice Department hangs banner of Donald Trump at headquarters: https://www.ft.com/content/6eca9b40-a775-470f-83f0-a6f72e616230 U.S. Justice Department hangs banner of Donald Trump at headquarters: https://www.ft.com/content/6eca9b40-a775-470f-83f0-a6f72e616230
@realDonaldTrump,2026-03-05 10:57,https://truthsocial.com/@realDonaldTrump/posts/116177621970316306,"NYC Hospital Halts Sex Changes for Minors, Citing Pressure from Trump Admin: https://www.breitbart.com/politics/2026/02/19/nyc-hospital-halts-sex-changes-minors-citing-pressure-trump-admin/ NYC Hospital Halts Sex Changes for Minors, Citing Pressure from Trump Admin: https://www.breitbart.com/politics/2026/02/19/nyc-hospital-halts-sex-changes-minors-citing-pressure-trump-admin/"
@realDonaldTrump,2026-03-05 10:56,https://truthsocial.com/@realDonaldTrump/posts/116177620612203379,Fine Arts Commission gives Trump’s ballroom the green light: https://nypost.com/2026/02/19/us-news/fine-arts-commission-gives-trumps-ballroom-the-green-light/ Fine Arts Commission gives Trump’s ballroom the green light: https://nypost.com/2026/02/19/us-news/fine-arts-commission-gives-trumps-ballroom-the-green-light/
@realDonaldTrump,2026-03-05 10:55,https://truthsocial.com/@realDonaldTrump/posts/116177616682804114,"‘The Golden Era’: Trump touts $18T investment, steel revival in North Georgia: https://www.fox5atlanta.com/news/president-donald-trump-rome-economy-elections-mtg ‘The Golden Era’: Trump touts $18T investment, steel revival in North Georgia: https://www.fox5atlanta.com/news/president-donald-trump-rome-economy-elections-mtg"
@realDonaldTrump,2026-03-05 08:44,https://truthsocial.com/@realDonaldTrump/posts/116177101048442216,"The Republicans MUST DO, with PASSION, and at the expense of everything else, THE SAVE AMERICA ACT - And not the watered down version. This is a Country Defining fight for the Soul of our Nation! The Republicans MUST DO, with PASSION, and at the expense of everything else, THE SAVE AMERICA ACT - And not the watered down version. This is a Country Defining fight for the Soul of our Nation!"
@realDonaldTrump,2026-03-05 08:35,https://truthsocial.com/@realDonaldTrump/posts/116177065488835367,Melania Trump makes history presiding over UN Security Council — remarking on Iran war deaths: https://nypost.com/2026/03/02/us-news/melania-trump-makes-history-presiding-over-un-security-council-acknowledges-challenging-times/ Melania Trump makes history presiding over UN Security Council — remarking on Iran war deaths: https://nypost.com/2026/03/02/us-news/melania-trump-makes-history-presiding-over-un-security-council-acknowledges-challenging-times/
@realDonaldTrump,2026-03-04 22:48,https://truthsocial.com/@realDonaldTrump/posts/116174758696408802,Thank you to our great NATO Secretary General! President DJT Thank you to our great NATO Secretary General! President DJT
@realDonaldTrump,2026-03-04 22:48,https://truthsocial.com/@realDonaldTrump/posts/116174757064824630,NATO Chief Rutte to Newsmax: Trump's Iran Mission Has Broad Allied Support: https://www.newsmax.com/newsmax-tv/nato-chief-rutte-to-newsmax-trumps-iran-mission-has-broad-allied-support/2026/03/04/id/1248354/ NATO Chief Rutte to Newsmax: Trump's Iran Mission Has Broad Allied Support: https://www.newsmax.com/newsmax-tv/nato-chief-rutte-to-newsmax-trumps-iran-mission-has-broad-allied-support/2026/03/04/id/1248354/
@realDonaldTrump,2026-03-04 19:07,https://truthsocial.com/@realDonaldTrump/posts/116173889537109343,Miranda Devine: Trump debunking Al Gore’s climate fears has made the world a better place: https://nypost.com/2026/02/11/opinion/trump-administration-debunking-al-gores-climate-fears-made-the-world-a-better-place/ Miranda Devine: Trump debunking Al Gore’s climate fears has made the world a better place: https://nypost.com/2026/02/11/opinion/trump-administration-debunking-al-gores-climate-fears-made-the-world-a-better-place/
@realDonaldTrump,2026-03-04 15:48,https://truthsocial.com/@realDonaldTrump/posts/116173104270478609,Trump and Amb. Grenell Launch $257M Fast-Tracked Restoration of Trump Kennedy Center After Years of Neglect: https://www.breitbart.com/entertainment/2026/02/02/trump-grenell-launch-257m-fast-tracked-restoration-trump-kennedy-center/ Trump and Amb. Grenell Launch $257M Fast-Tracked Restoration of Trump Kennedy Center After Years of Neglect: https://www.breitbart.com/entertainment/2026/02/02/trump-grenell-launch-257m-fast-tracked-restoration-trump-kennedy-center/
@realDonaldTrump,2026-03-04 15:25,https://truthsocial.com/@realDonaldTrump/posts/116173013617427739,"Trump Honored on Behalf of Coal Miners as ‘Undisputed Champion of Beautiful, Clean Coal’: https://www.breitbart.com/politics/2026/02/11/ttrump-honored-on-behalf-of-coal-miners-as-undisputed-champion-of-beautiful-clean-coal/ Trump Honored on Behalf of Coal Miners as ‘Undisputed Champion of Beautiful, Clean Coal’: https://www.breitbart.com/politics/2026/02/11/ttrump-honored-on-behalf-of-coal-miners-as-undisputed-champion-of-beautiful-clean-coal/"
@realDonaldTrump,2026-03-04 14:09,https://truthsocial.com/@realDonaldTrump/posts/116172714486213504,"Delcy Rodríguez, who is the President of Venezuela, is doing a great job, and working with U.S. Representatives very well. The Oil is beginning to flow, and the professionalism and dedication between both Countries is a very nice thing to see! President DONALD J. TRUMP Delcy Rodríguez, who is the President of Venezuela, is doing a great job, and working with U.S. Representatives very well. The Oil is beginning to flow, and the professionalism and dedication between both Countries is a very nice thing to see! President DONALD J. TRUMP"
@realDonaldTrump,2026-03-04 12:14,https://truthsocial.com/@realDonaldTrump/posts/116172264831357045,"The Republican Primary Race for the United States Senate in the Great State of Texas, a State I LOVE and won 3 times in Record Numbers (the HIGHEST vote ever recorded, by far!!!), cannot, for the good of the Party, and our Country, itself, be allowed to go on any longer. IT MUST STOP NOW! We have an easy to beat, Radical Left Opponent, and we have to TOTALLY FOCUS on putting him away, quickly and decisively! Both John and Ken ran great races, but not good enough. Now, this one, must be PERFECT! My Endorsements within the Republican Party have been virtually insurmountable! It is such an honor to realize and say that almost everyone I Endorse WINS, and wins by a lot, especially in Texas! I will be making my Endorsement soon, and will be asking the candidate that I don’t Endorse to immediately DROP OUT OF THE RACE! Is that fair? We must win in November!!! Thank you for your attention to this matter. President DONALD J. TRUMP The Republican Primary Race for the United States Senate in the Great State of Texas, a State I LOVE and won 3 times in Record Numbers (the HIGHEST vote ever recorded, by far!!!), cannot, for the good of the Party, and our Country, itself, be allowed to go on any longer. IT MUST STOP NOW! We have an easy to beat, Radical Left Opponent, and we have to TOTALLY FOCUS on putting him away, quickly and decisively! Both John and Ken ran great races, but not good enough. Now, this one, must be PERFECT! My Endorsements within the Republican Party have been virtually insurmountable! It is such an honor to realize and say that almost everyone I Endorse WINS, and wins by a lot, especially in Texas! I will be making my Endorsement soon, and will be asking the candidate that I don’t Endorse to immediately DROP OUT OF THE RACE! Is that fair? We must win in November!!! Thank you for your attention to this matter. President DONALD J. TRUMP"
@realDonaldTrump,2026-03-04 07:53,https://truthsocial.com/@realDonaldTrump/posts/116171235839468788,"House Oversight Committee concludes Tim Walz' administration knew of fraud, failed to act: https://justthenews.com/government/congress/5amoversight-committee-concludes-tim-walz-administration-knew-fraud-failed-act House Oversight Committee concludes Tim Walz' administration knew of fraud, failed to act: https://justthenews.com/government/congress/5amoversight-committee-concludes-tim-walz-administration-knew-fraud-failed-act"
@realDonaldTrump,2026-03-04 07:52,https://truthsocial.com/@realDonaldTrump/posts/116171232642021554,Bill Pulte Highlights How Falling Mortgage Rates Are Restoring Buyer Confidence: https://justthenews.com/videos/bill-pulte-highlights-how-falling-mortgage-rates-are-restoring-buyer-confidence Bill Pulte Highlights How Falling Mortgage Rates Are Restoring Buyer Confidence: https://justthenews.com/videos/bill-pulte-highlights-how-falling-mortgage-rates-are-restoring-buyer-confidence
